match_rank,real_name,sim_lens_id,sim_filename_base,match_score,theta_e_sim,z_lens_sim,z_source_sim,mag_sim
1,COSJ095846+020304,98,cosmos_lens_000098,1.7387304807880168,0.374372077625477,0.3,1.06435840316254,19.086261716898104
2,COSJ095846+020304,42,cosmos_lens_000042,1.937218245425547,0.5165236197167611,0.3,1.120694625708786,21.492863769968597
3,COSJ095846+020304,92,cosmos_lens_000092,2.1688564043058194,0.3293324585592724,0.5195,1.320023945746547,21.867019855764593
1,COSJ095847+015837,98,cosmos_lens_000098,1.7387304807880168,0.374372077625477,0.3,1.06435840316254,19.086261716898104
2,COSJ095847+015837,42,cosmos_lens_000042,1.937218245425547,0.5165236197167611,0.3,1.120694625708786,21.492863769968597
3,COSJ095847+015837,92,cosmos_lens_000092,2.1688564043058194,0.3293324585592724,0.5195,1.320023945746547,21.867019855764593
1,COSJ095852+020258,98,cosmos_lens_000098,1.7387304807880168,0.374372077625477,0.3,1.06435840316254,19.086261716898104
2,COSJ095852+020258,42,cosmos_lens_000042,1.937218245425547,0.5165236197167611,0.3,1.120694625708786,21.492863769968597
3,COSJ095852+020258,92,cosmos_lens_000092,2.1688564043058194,0.3293324585592724,0.5195,1.320023945746547,21.867019855764593
1,COSJ095853+020707,98,cosmos_lens_000098,1.7387304807880168,0.374372077625477,0.3,1.06435840316254,19.086261716898104
2,COSJ095853+020707,42,cosmos_lens_000042,1.937218245425547,0.5165236197167611,0.3,1.120694625708786,21.492863769968597
3,COSJ095853+020707,92,cosmos_lens_000092,2.1688564043058194,0.3293324585592724,0.5195,1.320023945746547,21.867019855764593
1,COSJ095855+015828,98,cosmos_lens_000098,1.7387304807880168,0.374372077625477,0.3,1.06435840316254,19.086261716898104
2,COSJ095855+015828,42,cosmos_lens_000042,1.937218245425547,0.5165236197167611,0.3,1.120694625708786,21.492863769968597
3,COSJ095855+015828,92,cosmos_lens_000092,2.1688564043058194,0.3293324585592724,0.5195,1.320023945746547,21.867019855764593
1,COSJ095856+015821,98,cosmos_lens_000098,1.7387304807880168,0.374372077625477,0.3,1.06435840316254,19.086261716898104
2,COSJ095856+015821,42,cosmos_lens_000042,1.937218245425547,0.5165236197167611,0.3,1.120694625708786,21.492863769968597
3,COSJ095856+015821,92,cosmos_lens_000092,2.1688564043058194,0.3293324585592724,0.5195,1.320023945746547,21.867019855764593
1,COSJ095857+020404,98,cosmos_lens_000098,1.7387304807880168,0.374372077625477,0.3,1.06435840316254,19.086261716898104
2,COSJ095857+020404,42,cosmos_lens_000042,1.937218245425547,0.5165236197167611,0.3,1.120694625708786,21.492863769968597
3,COSJ095857+020404,92,cosmos_lens_000092,2.1688564043058194,0.3293324585592724,0.5195,1.320023945746547,21.867019855764593
1,COSJ095857+021007,98,cosmos_lens_000098,1.7387304807880168,0.374372077625477,0.3,1.06435840316254,19.086261716898104
2,COSJ095857+021007,42,cosmos_lens_000042,1.937218245425547,0.5165236197167611,0.3,1.120694625708786,21.492863769968597
3,COSJ095857+021007,92,cosmos_lens_000092,2.1688564043058194,0.3293324585592724,0.5195,1.320023945746547,21.867019855764593
1,COSJ095858+020529,98,cosmos_lens_000098,1.7387304807880168,0.374372077625477,0.3,1.06435840316254,19.086261716898104
2,COSJ095858+020529,42,cosmos_lens_000042,1.937218245425547,0.5165236197167611,0.3,1.120694625708786,21.492863769968597
3,COSJ095858+020529,92,cosmos_lens_000092,2.1688564043058194,0.3293324585592724,0.5195,1.320023945746547,21.867019855764593
1,COSJ095903+021139,98,cosmos_lens_000098,1.7387304807880168,0.374372077625477,0.3,1.06435840316254,19.086261716898104
2,COSJ095903+021139,42,cosmos_lens_000042,1.937218245425547,0.5165236197167611,0.3,1.120694625708786,21.492863769968597
3,COSJ095903+021139,92,cosmos_lens_000092,2.1688564043058194,0.3293324585592724,0.5195,1.320023945746547,21.867019855764593
1,COSJ095905+021026,98,cosmos_lens_000098,1.7387304807880168,0.374372077625477,0.3,1.06435840316254,19.086261716898104
2,COSJ095905+021026,42,cosmos_lens_000042,1.937218245425547,0.5165236197167611,0.3,1.120694625708786,21.492863769968597
3,COSJ095905+021026,92,cosmos_lens_000092,2.1688564043058194,0.3293324585592724,0.5195,1.320023945746547,21.867019855764593
1,COSJ095908+020157,98,cosmos_lens_000098,1.7387304807880168,0.374372077625477,0.3,1.06435840316254,19.086261716898104
2,COSJ095908+020157,42,cosmos_lens_000042,1.937218245425547,0.5165236197167611,0.3,1.120694625708786,21.492863769968597
3,COSJ095908+020157,92,cosmos_lens_000092,2.1688564043058194,0.3293324585592724,0.5195,1.320023945746547,21.867019855764593
1,COSJ095908+021435,98,cosmos_lens_000098,1.7387304807880168,0.374372077625477,0.3,1.06435840316254,19.086261716898104
2,COSJ095908+021435,42,cosmos_lens_000042,1.937218245425547,0.5165236197167611,0.3,1.120694625708786,21.492863769968597
3,COSJ095908+021435,92,cosmos_lens_000092,2.1688564043058194,0.3293324585592724,0.5195,1.320023945746547,21.867019855764593
1,COSJ095908+021559,98,cosmos_lens_000098,1.7387304807880168,0.374372077625477,0.3,1.06435840316254,19.086261716898104
2,COSJ095908+021559,42,cosmos_lens_000042,1.937218245425547,0.5165236197167611,0.3,1.120694625708786,21.492863769968597
3,COSJ095908+021559,92,cosmos_lens_000092,2.1688564043058194,0.3293324585592724,0.5195,1.320023945746547,21.867019855764593
1,COSJ095910+020058,98,cosmos_lens_000098,1.7387304807880168,0.374372077625477,0.3,1.06435840316254,19.086261716898104
2,COSJ095910+020058,42,cosmos_lens_000042,1.937218245425547,0.5165236197167611,0.3,1.120694625708786,21.492863769968597
3,COSJ095910+020058,92,cosmos_lens_000092,2.1688564043058194,0.3293324585592724,0.5195,1.320023945746547,21.867019855764593
1,COSJ095910+020937,98,cosmos_lens_000098,1.7387304807880168,0.374372077625477,0.3,1.06435840316254,19.086261716898104
2,COSJ095910+020937,42,cosmos_lens_000042,1.937218245425547,0.5165236197167611,0.3,1.120694625708786,21.492863769968597
3,COSJ095910+020937,92,cosmos_lens_000092,2.1688564043058194,0.3293324585592724,0.5195,1.320023945746547,21.867019855764593
1,COSJ095910+021709,98,cosmos_lens_000098,1.7387304807880168,0.374372077625477,0.3,1.06435840316254,19.086261716898104
2,COSJ095910+021709,42,cosmos_lens_000042,1.937218245425547,0.5165236197167611,0.3,1.120694625708786,21.492863769968597
3,COSJ095910+021709,92,cosmos_lens_000092,2.1688564043058194,0.3293324585592724,0.5195,1.320023945746547,21.867019855764593
1,COSJ095912+020033,98,cosmos_lens_000098,1.7387304807880168,0.374372077625477,0.3,1.06435840316254,19.086261716898104
2,COSJ095912+020033,42,cosmos_lens_000042,1.937218245425547,0.5165236197167611,0.3,1.120694625708786,21.492863769968597
3,COSJ095912+020033,92,cosmos_lens_000092,2.1688564043058194,0.3293324585592724,0.5195,1.320023945746547,21.867019855764593
1,COSJ095912+020656,98,cosmos_lens_000098,1.7387304807880168,0.374372077625477,0.3,1.06435840316254,19.086261716898104
2,COSJ095912+020656,42,cosmos_lens_000042,1.937218245425547,0.5165236197167611,0.3,1.120694625708786,21.492863769968597
3,COSJ095912+020656,92,cosmos_lens_000092,2.1688564043058194,0.3293324585592724,0.5195,1.320023945746547,21.867019855764593
1,COSJ095912+020750,98,cosmos_lens_000098,1.7387304807880168,0.374372077625477,0.3,1.06435840316254,19.086261716898104
2,COSJ095912+020750,42,cosmos_lens_000042,1.937218245425547,0.5165236197167611,0.3,1.120694625708786,21.492863769968597
3,COSJ095912+020750,92,cosmos_lens_000092,2.1688564043058194,0.3293324585592724,0.5195,1.320023945746547,21.867019855764593
1,COSJ095912+020751,98,cosmos_lens_000098,1.7387304807880168,0.374372077625477,0.3,1.06435840316254,19.086261716898104
2,COSJ095912+020751,42,cosmos_lens_000042,1.937218245425547,0.5165236197167611,0.3,1.120694625708786,21.492863769968597
3,COSJ095912+020751,92,cosmos_lens_000092,2.1688564043058194,0.3293324585592724,0.5195,1.320023945746547,21.867019855764593
1,COSJ095913+015448,98,cosmos_lens_000098,1.7387304807880168,0.374372077625477,0.3,1.06435840316254,19.086261716898104
2,COSJ095913+015448,42,cosmos_lens_000042,1.937218245425547,0.5165236197167611,0.3,1.120694625708786,21.492863769968597
3,COSJ095913+015448,92,cosmos_lens_000092,2.1688564043058194,0.3293324585592724,0.5195,1.320023945746547,21.867019855764593
1,COSJ095913+021702,98,cosmos_lens_000098,1.7387304807880168,0.374372077625477,0.3,1.06435840316254,19.086261716898104
2,COSJ095913+021702,42,cosmos_lens_000042,1.937218245425547,0.5165236197167611,0.3,1.120694625708786,21.492863769968597
3,COSJ095913+021702,92,cosmos_lens_000092,2.1688564043058194,0.3293324585592724,0.5195,1.320023945746547,21.867019855764593
1,COSJ095914+015947,98,cosmos_lens_000098,1.7387304807880168,0.374372077625477,0.3,1.06435840316254,19.086261716898104
2,COSJ095914+015947,42,cosmos_lens_000042,1.937218245425547,0.5165236197167611,0.3,1.120694625708786,21.492863769968597
3,COSJ095914+015947,92,cosmos_lens_000092,2.1688564043058194,0.3293324585592724,0.5195,1.320023945746547,21.867019855764593
1,COSJ095914+021219,98,cosmos_lens_000098,1.7387304807880168,0.374372077625477,0.3,1.06435840316254,19.086261716898104
2,COSJ095914+021219,42,cosmos_lens_000042,1.937218245425547,0.5165236197167611,0.3,1.120694625708786,21.492863769968597
3,COSJ095914+021219,92,cosmos_lens_000092,2.1688564043058194,0.3293324585592724,0.5195,1.320023945746547,21.867019855764593
1,COSJ095914+021358,98,cosmos_lens_000098,1.7387304807880168,0.374372077625477,0.3,1.06435840316254,19.086261716898104
2,COSJ095914+021358,42,cosmos_lens_000042,1.937218245425547,0.5165236197167611,0.3,1.120694625708786,21.492863769968597
3,COSJ095914+021358,92,cosmos_lens_000092,2.1688564043058194,0.3293324585592724,0.5195,1.320023945746547,21.867019855764593
1,COSJ095916+021850,98,cosmos_lens_000098,1.7387304807880168,0.374372077625477,0.3,1.06435840316254,19.086261716898104
2,COSJ095916+021850,42,cosmos_lens_000042,1.937218245425547,0.5165236197167611,0.3,1.120694625708786,21.492863769968597
3,COSJ095916+021850,92,cosmos_lens_000092,2.1688564043058194,0.3293324585592724,0.5195,1.320023945746547,21.867019855764593
1,COSJ095916+022021,98,cosmos_lens_000098,1.7387304807880168,0.374372077625477,0.3,1.06435840316254,19.086261716898104
2,COSJ095916+022021,42,cosmos_lens_000042,1.937218245425547,0.5165236197167611,0.3,1.120694625708786,21.492863769968597
3,COSJ095916+022021,92,cosmos_lens_000092,2.1688564043058194,0.3293324585592724,0.5195,1.320023945746547,21.867019855764593
1,COSJ095917+015424,98,cosmos_lens_000098,1.7387304807880168,0.374372077625477,0.3,1.06435840316254,19.086261716898104
2,COSJ095917+015424,42,cosmos_lens_000042,1.937218245425547,0.5165236197167611,0.3,1.120694625708786,21.492863769968597
3,COSJ095917+015424,92,cosmos_lens_000092,2.1688564043058194,0.3293324585592724,0.5195,1.320023945746547,21.867019855764593
1,COSJ095917+020626,98,cosmos_lens_000098,1.7387304807880168,0.374372077625477,0.3,1.06435840316254,19.086261716898104
2,COSJ095917+020626,42,cosmos_lens_000042,1.937218245425547,0.5165236197167611,0.3,1.120694625708786,21.492863769968597
3,COSJ095917+020626,92,cosmos_lens_000092,2.1688564043058194,0.3293324585592724,0.5195,1.320023945746547,21.867019855764593
1,COSJ095917+021629,98,cosmos_lens_000098,1.7387304807880168,0.374372077625477,0.3,1.06435840316254,19.086261716898104
2,COSJ095917+021629,42,cosmos_lens_000042,1.937218245425547,0.5165236197167611,0.3,1.120694625708786,21.492863769968597
3,COSJ095917+021629,92,cosmos_lens_000092,2.1688564043058194,0.3293324585592724,0.5195,1.320023945746547,21.867019855764593
1,COSJ095917+021725,98,cosmos_lens_000098,1.7387304807880168,0.374372077625477,0.3,1.06435840316254,19.086261716898104
2,COSJ095917+021725,42,cosmos_lens_000042,1.937218245425547,0.5165236197167611,0.3,1.120694625708786,21.492863769968597
3,COSJ095917+021725,92,cosmos_lens_000092,2.1688564043058194,0.3293324585592724,0.5195,1.320023945746547,21.867019855764593
1,COSJ095918+021939,98,cosmos_lens_000098,1.7387304807880168,0.374372077625477,0.3,1.06435840316254,19.086261716898104
2,COSJ095918+021939,42,cosmos_lens_000042,1.937218245425547,0.5165236197167611,0.3,1.120694625708786,21.492863769968597
3,COSJ095918+021939,92,cosmos_lens_000092,2.1688564043058194,0.3293324585592724,0.5195,1.320023945746547,21.867019855764593
1,COSJ095920+015851,98,cosmos_lens_000098,1.7387304807880168,0.374372077625477,0.3,1.06435840316254,19.086261716898104
2,COSJ095920+015851,42,cosmos_lens_000042,1.937218245425547,0.5165236197167611,0.3,1.120694625708786,21.492863769968597
3,COSJ095920+015851,92,cosmos_lens_000092,2.1688564043058194,0.3293324585592724,0.5195,1.320023945746547,21.867019855764593
1,COSJ095920+020558,98,cosmos_lens_000098,1.7387304807880168,0.374372077625477,0.3,1.06435840316254,19.086261716898104
2,COSJ095920+020558,42,cosmos_lens_000042,1.937218245425547,0.5165236197167611,0.3,1.120694625708786,21.492863769968597
3,COSJ095920+020558,92,cosmos_lens_000092,2.1688564043058194,0.3293324585592724,0.5195,1.320023945746547,21.867019855764593
1,COSJ095920+022515,98,cosmos_lens_000098,1.7387304807880168,0.374372077625477,0.3,1.06435840316254,19.086261716898104
2,COSJ095920+022515,42,cosmos_lens_000042,1.937218245425547,0.5165236197167611,0.3,1.120694625708786,21.492863769968597
3,COSJ095920+022515,92,cosmos_lens_000092,2.1688564043058194,0.3293324585592724,0.5195,1.320023945746547,21.867019855764593
1,COSJ095921+020218,98,cosmos_lens_000098,1.7387304807880168,0.374372077625477,0.3,1.06435840316254,19.086261716898104
2,COSJ095921+020218,42,cosmos_lens_000042,1.937218245425547,0.5165236197167611,0.3,1.120694625708786,21.492863769968597
3,COSJ095921+020218,92,cosmos_lens_000092,2.1688564043058194,0.3293324585592724,0.5195,1.320023945746547,21.867019855764593
1,COSJ095921+020638,98,cosmos_lens_000098,1.7387304807880168,0.374372077625477,0.3,1.06435840316254,19.086261716898104
2,COSJ095921+020638,42,cosmos_lens_000042,1.937218245425547,0.5165236197167611,0.3,1.120694625708786,21.492863769968597
3,COSJ095921+020638,92,cosmos_lens_000092,2.1688564043058194,0.3293324585592724,0.5195,1.320023945746547,21.867019855764593
1,COSJ095922+021812,98,cosmos_lens_000098,1.7387304807880168,0.374372077625477,0.3,1.06435840316254,19.086261716898104
2,COSJ095922+021812,42,cosmos_lens_000042,1.937218245425547,0.5165236197167611,0.3,1.120694625708786,21.492863769968597
3,COSJ095922+021812,92,cosmos_lens_000092,2.1688564043058194,0.3293324585592724,0.5195,1.320023945746547,21.867019855764593
1,COSJ095923+021632,98,cosmos_lens_000098,1.7387304807880168,0.374372077625477,0.3,1.06435840316254,19.086261716898104
2,COSJ095923+021632,42,cosmos_lens_000042,1.937218245425547,0.5165236197167611,0.3,1.120694625708786,21.492863769968597
3,COSJ095923+021632,92,cosmos_lens_000092,2.1688564043058194,0.3293324585592724,0.5195,1.320023945746547,21.867019855764593
1,COSJ095923+021836,98,cosmos_lens_000098,1.7387304807880168,0.374372077625477,0.3,1.06435840316254,19.086261716898104
2,COSJ095923+021836,42,cosmos_lens_000042,1.937218245425547,0.5165236197167611,0.3,1.120694625708786,21.492863769968597
3,COSJ095923+021836,92,cosmos_lens_000092,2.1688564043058194,0.3293324585592724,0.5195,1.320023945746547,21.867019855764593
1,COSJ095924+020459,98,cosmos_lens_000098,1.7387304807880168,0.374372077625477,0.3,1.06435840316254,19.086261716898104
2,COSJ095924+020459,42,cosmos_lens_000042,1.937218245425547,0.5165236197167611,0.3,1.120694625708786,21.492863769968597
3,COSJ095924+020459,92,cosmos_lens_000092,2.1688564043058194,0.3293324585592724,0.5195,1.320023945746547,21.867019855764593
1,COSJ095924+020807,98,cosmos_lens_000098,1.7387304807880168,0.374372077625477,0.3,1.06435840316254,19.086261716898104
2,COSJ095924+020807,42,cosmos_lens_000042,1.937218245425547,0.5165236197167611,0.3,1.120694625708786,21.492863769968597
3,COSJ095924+020807,92,cosmos_lens_000092,2.1688564043058194,0.3293324585592724,0.5195,1.320023945746547,21.867019855764593
1,COSJ095924+021345,98,cosmos_lens_000098,1.7387304807880168,0.374372077625477,0.3,1.06435840316254,19.086261716898104
2,COSJ095924+021345,42,cosmos_lens_000042,1.937218245425547,0.5165236197167611,0.3,1.120694625708786,21.492863769968597
3,COSJ095924+021345,92,cosmos_lens_000092,2.1688564043058194,0.3293324585592724,0.5195,1.320023945746547,21.867019855764593
1,COSJ095924+022130,98,cosmos_lens_000098,1.7387304807880168,0.374372077625477,0.3,1.06435840316254,19.086261716898104
2,COSJ095924+022130,42,cosmos_lens_000042,1.937218245425547,0.5165236197167611,0.3,1.120694625708786,21.492863769968597
3,COSJ095924+022130,92,cosmos_lens_000092,2.1688564043058194,0.3293324585592724,0.5195,1.320023945746547,21.867019855764593
1,COSJ095926+020304,98,cosmos_lens_000098,1.7387304807880168,0.374372077625477,0.3,1.06435840316254,19.086261716898104
2,COSJ095926+020304,42,cosmos_lens_000042,1.937218245425547,0.5165236197167611,0.3,1.120694625708786,21.492863769968597
3,COSJ095926+020304,92,cosmos_lens_000092,2.1688564043058194,0.3293324585592724,0.5195,1.320023945746547,21.867019855764593
1,COSJ095926+021023,98,cosmos_lens_000098,1.7387304807880168,0.374372077625477,0.3,1.06435840316254,19.086261716898104
2,COSJ095926+021023,42,cosmos_lens_000042,1.937218245425547,0.5165236197167611,0.3,1.120694625708786,21.492863769968597
3,COSJ095926+021023,92,cosmos_lens_000092,2.1688564043058194,0.3293324585592724,0.5195,1.320023945746547,21.867019855764593
1,COSJ095926+022040,98,cosmos_lens_000098,1.7387304807880168,0.374372077625477,0.3,1.06435840316254,19.086261716898104
2,COSJ095926+022040,42,cosmos_lens_000042,1.937218245425547,0.5165236197167611,0.3,1.120694625708786,21.492863769968597
3,COSJ095926+022040,92,cosmos_lens_000092,2.1688564043058194,0.3293324585592724,0.5195,1.320023945746547,21.867019855764593
1,COSJ095926+022727,98,cosmos_lens_000098,1.7387304807880168,0.374372077625477,0.3,1.06435840316254,19.086261716898104
2,COSJ095926+022727,42,cosmos_lens_000042,1.937218245425547,0.5165236197167611,0.3,1.120694625708786,21.492863769968597
3,COSJ095926+022727,92,cosmos_lens_000092,2.1688564043058194,0.3293324585592724,0.5195,1.320023945746547,21.867019855764593
1,COSJ095927+020315,98,cosmos_lens_000098,1.7387304807880168,0.374372077625477,0.3,1.06435840316254,19.086261716898104
2,COSJ095927+020315,42,cosmos_lens_000042,1.937218245425547,0.5165236197167611,0.3,1.120694625708786,21.492863769968597
3,COSJ095927+020315,92,cosmos_lens_000092,2.1688564043058194,0.3293324585592724,0.5195,1.320023945746547,21.867019855764593
1,COSJ095927+021005,98,cosmos_lens_000098,1.7387304807880168,0.374372077625477,0.3,1.06435840316254,19.086261716898104
2,COSJ095927+021005,42,cosmos_lens_000042,1.937218245425547,0.5165236197167611,0.3,1.120694625708786,21.492863769968597
3,COSJ095927+021005,92,cosmos_lens_000092,2.1688564043058194,0.3293324585592724,0.5195,1.320023945746547,21.867019855764593
1,COSJ095927+022821,98,cosmos_lens_000098,1.7387304807880168,0.374372077625477,0.3,1.06435840316254,19.086261716898104
2,COSJ095927+022821,42,cosmos_lens_000042,1.937218245425547,0.5165236197167611,0.3,1.120694625708786,21.492863769968597
3,COSJ095927+022821,92,cosmos_lens_000092,2.1688564043058194,0.3293324585592724,0.5195,1.320023945746547,21.867019855764593
1,COSJ095928+022948,98,cosmos_lens_000098,1.7387304807880168,0.374372077625477,0.3,1.06435840316254,19.086261716898104
2,COSJ095928+022948,42,cosmos_lens_000042,1.937218245425547,0.5165236197167611,0.3,1.120694625708786,21.492863769968597
3,COSJ095928+022948,92,cosmos_lens_000092,2.1688564043058194,0.3293324585592724,0.5195,1.320023945746547,21.867019855764593
1,COSJ095929+015348,98,cosmos_lens_000098,1.7387304807880168,0.374372077625477,0.3,1.06435840316254,19.086261716898104
2,COSJ095929+015348,42,cosmos_lens_000042,1.937218245425547,0.5165236197167611,0.3,1.120694625708786,21.492863769968597
3,COSJ095929+015348,92,cosmos_lens_000092,2.1688564043058194,0.3293324585592724,0.5195,1.320023945746547,21.867019855764593
1,COSJ095929+020320,98,cosmos_lens_000098,1.7387304807880168,0.374372077625477,0.3,1.06435840316254,19.086261716898104
2,COSJ095929+020320,42,cosmos_lens_000042,1.937218245425547,0.5165236197167611,0.3,1.120694625708786,21.492863769968597
3,COSJ095929+020320,92,cosmos_lens_000092,2.1688564043058194,0.3293324585592724,0.5195,1.320023945746547,21.867019855764593
1,COSJ095929+020338,98,cosmos_lens_000098,1.7387304807880168,0.374372077625477,0.3,1.06435840316254,19.086261716898104
2,COSJ095929+020338,42,cosmos_lens_000042,1.937218245425547,0.5165236197167611,0.3,1.120694625708786,21.492863769968597
3,COSJ095929+020338,92,cosmos_lens_000092,2.1688564043058194,0.3293324585592724,0.5195,1.320023945746547,21.867019855764593
1,COSJ095929+020914,98,cosmos_lens_000098,1.7387304807880168,0.374372077625477,0.3,1.06435840316254,19.086261716898104
2,COSJ095929+020914,42,cosmos_lens_000042,1.937218245425547,0.5165236197167611,0.3,1.120694625708786,21.492863769968597
3,COSJ095929+020914,92,cosmos_lens_000092,2.1688564043058194,0.3293324585592724,0.5195,1.320023945746547,21.867019855764593
1,COSJ095930+021351,98,cosmos_lens_000098,1.7387304807880168,0.374372077625477,0.3,1.06435840316254,19.086261716898104
2,COSJ095930+021351,42,cosmos_lens_000042,1.937218245425547,0.5165236197167611,0.3,1.120694625708786,21.492863769968597
3,COSJ095930+021351,92,cosmos_lens_000092,2.1688564043058194,0.3293324585592724,0.5195,1.320023945746547,21.867019855764593
1,COSJ095930+022026,98,cosmos_lens_000098,1.7387304807880168,0.374372077625477,0.3,1.06435840316254,19.086261716898104
2,COSJ095930+022026,42,cosmos_lens_000042,1.937218245425547,0.5165236197167611,0.3,1.120694625708786,21.492863769968597
3,COSJ095930+022026,92,cosmos_lens_000092,2.1688564043058194,0.3293324585592724,0.5195,1.320023945746547,21.867019855764593
1,COSJ095931+020601,98,cosmos_lens_000098,1.7387304807880168,0.374372077625477,0.3,1.06435840316254,19.086261716898104
2,COSJ095931+020601,42,cosmos_lens_000042,1.937218245425547,0.5165236197167611,0.3,1.120694625708786,21.492863769968597
3,COSJ095931+020601,92,cosmos_lens_000092,2.1688564043058194,0.3293324585592724,0.5195,1.320023945746547,21.867019855764593
1,COSJ095931+022946,98,cosmos_lens_000098,1.7387304807880168,0.374372077625477,0.3,1.06435840316254,19.086261716898104
2,COSJ095931+022946,42,cosmos_lens_000042,1.937218245425547,0.5165236197167611,0.3,1.120694625708786,21.492863769968597
3,COSJ095931+022946,92,cosmos_lens_000092,2.1688564043058194,0.3293324585592724,0.5195,1.320023945746547,21.867019855764593
1,COSJ095932+021750,98,cosmos_lens_000098,1.7387304807880168,0.374372077625477,0.3,1.06435840316254,19.086261716898104
2,COSJ095932+021750,42,cosmos_lens_000042,1.937218245425547,0.5165236197167611,0.3,1.120694625708786,21.492863769968597
3,COSJ095932+021750,92,cosmos_lens_000092,2.1688564043058194,0.3293324585592724,0.5195,1.320023945746547,21.867019855764593
1,COSJ095933+022242,98,cosmos_lens_000098,1.7387304807880168,0.374372077625477,0.3,1.06435840316254,19.086261716898104
2,COSJ095933+022242,42,cosmos_lens_000042,1.937218245425547,0.5165236197167611,0.3,1.120694625708786,21.492863769968597
3,COSJ095933+022242,92,cosmos_lens_000092,2.1688564043058194,0.3293324585592724,0.5195,1.320023945746547,21.867019855764593
1,COSJ095934+020759,98,cosmos_lens_000098,1.7387304807880168,0.374372077625477,0.3,1.06435840316254,19.086261716898104
2,COSJ095934+020759,42,cosmos_lens_000042,1.937218245425547,0.5165236197167611,0.3,1.120694625708786,21.492863769968597
3,COSJ095934+020759,92,cosmos_lens_000092,2.1688564043058194,0.3293324585592724,0.5195,1.320023945746547,21.867019855764593
1,COSJ095936+015703,98,cosmos_lens_000098,1.7387304807880168,0.374372077625477,0.3,1.06435840316254,19.086261716898104
2,COSJ095936+015703,42,cosmos_lens_000042,1.937218245425547,0.5165236197167611,0.3,1.120694625708786,21.492863769968597
3,COSJ095936+015703,92,cosmos_lens_000092,2.1688564043058194,0.3293324585592724,0.5195,1.320023945746547,21.867019855764593
1,COSJ095936+021947,98,cosmos_lens_000098,1.7387304807880168,0.374372077625477,0.3,1.06435840316254,19.086261716898104
2,COSJ095936+021947,42,cosmos_lens_000042,1.937218245425547,0.5165236197167611,0.3,1.120694625708786,21.492863769968597
3,COSJ095936+021947,92,cosmos_lens_000092,2.1688564043058194,0.3293324585592724,0.5195,1.320023945746547,21.867019855764593
1,COSJ095937+020742,98,cosmos_lens_000098,1.7387304807880168,0.374372077625477,0.3,1.06435840316254,19.086261716898104
2,COSJ095937+020742,42,cosmos_lens_000042,1.937218245425547,0.5165236197167611,0.3,1.120694625708786,21.492863769968597
3,COSJ095937+020742,92,cosmos_lens_000092,2.1688564043058194,0.3293324585592724,0.5195,1.320023945746547,21.867019855764593
1,COSJ095937+021802,98,cosmos_lens_000098,1.7387304807880168,0.374372077625477,0.3,1.06435840316254,19.086261716898104
2,COSJ095937+021802,42,cosmos_lens_000042,1.937218245425547,0.5165236197167611,0.3,1.120694625708786,21.492863769968597
3,COSJ095937+021802,92,cosmos_lens_000092,2.1688564043058194,0.3293324585592724,0.5195,1.320023945746547,21.867019855764593
1,COSJ095937+022744,98,cosmos_lens_000098,1.7387304807880168,0.374372077625477,0.3,1.06435840316254,19.086261716898104
2,COSJ095937+022744,42,cosmos_lens_000042,1.937218245425547,0.5165236197167611,0.3,1.120694625708786,21.492863769968597
3,COSJ095937+022744,92,cosmos_lens_000092,2.1688564043058194,0.3293324585592724,0.5195,1.320023945746547,21.867019855764593
1,COSJ095937+023754,98,cosmos_lens_000098,1.7387304807880168,0.374372077625477,0.3,1.06435840316254,19.086261716898104
2,COSJ095937+023754,42,cosmos_lens_000042,1.937218245425547,0.5165236197167611,0.3,1.120694625708786,21.492863769968597
3,COSJ095937+023754,92,cosmos_lens_000092,2.1688564043058194,0.3293324585592724,0.5195,1.320023945746547,21.867019855764593
1,COSJ095938+021318,98,cosmos_lens_000098,1.7387304807880168,0.374372077625477,0.3,1.06435840316254,19.086261716898104
2,COSJ095938+021318,42,cosmos_lens_000042,1.937218245425547,0.5165236197167611,0.3,1.120694625708786,21.492863769968597
3,COSJ095938+021318,92,cosmos_lens_000092,2.1688564043058194,0.3293324585592724,0.5195,1.320023945746547,21.867019855764593
1,COSJ095938+022213,98,cosmos_lens_000098,1.7387304807880168,0.374372077625477,0.3,1.06435840316254,19.086261716898104
2,COSJ095938+022213,42,cosmos_lens_000042,1.937218245425547,0.5165236197167611,0.3,1.120694625708786,21.492863769968597
3,COSJ095938+022213,92,cosmos_lens_000092,2.1688564043058194,0.3293324585592724,0.5195,1.320023945746547,21.867019855764593
1,COSJ095938+022520,98,cosmos_lens_000098,1.7387304807880168,0.374372077625477,0.3,1.06435840316254,19.086261716898104
2,COSJ095938+022520,42,cosmos_lens_000042,1.937218245425547,0.5165236197167611,0.3,1.120694625708786,21.492863769968597
3,COSJ095938+022520,92,cosmos_lens_000092,2.1688564043058194,0.3293324585592724,0.5195,1.320023945746547,21.867019855764593
1,COSJ095939+020309,98,cosmos_lens_000098,1.7387304807880168,0.374372077625477,0.3,1.06435840316254,19.086261716898104
2,COSJ095939+020309,42,cosmos_lens_000042,1.937218245425547,0.5165236197167611,0.3,1.120694625708786,21.492863769968597
3,COSJ095939+020309,92,cosmos_lens_000092,2.1688564043058194,0.3293324585592724,0.5195,1.320023945746547,21.867019855764593
1,COSJ095939+023043,98,cosmos_lens_000098,1.7387304807880168,0.374372077625477,0.3,1.06435840316254,19.086261716898104
2,COSJ095939+023043,42,cosmos_lens_000042,1.937218245425547,0.5165236197167611,0.3,1.120694625708786,21.492863769968597
3,COSJ095939+023043,92,cosmos_lens_000092,2.1688564043058194,0.3293324585592724,0.5195,1.320023945746547,21.867019855764593
1,COSJ095939+023239,98,cosmos_lens_000098,1.7387304807880168,0.374372077625477,0.3,1.06435840316254,19.086261716898104
2,COSJ095939+023239,42,cosmos_lens_000042,1.937218245425547,0.5165236197167611,0.3,1.120694625708786,21.492863769968597
3,COSJ095939+023239,92,cosmos_lens_000092,2.1688564043058194,0.3293324585592724,0.5195,1.320023945746547,21.867019855764593
1,COSJ095939+023707,98,cosmos_lens_000098,1.7387304807880168,0.374372077625477,0.3,1.06435840316254,19.086261716898104
2,COSJ095939+023707,42,cosmos_lens_000042,1.937218245425547,0.5165236197167611,0.3,1.120694625708786,21.492863769968597
3,COSJ095939+023707,92,cosmos_lens_000092,2.1688564043058194,0.3293324585592724,0.5195,1.320023945746547,21.867019855764593
1,COSJ095940+023253,98,cosmos_lens_000098,1.7387304807880168,0.374372077625477,0.3,1.06435840316254,19.086261716898104
2,COSJ095940+023253,42,cosmos_lens_000042,1.937218245425547,0.5165236197167611,0.3,1.120694625708786,21.492863769968597
3,COSJ095940+023253,92,cosmos_lens_000092,2.1688564043058194,0.3293324585592724,0.5195,1.320023945746547,21.867019855764593
1,COSJ095940+023802,98,cosmos_lens_000098,1.7387304807880168,0.374372077625477,0.3,1.06435840316254,19.086261716898104
2,COSJ095940+023802,42,cosmos_lens_000042,1.937218245425547,0.5165236197167611,0.3,1.120694625708786,21.492863769968597
3,COSJ095940+023802,92,cosmos_lens_000092,2.1688564043058194,0.3293324585592724,0.5195,1.320023945746547,21.867019855764593
1,COSJ095941+020259,98,cosmos_lens_000098,1.7387304807880168,0.374372077625477,0.3,1.06435840316254,19.086261716898104
2,COSJ095941+020259,42,cosmos_lens_000042,1.937218245425547,0.5165236197167611,0.3,1.120694625708786,21.492863769968597
3,COSJ095941+020259,92,cosmos_lens_000092,2.1688564043058194,0.3293324585592724,0.5195,1.320023945746547,21.867019855764593
1,COSJ095941+020532,98,cosmos_lens_000098,1.7387304807880168,0.374372077625477,0.3,1.06435840316254,19.086261716898104
2,COSJ095941+020532,42,cosmos_lens_000042,1.937218245425547,0.5165236197167611,0.3,1.120694625708786,21.492863769968597
3,COSJ095941+020532,92,cosmos_lens_000092,2.1688564043058194,0.3293324585592724,0.5195,1.320023945746547,21.867019855764593
1,COSJ095941+021432,98,cosmos_lens_000098,1.7387304807880168,0.374372077625477,0.3,1.06435840316254,19.086261716898104
2,COSJ095941+021432,42,cosmos_lens_000042,1.937218245425547,0.5165236197167611,0.3,1.120694625708786,21.492863769968597
3,COSJ095941+021432,92,cosmos_lens_000092,2.1688564043058194,0.3293324585592724,0.5195,1.320023945746547,21.867019855764593
1,COSJ095941+021442,98,cosmos_lens_000098,1.7387304807880168,0.374372077625477,0.3,1.06435840316254,19.086261716898104
2,COSJ095941+021442,42,cosmos_lens_000042,1.937218245425547,0.5165236197167611,0.3,1.120694625708786,21.492863769968597
3,COSJ095941+021442,92,cosmos_lens_000092,2.1688564043058194,0.3293324585592724,0.5195,1.320023945746547,21.867019855764593
1,COSJ095941+022634,98,cosmos_lens_000098,1.7387304807880168,0.374372077625477,0.3,1.06435840316254,19.086261716898104
2,COSJ095941+022634,42,cosmos_lens_000042,1.937218245425547,0.5165236197167611,0.3,1.120694625708786,21.492863769968597
3,COSJ095941+022634,92,cosmos_lens_000092,2.1688564043058194,0.3293324585592724,0.5195,1.320023945746547,21.867019855764593
1,COSJ095941+023210,98,cosmos_lens_000098,1.7387304807880168,0.374372077625477,0.3,1.06435840316254,19.086261716898104
2,COSJ095941+023210,42,cosmos_lens_000042,1.937218245425547,0.5165236197167611,0.3,1.120694625708786,21.492863769968597
3,COSJ095941+023210,92,cosmos_lens_000092,2.1688564043058194,0.3293324585592724,0.5195,1.320023945746547,21.867019855764593
1,COSJ095941+023306,98,cosmos_lens_000098,1.7387304807880168,0.374372077625477,0.3,1.06435840316254,19.086261716898104
2,COSJ095941+023306,42,cosmos_lens_000042,1.937218245425547,0.5165236197167611,0.3,1.120694625708786,21.492863769968597
3,COSJ095941+023306,92,cosmos_lens_000092,2.1688564043058194,0.3293324585592724,0.5195,1.320023945746547,21.867019855764593
1,COSJ095942+015628,98,cosmos_lens_000098,1.7387304807880168,0.374372077625477,0.3,1.06435840316254,19.086261716898104
2,COSJ095942+015628,42,cosmos_lens_000042,1.937218245425547,0.5165236197167611,0.3,1.120694625708786,21.492863769968597
3,COSJ095942+015628,92,cosmos_lens_000092,2.1688564043058194,0.3293324585592724,0.5195,1.320023945746547,21.867019855764593
1,COSJ095942+022136,98,cosmos_lens_000098,1.7387304807880168,0.374372077625477,0.3,1.06435840316254,19.086261716898104
2,COSJ095942+022136,42,cosmos_lens_000042,1.937218245425547,0.5165236197167611,0.3,1.120694625708786,21.492863769968597
3,COSJ095942+022136,92,cosmos_lens_000092,2.1688564043058194,0.3293324585592724,0.5195,1.320023945746547,21.867019855764593
1,COSJ095942+023350,98,cosmos_lens_000098,1.7387304807880168,0.374372077625477,0.3,1.06435840316254,19.086261716898104
2,COSJ095942+023350,42,cosmos_lens_000042,1.937218245425547,0.5165236197167611,0.3,1.120694625708786,21.492863769968597
3,COSJ095942+023350,92,cosmos_lens_000092,2.1688564043058194,0.3293324585592724,0.5195,1.320023945746547,21.867019855764593
1,COSJ095942+023423,98,cosmos_lens_000098,1.7387304807880168,0.374372077625477,0.3,1.06435840316254,19.086261716898104
2,COSJ095942+023423,42,cosmos_lens_000042,1.937218245425547,0.5165236197167611,0.3,1.120694625708786,21.492863769968597
3,COSJ095942+023423,92,cosmos_lens_000092,2.1688564043058194,0.3293324585592724,0.5195,1.320023945746547,21.867019855764593
1,COSJ095943+022046,98,cosmos_lens_000098,1.7387304807880168,0.374372077625477,0.3,1.06435840316254,19.086261716898104
2,COSJ095943+022046,42,cosmos_lens_000042,1.937218245425547,0.5165236197167611,0.3,1.120694625708786,21.492863769968597
3,COSJ095943+022046,92,cosmos_lens_000092,2.1688564043058194,0.3293324585592724,0.5195,1.320023945746547,21.867019855764593
1,COSJ095943+022719,98,cosmos_lens_000098,1.7387304807880168,0.374372077625477,0.3,1.06435840316254,19.086261716898104
2,COSJ095943+022719,42,cosmos_lens_000042,1.937218245425547,0.5165236197167611,0.3,1.120694625708786,21.492863769968597
3,COSJ095943+022719,92,cosmos_lens_000092,2.1688564043058194,0.3293324585592724,0.5195,1.320023945746547,21.867019855764593
1,COSJ095943+022829,98,cosmos_lens_000098,1.7387304807880168,0.374372077625477,0.3,1.06435840316254,19.086261716898104
2,COSJ095943+022829,42,cosmos_lens_000042,1.937218245425547,0.5165236197167611,0.3,1.120694625708786,21.492863769968597
3,COSJ095943+022829,92,cosmos_lens_000092,2.1688564043058194,0.3293324585592724,0.5195,1.320023945746547,21.867019855764593
1,COSJ095943+023800,98,cosmos_lens_000098,1.7387304807880168,0.374372077625477,0.3,1.06435840316254,19.086261716898104
2,COSJ095943+023800,42,cosmos_lens_000042,1.937218245425547,0.5165236197167611,0.3,1.120694625708786,21.492863769968597
3,COSJ095943+023800,92,cosmos_lens_000092,2.1688564043058194,0.3293324585592724,0.5195,1.320023945746547,21.867019855764593
1,COSJ095944+020652,98,cosmos_lens_000098,1.7387304807880168,0.374372077625477,0.3,1.06435840316254,19.086261716898104
2,COSJ095944+020652,42,cosmos_lens_000042,1.937218245425547,0.5165236197167611,0.3,1.120694625708786,21.492863769968597
3,COSJ095944+020652,92,cosmos_lens_000092,2.1688564043058194,0.3293324585592724,0.5195,1.320023945746547,21.867019855764593
1,COSJ095944+021432,98,cosmos_lens_000098,1.7387304807880168,0.374372077625477,0.3,1.06435840316254,19.086261716898104
2,COSJ095944+021432,42,cosmos_lens_000042,1.937218245425547,0.5165236197167611,0.3,1.120694625708786,21.492863769968597
3,COSJ095944+021432,92,cosmos_lens_000092,2.1688564043058194,0.3293324585592724,0.5195,1.320023945746547,21.867019855764593
1,COSJ095944+022008,98,cosmos_lens_000098,1.7387304807880168,0.374372077625477,0.3,1.06435840316254,19.086261716898104
2,COSJ095944+022008,42,cosmos_lens_000042,1.937218245425547,0.5165236197167611,0.3,1.120694625708786,21.492863769968597
3,COSJ095944+022008,92,cosmos_lens_000092,2.1688564043058194,0.3293324585592724,0.5195,1.320023945746547,21.867019855764593
1,COSJ095945+021006,98,cosmos_lens_000098,1.7387304807880168,0.374372077625477,0.3,1.06435840316254,19.086261716898104
2,COSJ095945+021006,42,cosmos_lens_000042,1.937218245425547,0.5165236197167611,0.3,1.120694625708786,21.492863769968597
3,COSJ095945+021006,92,cosmos_lens_000092,2.1688564043058194,0.3293324585592724,0.5195,1.320023945746547,21.867019855764593
1,COSJ095945+022340,98,cosmos_lens_000098,1.7387304807880168,0.374372077625477,0.3,1.06435840316254,19.086261716898104
2,COSJ095945+022340,42,cosmos_lens_000042,1.937218245425547,0.5165236197167611,0.3,1.120694625708786,21.492863769968597
3,COSJ095945+022340,92,cosmos_lens_000092,2.1688564043058194,0.3293324585592724,0.5195,1.320023945746547,21.867019855764593
1,COSJ095945+023214,98,cosmos_lens_000098,1.7387304807880168,0.374372077625477,0.3,1.06435840316254,19.086261716898104
2,COSJ095945+023214,42,cosmos_lens_000042,1.937218245425547,0.5165236197167611,0.3,1.120694625708786,21.492863769968597
3,COSJ095945+023214,92,cosmos_lens_000092,2.1688564043058194,0.3293324585592724,0.5195,1.320023945746547,21.867019855764593
1,COSJ095945+023622,98,cosmos_lens_000098,1.7387304807880168,0.374372077625477,0.3,1.06435840316254,19.086261716898104
2,COSJ095945+023622,42,cosmos_lens_000042,1.937218245425547,0.5165236197167611,0.3,1.120694625708786,21.492863769968597
3,COSJ095945+023622,92,cosmos_lens_000092,2.1688564043058194,0.3293324585592724,0.5195,1.320023945746547,21.867019855764593
1,COSJ095946+015320,98,cosmos_lens_000098,1.7387304807880168,0.374372077625477,0.3,1.06435840316254,19.086261716898104
2,COSJ095946+015320,42,cosmos_lens_000042,1.937218245425547,0.5165236197167611,0.3,1.120694625708786,21.492863769968597
3,COSJ095946+015320,92,cosmos_lens_000092,2.1688564043058194,0.3293324585592724,0.5195,1.320023945746547,21.867019855764593
1,COSJ095946+015749,98,cosmos_lens_000098,1.7387304807880168,0.374372077625477,0.3,1.06435840316254,19.086261716898104
2,COSJ095946+015749,42,cosmos_lens_000042,1.937218245425547,0.5165236197167611,0.3,1.120694625708786,21.492863769968597
3,COSJ095946+015749,92,cosmos_lens_000092,2.1688564043058194,0.3293324585592724,0.5195,1.320023945746547,21.867019855764593
1,COSJ095946+021328,98,cosmos_lens_000098,1.7387304807880168,0.374372077625477,0.3,1.06435840316254,19.086261716898104
2,COSJ095946+021328,42,cosmos_lens_000042,1.937218245425547,0.5165236197167611,0.3,1.120694625708786,21.492863769968597
3,COSJ095946+021328,92,cosmos_lens_000092,2.1688564043058194,0.3293324585592724,0.5195,1.320023945746547,21.867019855764593
1,COSJ095946+022212,98,cosmos_lens_000098,1.7387304807880168,0.374372077625477,0.3,1.06435840316254,19.086261716898104
2,COSJ095946+022212,42,cosmos_lens_000042,1.937218245425547,0.5165236197167611,0.3,1.120694625708786,21.492863769968597
3,COSJ095946+022212,92,cosmos_lens_000092,2.1688564043058194,0.3293324585592724,0.5195,1.320023945746547,21.867019855764593
1,COSJ095947+015615,98,cosmos_lens_000098,1.7387304807880168,0.374372077625477,0.3,1.06435840316254,19.086261716898104
2,COSJ095947+015615,42,cosmos_lens_000042,1.937218245425547,0.5165236197167611,0.3,1.120694625708786,21.492863769968597
3,COSJ095947+015615,92,cosmos_lens_000092,2.1688564043058194,0.3293324585592724,0.5195,1.320023945746547,21.867019855764593
1,COSJ095947+022657,98,cosmos_lens_000098,1.7387304807880168,0.374372077625477,0.3,1.06435840316254,19.086261716898104
2,COSJ095947+022657,42,cosmos_lens_000042,1.937218245425547,0.5165236197167611,0.3,1.120694625708786,21.492863769968597
3,COSJ095947+022657,92,cosmos_lens_000092,2.1688564043058194,0.3293324585592724,0.5195,1.320023945746547,21.867019855764593
1,COSJ095948+015722,98,cosmos_lens_000098,1.7387304807880168,0.374372077625477,0.3,1.06435840316254,19.086261716898104
2,COSJ095948+015722,42,cosmos_lens_000042,1.937218245425547,0.5165236197167611,0.3,1.120694625708786,21.492863769968597
3,COSJ095948+015722,92,cosmos_lens_000092,2.1688564043058194,0.3293324585592724,0.5195,1.320023945746547,21.867019855764593
1,COSJ095948+022017,98,cosmos_lens_000098,1.7387304807880168,0.374372077625477,0.3,1.06435840316254,19.086261716898104
2,COSJ095948+022017,42,cosmos_lens_000042,1.937218245425547,0.5165236197167611,0.3,1.120694625708786,21.492863769968597
3,COSJ095948+022017,92,cosmos_lens_000092,2.1688564043058194,0.3293324585592724,0.5195,1.320023945746547,21.867019855764593
1,COSJ095948+022859,98,cosmos_lens_000098,1.7387304807880168,0.374372077625477,0.3,1.06435840316254,19.086261716898104
2,COSJ095948+022859,42,cosmos_lens_000042,1.937218245425547,0.5165236197167611,0.3,1.120694625708786,21.492863769968597
3,COSJ095948+022859,92,cosmos_lens_000092,2.1688564043058194,0.3293324585592724,0.5195,1.320023945746547,21.867019855764593
1,COSJ095949+020321,98,cosmos_lens_000098,1.7387304807880168,0.374372077625477,0.3,1.06435840316254,19.086261716898104
2,COSJ095949+020321,42,cosmos_lens_000042,1.937218245425547,0.5165236197167611,0.3,1.120694625708786,21.492863769968597
3,COSJ095949+020321,92,cosmos_lens_000092,2.1688564043058194,0.3293324585592724,0.5195,1.320023945746547,21.867019855764593
1,COSJ095949+023301,98,cosmos_lens_000098,1.7387304807880168,0.374372077625477,0.3,1.06435840316254,19.086261716898104
2,COSJ095949+023301,42,cosmos_lens_000042,1.937218245425547,0.5165236197167611,0.3,1.120694625708786,21.492863769968597
3,COSJ095949+023301,92,cosmos_lens_000092,2.1688564043058194,0.3293324585592724,0.5195,1.320023945746547,21.867019855764593
1,COSJ095950+020013,98,cosmos_lens_000098,1.7387304807880168,0.374372077625477,0.3,1.06435840316254,19.086261716898104
2,COSJ095950+020013,42,cosmos_lens_000042,1.937218245425547,0.5165236197167611,0.3,1.120694625708786,21.492863769968597
3,COSJ095950+020013,92,cosmos_lens_000092,2.1688564043058194,0.3293324585592724,0.5195,1.320023945746547,21.867019855764593
1,COSJ095950+021636,98,cosmos_lens_000098,1.7387304807880168,0.374372077625477,0.3,1.06435840316254,19.086261716898104
2,COSJ095950+021636,42,cosmos_lens_000042,1.937218245425547,0.5165236197167611,0.3,1.120694625708786,21.492863769968597
3,COSJ095950+021636,92,cosmos_lens_000092,2.1688564043058194,0.3293324585592724,0.5195,1.320023945746547,21.867019855764593
1,COSJ095950+021936,98,cosmos_lens_000098,1.7387304807880168,0.374372077625477,0.3,1.06435840316254,19.086261716898104
2,COSJ095950+021936,42,cosmos_lens_000042,1.937218245425547,0.5165236197167611,0.3,1.120694625708786,21.492863769968597
3,COSJ095950+021936,92,cosmos_lens_000092,2.1688564043058194,0.3293324585592724,0.5195,1.320023945746547,21.867019855764593
1,COSJ095950+022057,98,cosmos_lens_000098,1.7387304807880168,0.374372077625477,0.3,1.06435840316254,19.086261716898104
2,COSJ095950+022057,42,cosmos_lens_000042,1.937218245425547,0.5165236197167611,0.3,1.120694625708786,21.492863769968597
3,COSJ095950+022057,92,cosmos_lens_000092,2.1688564043058194,0.3293324585592724,0.5195,1.320023945746547,21.867019855764593
1,COSJ095950+023226,98,cosmos_lens_000098,1.7387304807880168,0.374372077625477,0.3,1.06435840316254,19.086261716898104
2,COSJ095950+023226,42,cosmos_lens_000042,1.937218245425547,0.5165236197167611,0.3,1.120694625708786,21.492863769968597
3,COSJ095950+023226,92,cosmos_lens_000092,2.1688564043058194,0.3293324585592724,0.5195,1.320023945746547,21.867019855764593
1,COSJ095950+023727,98,cosmos_lens_000098,1.7387304807880168,0.374372077625477,0.3,1.06435840316254,19.086261716898104
2,COSJ095950+023727,42,cosmos_lens_000042,1.937218245425547,0.5165236197167611,0.3,1.120694625708786,21.492863769968597
3,COSJ095950+023727,92,cosmos_lens_000092,2.1688564043058194,0.3293324585592724,0.5195,1.320023945746547,21.867019855764593
1,COSJ095951+020423,98,cosmos_lens_000098,1.7387304807880168,0.374372077625477,0.3,1.06435840316254,19.086261716898104
2,COSJ095951+020423,42,cosmos_lens_000042,1.937218245425547,0.5165236197167611,0.3,1.120694625708786,21.492863769968597
3,COSJ095951+020423,92,cosmos_lens_000092,2.1688564043058194,0.3293324585592724,0.5195,1.320023945746547,21.867019855764593
1,COSJ095951+021800,98,cosmos_lens_000098,1.7387304807880168,0.374372077625477,0.3,1.06435840316254,19.086261716898104
2,COSJ095951+021800,42,cosmos_lens_000042,1.937218245425547,0.5165236197167611,0.3,1.120694625708786,21.492863769968597
3,COSJ095951+021800,92,cosmos_lens_000092,2.1688564043058194,0.3293324585592724,0.5195,1.320023945746547,21.867019855764593
1,COSJ095951+022522,98,cosmos_lens_000098,1.7387304807880168,0.374372077625477,0.3,1.06435840316254,19.086261716898104
2,COSJ095951+022522,42,cosmos_lens_000042,1.937218245425547,0.5165236197167611,0.3,1.120694625708786,21.492863769968597
3,COSJ095951+022522,92,cosmos_lens_000092,2.1688564043058194,0.3293324585592724,0.5195,1.320023945746547,21.867019855764593
1,COSJ095951+022847,98,cosmos_lens_000098,1.7387304807880168,0.374372077625477,0.3,1.06435840316254,19.086261716898104
2,COSJ095951+022847,42,cosmos_lens_000042,1.937218245425547,0.5165236197167611,0.3,1.120694625708786,21.492863769968597
3,COSJ095951+022847,92,cosmos_lens_000092,2.1688564043058194,0.3293324585592724,0.5195,1.320023945746547,21.867019855764593
1,COSJ095951+023722,98,cosmos_lens_000098,1.7387304807880168,0.374372077625477,0.3,1.06435840316254,19.086261716898104
2,COSJ095951+023722,42,cosmos_lens_000042,1.937218245425547,0.5165236197167611,0.3,1.120694625708786,21.492863769968597
3,COSJ095951+023722,92,cosmos_lens_000092,2.1688564043058194,0.3293324585592724,0.5195,1.320023945746547,21.867019855764593
1,COSJ095951+023830,98,cosmos_lens_000098,1.7387304807880168,0.374372077625477,0.3,1.06435840316254,19.086261716898104
2,COSJ095951+023830,42,cosmos_lens_000042,1.937218245425547,0.5165236197167611,0.3,1.120694625708786,21.492863769968597
3,COSJ095951+023830,92,cosmos_lens_000092,2.1688564043058194,0.3293324585592724,0.5195,1.320023945746547,21.867019855764593
1,COSJ095952+020313,98,cosmos_lens_000098,1.7387304807880168,0.374372077625477,0.3,1.06435840316254,19.086261716898104
2,COSJ095952+020313,42,cosmos_lens_000042,1.937218245425547,0.5165236197167611,0.3,1.120694625708786,21.492863769968597
3,COSJ095952+020313,92,cosmos_lens_000092,2.1688564043058194,0.3293324585592724,0.5195,1.320023945746547,21.867019855764593
1,COSJ095952+020314,98,cosmos_lens_000098,1.7387304807880168,0.374372077625477,0.3,1.06435840316254,19.086261716898104
2,COSJ095952+020314,42,cosmos_lens_000042,1.937218245425547,0.5165236197167611,0.3,1.120694625708786,21.492863769968597
3,COSJ095952+020314,92,cosmos_lens_000092,2.1688564043058194,0.3293324585592724,0.5195,1.320023945746547,21.867019855764593
1,COSJ095952+021514,98,cosmos_lens_000098,1.7387304807880168,0.374372077625477,0.3,1.06435840316254,19.086261716898104
2,COSJ095952+021514,42,cosmos_lens_000042,1.937218245425547,0.5165236197167611,0.3,1.120694625708786,21.492863769968597
3,COSJ095952+021514,92,cosmos_lens_000092,2.1688564043058194,0.3293324585592724,0.5195,1.320023945746547,21.867019855764593
1,COSJ095952+022216,98,cosmos_lens_000098,1.7387304807880168,0.374372077625477,0.3,1.06435840316254,19.086261716898104
2,COSJ095952+022216,42,cosmos_lens_000042,1.937218245425547,0.5165236197167611,0.3,1.120694625708786,21.492863769968597
3,COSJ095952+022216,92,cosmos_lens_000092,2.1688564043058194,0.3293324585592724,0.5195,1.320023945746547,21.867019855764593
1,COSJ095953+015437,98,cosmos_lens_000098,1.7387304807880168,0.374372077625477,0.3,1.06435840316254,19.086261716898104
2,COSJ095953+015437,42,cosmos_lens_000042,1.937218245425547,0.5165236197167611,0.3,1.120694625708786,21.492863769968597
3,COSJ095953+015437,92,cosmos_lens_000092,2.1688564043058194,0.3293324585592724,0.5195,1.320023945746547,21.867019855764593
1,COSJ095953+022000,98,cosmos_lens_000098,1.7387304807880168,0.374372077625477,0.3,1.06435840316254,19.086261716898104
2,COSJ095953+022000,42,cosmos_lens_000042,1.937218245425547,0.5165236197167611,0.3,1.120694625708786,21.492863769968597
3,COSJ095953+022000,92,cosmos_lens_000092,2.1688564043058194,0.3293324585592724,0.5195,1.320023945746547,21.867019855764593
1,COSJ095953+022016,98,cosmos_lens_000098,1.7387304807880168,0.374372077625477,0.3,1.06435840316254,19.086261716898104
2,COSJ095953+022016,42,cosmos_lens_000042,1.937218245425547,0.5165236197167611,0.3,1.120694625708786,21.492863769968597
3,COSJ095953+022016,92,cosmos_lens_000092,2.1688564043058194,0.3293324585592724,0.5195,1.320023945746547,21.867019855764593
1,COSJ095953+022126,98,cosmos_lens_000098,1.7387304807880168,0.374372077625477,0.3,1.06435840316254,19.086261716898104
2,COSJ095953+022126,42,cosmos_lens_000042,1.937218245425547,0.5165236197167611,0.3,1.120694625708786,21.492863769968597
3,COSJ095953+022126,92,cosmos_lens_000092,2.1688564043058194,0.3293324585592724,0.5195,1.320023945746547,21.867019855764593
1,COSJ095953+022159,98,cosmos_lens_000098,1.7387304807880168,0.374372077625477,0.3,1.06435840316254,19.086261716898104
2,COSJ095953+022159,42,cosmos_lens_000042,1.937218245425547,0.5165236197167611,0.3,1.120694625708786,21.492863769968597
3,COSJ095953+022159,92,cosmos_lens_000092,2.1688564043058194,0.3293324585592724,0.5195,1.320023945746547,21.867019855764593
1,COSJ095953+022200,98,cosmos_lens_000098,1.7387304807880168,0.374372077625477,0.3,1.06435840316254,19.086261716898104
2,COSJ095953+022200,42,cosmos_lens_000042,1.937218245425547,0.5165236197167611,0.3,1.120694625708786,21.492863769968597
3,COSJ095953+022200,92,cosmos_lens_000092,2.1688564043058194,0.3293324585592724,0.5195,1.320023945746547,21.867019855764593
1,COSJ095953+023319,98,cosmos_lens_000098,1.7387304807880168,0.374372077625477,0.3,1.06435840316254,19.086261716898104
2,COSJ095953+023319,42,cosmos_lens_000042,1.937218245425547,0.5165236197167611,0.3,1.120694625708786,21.492863769968597
3,COSJ095953+023319,92,cosmos_lens_000092,2.1688564043058194,0.3293324585592724,0.5195,1.320023945746547,21.867019855764593
1,COSJ095954+020539,98,cosmos_lens_000098,1.7387304807880168,0.374372077625477,0.3,1.06435840316254,19.086261716898104
2,COSJ095954+020539,42,cosmos_lens_000042,1.937218245425547,0.5165236197167611,0.3,1.120694625708786,21.492863769968597
3,COSJ095954+020539,92,cosmos_lens_000092,2.1688564043058194,0.3293324585592724,0.5195,1.320023945746547,21.867019855764593
1,COSJ095954+021900,98,cosmos_lens_000098,1.7387304807880168,0.374372077625477,0.3,1.06435840316254,19.086261716898104
2,COSJ095954+021900,42,cosmos_lens_000042,1.937218245425547,0.5165236197167611,0.3,1.120694625708786,21.492863769968597
3,COSJ095954+021900,92,cosmos_lens_000092,2.1688564043058194,0.3293324585592724,0.5195,1.320023945746547,21.867019855764593
1,COSJ095954+022203,98,cosmos_lens_000098,1.7387304807880168,0.374372077625477,0.3,1.06435840316254,19.086261716898104
2,COSJ095954+022203,42,cosmos_lens_000042,1.937218245425547,0.5165236197167611,0.3,1.120694625708786,21.492863769968597
3,COSJ095954+022203,92,cosmos_lens_000092,2.1688564043058194,0.3293324585592724,0.5195,1.320023945746547,21.867019855764593
1,COSJ095955+015520,98,cosmos_lens_000098,1.7387304807880168,0.374372077625477,0.3,1.06435840316254,19.086261716898104
2,COSJ095955+015520,42,cosmos_lens_000042,1.937218245425547,0.5165236197167611,0.3,1.120694625708786,21.492863769968597
3,COSJ095955+015520,92,cosmos_lens_000092,2.1688564043058194,0.3293324585592724,0.5195,1.320023945746547,21.867019855764593
1,COSJ095955+015522,98,cosmos_lens_000098,1.7387304807880168,0.374372077625477,0.3,1.06435840316254,19.086261716898104
2,COSJ095955+015522,42,cosmos_lens_000042,1.937218245425547,0.5165236197167611,0.3,1.120694625708786,21.492863769968597
3,COSJ095955+015522,92,cosmos_lens_000092,2.1688564043058194,0.3293324585592724,0.5195,1.320023945746547,21.867019855764593
1,COSJ095955+021900,98,cosmos_lens_000098,1.7387304807880168,0.374372077625477,0.3,1.06435840316254,19.086261716898104
2,COSJ095955+021900,42,cosmos_lens_000042,1.937218245425547,0.5165236197167611,0.3,1.120694625708786,21.492863769968597
3,COSJ095955+021900,92,cosmos_lens_000092,2.1688564043058194,0.3293324585592724,0.5195,1.320023945746547,21.867019855764593
1,COSJ095955+022901,98,cosmos_lens_000098,1.7387304807880168,0.374372077625477,0.3,1.06435840316254,19.086261716898104
2,COSJ095955+022901,42,cosmos_lens_000042,1.937218245425547,0.5165236197167611,0.3,1.120694625708786,21.492863769968597
3,COSJ095955+022901,92,cosmos_lens_000092,2.1688564043058194,0.3293324585592724,0.5195,1.320023945746547,21.867019855764593
1,COSJ095956+020100,98,cosmos_lens_000098,1.7387304807880168,0.374372077625477,0.3,1.06435840316254,19.086261716898104
2,COSJ095956+020100,42,cosmos_lens_000042,1.937218245425547,0.5165236197167611,0.3,1.120694625708786,21.492863769968597
3,COSJ095956+020100,92,cosmos_lens_000092,2.1688564043058194,0.3293324585592724,0.5195,1.320023945746547,21.867019855764593
1,COSJ095956+021920,98,cosmos_lens_000098,1.7387304807880168,0.374372077625477,0.3,1.06435840316254,19.086261716898104
2,COSJ095956+021920,42,cosmos_lens_000042,1.937218245425547,0.5165236197167611,0.3,1.120694625708786,21.492863769968597
3,COSJ095956+021920,92,cosmos_lens_000092,2.1688564043058194,0.3293324585592724,0.5195,1.320023945746547,21.867019855764593
1,COSJ095956+022028,98,cosmos_lens_000098,1.7387304807880168,0.374372077625477,0.3,1.06435840316254,19.086261716898104
2,COSJ095956+022028,42,cosmos_lens_000042,1.937218245425547,0.5165236197167611,0.3,1.120694625708786,21.492863769968597
3,COSJ095956+022028,92,cosmos_lens_000092,2.1688564043058194,0.3293324585592724,0.5195,1.320023945746547,21.867019855764593
1,COSJ095956+022539,98,cosmos_lens_000098,1.7387304807880168,0.374372077625477,0.3,1.06435840316254,19.086261716898104
2,COSJ095956+022539,42,cosmos_lens_000042,1.937218245425547,0.5165236197167611,0.3,1.120694625708786,21.492863769968597
3,COSJ095956+022539,92,cosmos_lens_000092,2.1688564043058194,0.3293324585592724,0.5195,1.320023945746547,21.867019855764593
1,COSJ095956+022902,98,cosmos_lens_000098,1.7387304807880168,0.374372077625477,0.3,1.06435840316254,19.086261716898104
2,COSJ095956+022902,42,cosmos_lens_000042,1.937218245425547,0.5165236197167611,0.3,1.120694625708786,21.492863769968597
3,COSJ095956+022902,92,cosmos_lens_000092,2.1688564043058194,0.3293324585592724,0.5195,1.320023945746547,21.867019855764593
1,COSJ095956+023353,98,cosmos_lens_000098,1.7387304807880168,0.374372077625477,0.3,1.06435840316254,19.086261716898104
2,COSJ095956+023353,42,cosmos_lens_000042,1.937218245425547,0.5165236197167611,0.3,1.120694625708786,21.492863769968597
3,COSJ095956+023353,92,cosmos_lens_000092,2.1688564043058194,0.3293324585592724,0.5195,1.320023945746547,21.867019855764593
1,COSJ095957+023529,98,cosmos_lens_000098,1.7387304807880168,0.374372077625477,0.3,1.06435840316254,19.086261716898104
2,COSJ095957+023529,42,cosmos_lens_000042,1.937218245425547,0.5165236197167611,0.3,1.120694625708786,21.492863769968597
3,COSJ095957+023529,92,cosmos_lens_000092,2.1688564043058194,0.3293324585592724,0.5195,1.320023945746547,21.867019855764593
1,COSJ095959+020105,98,cosmos_lens_000098,1.7387304807880168,0.374372077625477,0.3,1.06435840316254,19.086261716898104
2,COSJ095959+020105,42,cosmos_lens_000042,1.937218245425547,0.5165236197167611,0.3,1.120694625708786,21.492863769968597
3,COSJ095959+020105,92,cosmos_lens_000092,2.1688564043058194,0.3293324585592724,0.5195,1.320023945746547,21.867019855764593
1,COSJ095959+020634,98,cosmos_lens_000098,1.7387304807880168,0.374372077625477,0.3,1.06435840316254,19.086261716898104
2,COSJ095959+020634,42,cosmos_lens_000042,1.937218245425547,0.5165236197167611,0.3,1.120694625708786,21.492863769968597
3,COSJ095959+020634,92,cosmos_lens_000092,2.1688564043058194,0.3293324585592724,0.5195,1.320023945746547,21.867019855764593
1,COSJ095959+022254,98,cosmos_lens_000098,1.7387304807880168,0.374372077625477,0.3,1.06435840316254,19.086261716898104
2,COSJ095959+022254,42,cosmos_lens_000042,1.937218245425547,0.5165236197167611,0.3,1.120694625708786,21.492863769968597
3,COSJ095959+022254,92,cosmos_lens_000092,2.1688564043058194,0.3293324585592724,0.5195,1.320023945746547,21.867019855764593
1,COSJ095959+023441,98,cosmos_lens_000098,1.7387304807880168,0.374372077625477,0.3,1.06435840316254,19.086261716898104
2,COSJ095959+023441,42,cosmos_lens_000042,1.937218245425547,0.5165236197167611,0.3,1.120694625708786,21.492863769968597
3,COSJ095959+023441,92,cosmos_lens_000092,2.1688564043058194,0.3293324585592724,0.5195,1.320023945746547,21.867019855764593
1,COSJ095959+023537,98,cosmos_lens_000098,1.7387304807880168,0.374372077625477,0.3,1.06435840316254,19.086261716898104
2,COSJ095959+023537,42,cosmos_lens_000042,1.937218245425547,0.5165236197167611,0.3,1.120694625708786,21.492863769968597
3,COSJ095959+023537,92,cosmos_lens_000092,2.1688564043058194,0.3293324585592724,0.5195,1.320023945746547,21.867019855764593
1,COSJ095959+023649,98,cosmos_lens_000098,1.7387304807880168,0.374372077625477,0.3,1.06435840316254,19.086261716898104
2,COSJ095959+023649,42,cosmos_lens_000042,1.937218245425547,0.5165236197167611,0.3,1.120694625708786,21.492863769968597
3,COSJ095959+023649,92,cosmos_lens_000092,2.1688564043058194,0.3293324585592724,0.5195,1.320023945746547,21.867019855764593
1,COSJ100000+021201,98,cosmos_lens_000098,1.7387304807880168,0.374372077625477,0.3,1.06435840316254,19.086261716898104
2,COSJ100000+021201,42,cosmos_lens_000042,1.937218245425547,0.5165236197167611,0.3,1.120694625708786,21.492863769968597
3,COSJ100000+021201,92,cosmos_lens_000092,2.1688564043058194,0.3293324585592724,0.5195,1.320023945746547,21.867019855764593
1,COSJ100000+022042,98,cosmos_lens_000098,1.7387304807880168,0.374372077625477,0.3,1.06435840316254,19.086261716898104
2,COSJ100000+022042,42,cosmos_lens_000042,1.937218245425547,0.5165236197167611,0.3,1.120694625708786,21.492863769968597
3,COSJ100000+022042,92,cosmos_lens_000092,2.1688564043058194,0.3293324585592724,0.5195,1.320023945746547,21.867019855764593
1,COSJ100000+022327,98,cosmos_lens_000098,1.7387304807880168,0.374372077625477,0.3,1.06435840316254,19.086261716898104
2,COSJ100000+022327,42,cosmos_lens_000042,1.937218245425547,0.5165236197167611,0.3,1.120694625708786,21.492863769968597
3,COSJ100000+022327,92,cosmos_lens_000092,2.1688564043058194,0.3293324585592724,0.5195,1.320023945746547,21.867019855764593
1,COSJ100001+020942,98,cosmos_lens_000098,1.7387304807880168,0.374372077625477,0.3,1.06435840316254,19.086261716898104
2,COSJ100001+020942,42,cosmos_lens_000042,1.937218245425547,0.5165236197167611,0.3,1.120694625708786,21.492863769968597
3,COSJ100001+020942,92,cosmos_lens_000092,2.1688564043058194,0.3293324585592724,0.5195,1.320023945746547,21.867019855764593
1,COSJ100001+021455,98,cosmos_lens_000098,1.7387304807880168,0.374372077625477,0.3,1.06435840316254,19.086261716898104
2,COSJ100001+021455,42,cosmos_lens_000042,1.937218245425547,0.5165236197167611,0.3,1.120694625708786,21.492863769968597
3,COSJ100001+021455,92,cosmos_lens_000092,2.1688564043058194,0.3293324585592724,0.5195,1.320023945746547,21.867019855764593
1,COSJ100002+015753,98,cosmos_lens_000098,1.7387304807880168,0.374372077625477,0.3,1.06435840316254,19.086261716898104
2,COSJ100002+015753,42,cosmos_lens_000042,1.937218245425547,0.5165236197167611,0.3,1.120694625708786,21.492863769968597
3,COSJ100002+015753,92,cosmos_lens_000092,2.1688564043058194,0.3293324585592724,0.5195,1.320023945746547,21.867019855764593
1,COSJ100002+015914,98,cosmos_lens_000098,1.7387304807880168,0.374372077625477,0.3,1.06435840316254,19.086261716898104
2,COSJ100002+015914,42,cosmos_lens_000042,1.937218245425547,0.5165236197167611,0.3,1.120694625708786,21.492863769968597
3,COSJ100002+015914,92,cosmos_lens_000092,2.1688564043058194,0.3293324585592724,0.5195,1.320023945746547,21.867019855764593
1,COSJ100002+020851,98,cosmos_lens_000098,1.7387304807880168,0.374372077625477,0.3,1.06435840316254,19.086261716898104
2,COSJ100002+020851,42,cosmos_lens_000042,1.937218245425547,0.5165236197167611,0.3,1.120694625708786,21.492863769968597
3,COSJ100002+020851,92,cosmos_lens_000092,2.1688564043058194,0.3293324585592724,0.5195,1.320023945746547,21.867019855764593
1,COSJ100002+020932,98,cosmos_lens_000098,1.7387304807880168,0.374372077625477,0.3,1.06435840316254,19.086261716898104
2,COSJ100002+020932,42,cosmos_lens_000042,1.937218245425547,0.5165236197167611,0.3,1.120694625708786,21.492863769968597
3,COSJ100002+020932,92,cosmos_lens_000092,2.1688564043058194,0.3293324585592724,0.5195,1.320023945746547,21.867019855764593
1,COSJ100002+021136,98,cosmos_lens_000098,1.7387304807880168,0.374372077625477,0.3,1.06435840316254,19.086261716898104
2,COSJ100002+021136,42,cosmos_lens_000042,1.937218245425547,0.5165236197167611,0.3,1.120694625708786,21.492863769968597
3,COSJ100002+021136,92,cosmos_lens_000092,2.1688564043058194,0.3293324585592724,0.5195,1.320023945746547,21.867019855764593
1,COSJ100002+022710,98,cosmos_lens_000098,1.7387304807880168,0.374372077625477,0.3,1.06435840316254,19.086261716898104
2,COSJ100002+022710,42,cosmos_lens_000042,1.937218245425547,0.5165236197167611,0.3,1.120694625708786,21.492863769968597
3,COSJ100002+022710,92,cosmos_lens_000092,2.1688564043058194,0.3293324585592724,0.5195,1.320023945746547,21.867019855764593
1,COSJ100004+015307,98,cosmos_lens_000098,1.7387304807880168,0.374372077625477,0.3,1.06435840316254,19.086261716898104
2,COSJ100004+015307,42,cosmos_lens_000042,1.937218245425547,0.5165236197167611,0.3,1.120694625708786,21.492863769968597
3,COSJ100004+015307,92,cosmos_lens_000092,2.1688564043058194,0.3293324585592724,0.5195,1.320023945746547,21.867019855764593
1,COSJ100004+022641,98,cosmos_lens_000098,1.7387304807880168,0.374372077625477,0.3,1.06435840316254,19.086261716898104
2,COSJ100004+022641,42,cosmos_lens_000042,1.937218245425547,0.5165236197167611,0.3,1.120694625708786,21.492863769968597
3,COSJ100004+022641,92,cosmos_lens_000092,2.1688564043058194,0.3293324585592724,0.5195,1.320023945746547,21.867019855764593
1,COSJ100004+023543,98,cosmos_lens_000098,1.7387304807880168,0.374372077625477,0.3,1.06435840316254,19.086261716898104
2,COSJ100004+023543,42,cosmos_lens_000042,1.937218245425547,0.5165236197167611,0.3,1.120694625708786,21.492863769968597
3,COSJ100004+023543,92,cosmos_lens_000092,2.1688564043058194,0.3293324585592724,0.5195,1.320023945746547,21.867019855764593
1,COSJ100005+021159,98,cosmos_lens_000098,1.7387304807880168,0.374372077625477,0.3,1.06435840316254,19.086261716898104
2,COSJ100005+021159,42,cosmos_lens_000042,1.937218245425547,0.5165236197167611,0.3,1.120694625708786,21.492863769968597
3,COSJ100005+021159,92,cosmos_lens_000092,2.1688564043058194,0.3293324585592724,0.5195,1.320023945746547,21.867019855764593
1,COSJ100005+021223,98,cosmos_lens_000098,1.7387304807880168,0.374372077625477,0.3,1.06435840316254,19.086261716898104
2,COSJ100005+021223,42,cosmos_lens_000042,1.937218245425547,0.5165236197167611,0.3,1.120694625708786,21.492863769968597
3,COSJ100005+021223,92,cosmos_lens_000092,2.1688564043058194,0.3293324585592724,0.5195,1.320023945746547,21.867019855764593
1,COSJ100005+023753,98,cosmos_lens_000098,1.7387304807880168,0.374372077625477,0.3,1.06435840316254,19.086261716898104
2,COSJ100005+023753,42,cosmos_lens_000042,1.937218245425547,0.5165236197167611,0.3,1.120694625708786,21.492863769968597
3,COSJ100005+023753,92,cosmos_lens_000092,2.1688564043058194,0.3293324585592724,0.5195,1.320023945746547,21.867019855764593
1,COSJ100007+015240,98,cosmos_lens_000098,1.7387304807880168,0.374372077625477,0.3,1.06435840316254,19.086261716898104
2,COSJ100007+015240,42,cosmos_lens_000042,1.937218245425547,0.5165236197167611,0.3,1.120694625708786,21.492863769968597
3,COSJ100007+015240,92,cosmos_lens_000092,2.1688564043058194,0.3293324585592724,0.5195,1.320023945746547,21.867019855764593
1,COSJ100008+020758,98,cosmos_lens_000098,1.7387304807880168,0.374372077625477,0.3,1.06435840316254,19.086261716898104
2,COSJ100008+020758,42,cosmos_lens_000042,1.937218245425547,0.5165236197167611,0.3,1.120694625708786,21.492863769968597
3,COSJ100008+020758,92,cosmos_lens_000092,2.1688564043058194,0.3293324585592724,0.5195,1.320023945746547,21.867019855764593
1,COSJ100008+022122,98,cosmos_lens_000098,1.7387304807880168,0.374372077625477,0.3,1.06435840316254,19.086261716898104
2,COSJ100008+022122,42,cosmos_lens_000042,1.937218245425547,0.5165236197167611,0.3,1.120694625708786,21.492863769968597
3,COSJ100008+022122,92,cosmos_lens_000092,2.1688564043058194,0.3293324585592724,0.5195,1.320023945746547,21.867019855764593
1,COSJ100010+021022,98,cosmos_lens_000098,1.7387304807880168,0.374372077625477,0.3,1.06435840316254,19.086261716898104
2,COSJ100010+021022,42,cosmos_lens_000042,1.937218245425547,0.5165236197167611,0.3,1.120694625708786,21.492863769968597
3,COSJ100010+021022,92,cosmos_lens_000092,2.1688564043058194,0.3293324585592724,0.5195,1.320023945746547,21.867019855764593
1,COSJ100010+022601,98,cosmos_lens_000098,1.7387304807880168,0.374372077625477,0.3,1.06435840316254,19.086261716898104
2,COSJ100010+022601,42,cosmos_lens_000042,1.937218245425547,0.5165236197167611,0.3,1.120694625708786,21.492863769968597
3,COSJ100010+022601,92,cosmos_lens_000092,2.1688564043058194,0.3293324585592724,0.5195,1.320023945746547,21.867019855764593
1,COSJ100010+023549,98,cosmos_lens_000098,1.7387304807880168,0.374372077625477,0.3,1.06435840316254,19.086261716898104
2,COSJ100010+023549,42,cosmos_lens_000042,1.937218245425547,0.5165236197167611,0.3,1.120694625708786,21.492863769968597
3,COSJ100010+023549,92,cosmos_lens_000092,2.1688564043058194,0.3293324585592724,0.5195,1.320023945746547,21.867019855764593
1,COSJ100010+023634,98,cosmos_lens_000098,1.7387304807880168,0.374372077625477,0.3,1.06435840316254,19.086261716898104
2,COSJ100010+023634,42,cosmos_lens_000042,1.937218245425547,0.5165236197167611,0.3,1.120694625708786,21.492863769968597
3,COSJ100010+023634,92,cosmos_lens_000092,2.1688564043058194,0.3293324585592724,0.5195,1.320023945746547,21.867019855764593
1,COSJ100011+021301,98,cosmos_lens_000098,1.7387304807880168,0.374372077625477,0.3,1.06435840316254,19.086261716898104
2,COSJ100011+021301,42,cosmos_lens_000042,1.937218245425547,0.5165236197167611,0.3,1.120694625708786,21.492863769968597
3,COSJ100011+021301,92,cosmos_lens_000092,2.1688564043058194,0.3293324585592724,0.5195,1.320023945746547,21.867019855764593
1,COSJ100011+023501,98,cosmos_lens_000098,1.7387304807880168,0.374372077625477,0.3,1.06435840316254,19.086261716898104
2,COSJ100011+023501,42,cosmos_lens_000042,1.937218245425547,0.5165236197167611,0.3,1.120694625708786,21.492863769968597
3,COSJ100011+023501,92,cosmos_lens_000092,2.1688564043058194,0.3293324585592724,0.5195,1.320023945746547,21.867019855764593
1,COSJ100011+023531,98,cosmos_lens_000098,1.7387304807880168,0.374372077625477,0.3,1.06435840316254,19.086261716898104
2,COSJ100011+023531,42,cosmos_lens_000042,1.937218245425547,0.5165236197167611,0.3,1.120694625708786,21.492863769968597
3,COSJ100011+023531,92,cosmos_lens_000092,2.1688564043058194,0.3293324585592724,0.5195,1.320023945746547,21.867019855764593
1,COSJ100011+023713,98,cosmos_lens_000098,1.7387304807880168,0.374372077625477,0.3,1.06435840316254,19.086261716898104
2,COSJ100011+023713,42,cosmos_lens_000042,1.937218245425547,0.5165236197167611,0.3,1.120694625708786,21.492863769968597
3,COSJ100011+023713,92,cosmos_lens_000092,2.1688564043058194,0.3293324585592724,0.5195,1.320023945746547,21.867019855764593
1,COSJ100012+022015,98,cosmos_lens_000098,1.7387304807880168,0.374372077625477,0.3,1.06435840316254,19.086261716898104
2,COSJ100012+022015,42,cosmos_lens_000042,1.937218245425547,0.5165236197167611,0.3,1.120694625708786,21.492863769968597
3,COSJ100012+022015,92,cosmos_lens_000092,2.1688564043058194,0.3293324585592724,0.5195,1.320023945746547,21.867019855764593
1,COSJ100012+023351,98,cosmos_lens_000098,1.7387304807880168,0.374372077625477,0.3,1.06435840316254,19.086261716898104
2,COSJ100012+023351,42,cosmos_lens_000042,1.937218245425547,0.5165236197167611,0.3,1.120694625708786,21.492863769968597
3,COSJ100012+023351,92,cosmos_lens_000092,2.1688564043058194,0.3293324585592724,0.5195,1.320023945746547,21.867019855764593
1,COSJ100012+023421,98,cosmos_lens_000098,1.7387304807880168,0.374372077625477,0.3,1.06435840316254,19.086261716898104
2,COSJ100012+023421,42,cosmos_lens_000042,1.937218245425547,0.5165236197167611,0.3,1.120694625708786,21.492863769968597
3,COSJ100012+023421,92,cosmos_lens_000092,2.1688564043058194,0.3293324585592724,0.5195,1.320023945746547,21.867019855764593
1,COSJ100013+020223,98,cosmos_lens_000098,1.7387304807880168,0.374372077625477,0.3,1.06435840316254,19.086261716898104
2,COSJ100013+020223,42,cosmos_lens_000042,1.937218245425547,0.5165236197167611,0.3,1.120694625708786,21.492863769968597
3,COSJ100013+020223,92,cosmos_lens_000092,2.1688564043058194,0.3293324585592724,0.5195,1.320023945746547,21.867019855764593
1,COSJ100013+022023,98,cosmos_lens_000098,1.7387304807880168,0.374372077625477,0.3,1.06435840316254,19.086261716898104
2,COSJ100013+022023,42,cosmos_lens_000042,1.937218245425547,0.5165236197167611,0.3,1.120694625708786,21.492863769968597
3,COSJ100013+022023,92,cosmos_lens_000092,2.1688564043058194,0.3293324585592724,0.5195,1.320023945746547,21.867019855764593
1,COSJ100013+022949,98,cosmos_lens_000098,1.7387304807880168,0.374372077625477,0.3,1.06435840316254,19.086261716898104
2,COSJ100013+022949,42,cosmos_lens_000042,1.937218245425547,0.5165236197167611,0.3,1.120694625708786,21.492863769968597
3,COSJ100013+022949,92,cosmos_lens_000092,2.1688564043058194,0.3293324585592724,0.5195,1.320023945746547,21.867019855764593
1,COSJ100013+023205,98,cosmos_lens_000098,1.7387304807880168,0.374372077625477,0.3,1.06435840316254,19.086261716898104
2,COSJ100013+023205,42,cosmos_lens_000042,1.937218245425547,0.5165236197167611,0.3,1.120694625708786,21.492863769968597
3,COSJ100013+023205,92,cosmos_lens_000092,2.1688564043058194,0.3293324585592724,0.5195,1.320023945746547,21.867019855764593
1,COSJ100013+023424,98,cosmos_lens_000098,1.7387304807880168,0.374372077625477,0.3,1.06435840316254,19.086261716898104
2,COSJ100013+023424,42,cosmos_lens_000042,1.937218245425547,0.5165236197167611,0.3,1.120694625708786,21.492863769968597
3,COSJ100013+023424,92,cosmos_lens_000092,2.1688564043058194,0.3293324585592724,0.5195,1.320023945746547,21.867019855764593
1,COSJ100015+022850,98,cosmos_lens_000098,1.7387304807880168,0.374372077625477,0.3,1.06435840316254,19.086261716898104
2,COSJ100015+022850,42,cosmos_lens_000042,1.937218245425547,0.5165236197167611,0.3,1.120694625708786,21.492863769968597
3,COSJ100015+022850,92,cosmos_lens_000092,2.1688564043058194,0.3293324585592724,0.5195,1.320023945746547,21.867019855764593
1,COSJ100015+023341,98,cosmos_lens_000098,1.7387304807880168,0.374372077625477,0.3,1.06435840316254,19.086261716898104
2,COSJ100015+023341,42,cosmos_lens_000042,1.937218245425547,0.5165236197167611,0.3,1.120694625708786,21.492863769968597
3,COSJ100015+023341,92,cosmos_lens_000092,2.1688564043058194,0.3293324585592724,0.5195,1.320023945746547,21.867019855764593
1,COSJ100015+023621,98,cosmos_lens_000098,1.7387304807880168,0.374372077625477,0.3,1.06435840316254,19.086261716898104
2,COSJ100015+023621,42,cosmos_lens_000042,1.937218245425547,0.5165236197167611,0.3,1.120694625708786,21.492863769968597
3,COSJ100015+023621,92,cosmos_lens_000092,2.1688564043058194,0.3293324585592724,0.5195,1.320023945746547,21.867019855764593
1,COSJ100015+023708,98,cosmos_lens_000098,1.7387304807880168,0.374372077625477,0.3,1.06435840316254,19.086261716898104
2,COSJ100015+023708,42,cosmos_lens_000042,1.937218245425547,0.5165236197167611,0.3,1.120694625708786,21.492863769968597
3,COSJ100015+023708,92,cosmos_lens_000092,2.1688564043058194,0.3293324585592724,0.5195,1.320023945746547,21.867019855764593
1,COSJ100016+020956,98,cosmos_lens_000098,1.7387304807880168,0.374372077625477,0.3,1.06435840316254,19.086261716898104
2,COSJ100016+020956,42,cosmos_lens_000042,1.937218245425547,0.5165236197167611,0.3,1.120694625708786,21.492863769968597
3,COSJ100016+020956,92,cosmos_lens_000092,2.1688564043058194,0.3293324585592724,0.5195,1.320023945746547,21.867019855764593
1,COSJ100016+022131,98,cosmos_lens_000098,1.7387304807880168,0.374372077625477,0.3,1.06435840316254,19.086261716898104
2,COSJ100016+022131,42,cosmos_lens_000042,1.937218245425547,0.5165236197167611,0.3,1.120694625708786,21.492863769968597
3,COSJ100016+022131,92,cosmos_lens_000092,2.1688564043058194,0.3293324585592724,0.5195,1.320023945746547,21.867019855764593
1,COSJ100016+022827,98,cosmos_lens_000098,1.7387304807880168,0.374372077625477,0.3,1.06435840316254,19.086261716898104
2,COSJ100016+022827,42,cosmos_lens_000042,1.937218245425547,0.5165236197167611,0.3,1.120694625708786,21.492863769968597
3,COSJ100016+022827,92,cosmos_lens_000092,2.1688564043058194,0.3293324585592724,0.5195,1.320023945746547,21.867019855764593
1,COSJ100017+020443,98,cosmos_lens_000098,1.7387304807880168,0.374372077625477,0.3,1.06435840316254,19.086261716898104
2,COSJ100017+020443,42,cosmos_lens_000042,1.937218245425547,0.5165236197167611,0.3,1.120694625708786,21.492863769968597
3,COSJ100017+020443,92,cosmos_lens_000092,2.1688564043058194,0.3293324585592724,0.5195,1.320023945746547,21.867019855764593
1,COSJ100017+023020,98,cosmos_lens_000098,1.7387304807880168,0.374372077625477,0.3,1.06435840316254,19.086261716898104
2,COSJ100017+023020,42,cosmos_lens_000042,1.937218245425547,0.5165236197167611,0.3,1.120694625708786,21.492863769968597
3,COSJ100017+023020,92,cosmos_lens_000092,2.1688564043058194,0.3293324585592724,0.5195,1.320023945746547,21.867019855764593
1,COSJ100018+022034,98,cosmos_lens_000098,1.7387304807880168,0.374372077625477,0.3,1.06435840316254,19.086261716898104
2,COSJ100018+022034,42,cosmos_lens_000042,1.937218245425547,0.5165236197167611,0.3,1.120694625708786,21.492863769968597
3,COSJ100018+022034,92,cosmos_lens_000092,2.1688564043058194,0.3293324585592724,0.5195,1.320023945746547,21.867019855764593
1,COSJ100018+022138,98,cosmos_lens_000098,1.7387304807880168,0.374372077625477,0.3,1.06435840316254,19.086261716898104
2,COSJ100018+022138,42,cosmos_lens_000042,1.937218245425547,0.5165236197167611,0.3,1.120694625708786,21.492863769968597
3,COSJ100018+022138,92,cosmos_lens_000092,2.1688564043058194,0.3293324585592724,0.5195,1.320023945746547,21.867019855764593
1,COSJ100018+023741,98,cosmos_lens_000098,1.7387304807880168,0.374372077625477,0.3,1.06435840316254,19.086261716898104
2,COSJ100018+023741,42,cosmos_lens_000042,1.937218245425547,0.5165236197167611,0.3,1.120694625708786,21.492863769968597
3,COSJ100018+023741,92,cosmos_lens_000092,2.1688564043058194,0.3293324585592724,0.5195,1.320023945746547,21.867019855764593
1,COSJ100020+021308,98,cosmos_lens_000098,1.7387304807880168,0.374372077625477,0.3,1.06435840316254,19.086261716898104
2,COSJ100020+021308,42,cosmos_lens_000042,1.937218245425547,0.5165236197167611,0.3,1.120694625708786,21.492863769968597
3,COSJ100020+021308,92,cosmos_lens_000092,2.1688564043058194,0.3293324585592724,0.5195,1.320023945746547,21.867019855764593
1,COSJ100020+023047,98,cosmos_lens_000098,1.7387304807880168,0.374372077625477,0.3,1.06435840316254,19.086261716898104
2,COSJ100020+023047,42,cosmos_lens_000042,1.937218245425547,0.5165236197167611,0.3,1.120694625708786,21.492863769968597
3,COSJ100020+023047,92,cosmos_lens_000092,2.1688564043058194,0.3293324585592724,0.5195,1.320023945746547,21.867019855764593
1,COSJ100020+023332,98,cosmos_lens_000098,1.7387304807880168,0.374372077625477,0.3,1.06435840316254,19.086261716898104
2,COSJ100020+023332,42,cosmos_lens_000042,1.937218245425547,0.5165236197167611,0.3,1.120694625708786,21.492863769968597
3,COSJ100020+023332,92,cosmos_lens_000092,2.1688564043058194,0.3293324585592724,0.5195,1.320023945746547,21.867019855764593
1,COSJ100021+014905,98,cosmos_lens_000098,1.7387304807880168,0.374372077625477,0.3,1.06435840316254,19.086261716898104
2,COSJ100021+014905,42,cosmos_lens_000042,1.937218245425547,0.5165236197167611,0.3,1.120694625708786,21.492863769968597
3,COSJ100021+014905,92,cosmos_lens_000092,2.1688564043058194,0.3293324585592724,0.5195,1.320023945746547,21.867019855764593
1,COSJ100021+014915,98,cosmos_lens_000098,1.7387304807880168,0.374372077625477,0.3,1.06435840316254,19.086261716898104
2,COSJ100021+014915,42,cosmos_lens_000042,1.937218245425547,0.5165236197167611,0.3,1.120694625708786,21.492863769968597
3,COSJ100021+014915,92,cosmos_lens_000092,2.1688564043058194,0.3293324585592724,0.5195,1.320023945746547,21.867019855764593
1,COSJ100021+022333,98,cosmos_lens_000098,1.7387304807880168,0.374372077625477,0.3,1.06435840316254,19.086261716898104
2,COSJ100021+022333,42,cosmos_lens_000042,1.937218245425547,0.5165236197167611,0.3,1.120694625708786,21.492863769968597
3,COSJ100021+022333,92,cosmos_lens_000092,2.1688564043058194,0.3293324585592724,0.5195,1.320023945746547,21.867019855764593
1,COSJ100021+023600,98,cosmos_lens_000098,1.7387304807880168,0.374372077625477,0.3,1.06435840316254,19.086261716898104
2,COSJ100021+023600,42,cosmos_lens_000042,1.937218245425547,0.5165236197167611,0.3,1.120694625708786,21.492863769968597
3,COSJ100021+023600,92,cosmos_lens_000092,2.1688564043058194,0.3293324585592724,0.5195,1.320023945746547,21.867019855764593
1,COSJ100022+014924,98,cosmos_lens_000098,1.7387304807880168,0.374372077625477,0.3,1.06435840316254,19.086261716898104
2,COSJ100022+014924,42,cosmos_lens_000042,1.937218245425547,0.5165236197167611,0.3,1.120694625708786,21.492863769968597
3,COSJ100022+014924,92,cosmos_lens_000092,2.1688564043058194,0.3293324585592724,0.5195,1.320023945746547,21.867019855764593
1,COSJ100022+021312,98,cosmos_lens_000098,1.7387304807880168,0.374372077625477,0.3,1.06435840316254,19.086261716898104
2,COSJ100022+021312,42,cosmos_lens_000042,1.937218245425547,0.5165236197167611,0.3,1.120694625708786,21.492863769968597
3,COSJ100022+021312,92,cosmos_lens_000092,2.1688564043058194,0.3293324585592724,0.5195,1.320023945746547,21.867019855764593
1,COSJ100022+023102,98,cosmos_lens_000098,1.7387304807880168,0.374372077625477,0.3,1.06435840316254,19.086261716898104
2,COSJ100022+023102,42,cosmos_lens_000042,1.937218245425547,0.5165236197167611,0.3,1.120694625708786,21.492863769968597
3,COSJ100022+023102,92,cosmos_lens_000092,2.1688564043058194,0.3293324585592724,0.5195,1.320023945746547,21.867019855764593
1,COSJ100023+020958,98,cosmos_lens_000098,1.7387304807880168,0.374372077625477,0.3,1.06435840316254,19.086261716898104
2,COSJ100023+020958,42,cosmos_lens_000042,1.937218245425547,0.5165236197167611,0.3,1.120694625708786,21.492863769968597
3,COSJ100023+020958,92,cosmos_lens_000092,2.1688564043058194,0.3293324585592724,0.5195,1.320023945746547,21.867019855764593
1,COSJ100023+021652,98,cosmos_lens_000098,1.7387304807880168,0.374372077625477,0.3,1.06435840316254,19.086261716898104
2,COSJ100023+021652,42,cosmos_lens_000042,1.937218245425547,0.5165236197167611,0.3,1.120694625708786,21.492863769968597
3,COSJ100023+021652,92,cosmos_lens_000092,2.1688564043058194,0.3293324585592724,0.5195,1.320023945746547,21.867019855764593
1,COSJ100024+015334,98,cosmos_lens_000098,1.7387304807880168,0.374372077625477,0.3,1.06435840316254,19.086261716898104
2,COSJ100024+015334,42,cosmos_lens_000042,1.937218245425547,0.5165236197167611,0.3,1.120694625708786,21.492863769968597
3,COSJ100024+015334,92,cosmos_lens_000092,2.1688564043058194,0.3293324585592724,0.5195,1.320023945746547,21.867019855764593
1,COSJ100024+021749,98,cosmos_lens_000098,1.7387304807880168,0.374372077625477,0.3,1.06435840316254,19.086261716898104
2,COSJ100024+021749,42,cosmos_lens_000042,1.937218245425547,0.5165236197167611,0.3,1.120694625708786,21.492863769968597
3,COSJ100024+021749,92,cosmos_lens_000092,2.1688564043058194,0.3293324585592724,0.5195,1.320023945746547,21.867019855764593
1,COSJ100025+015245,98,cosmos_lens_000098,1.7387304807880168,0.374372077625477,0.3,1.06435840316254,19.086261716898104
2,COSJ100025+015245,42,cosmos_lens_000042,1.937218245425547,0.5165236197167611,0.3,1.120694625708786,21.492863769968597
3,COSJ100025+015245,92,cosmos_lens_000092,2.1688564043058194,0.3293324585592724,0.5195,1.320023945746547,21.867019855764593
1,COSJ100025+021538,98,cosmos_lens_000098,1.7387304807880168,0.374372077625477,0.3,1.06435840316254,19.086261716898104
2,COSJ100025+021538,42,cosmos_lens_000042,1.937218245425547,0.5165236197167611,0.3,1.120694625708786,21.492863769968597
3,COSJ100025+021538,92,cosmos_lens_000092,2.1688564043058194,0.3293324585592724,0.5195,1.320023945746547,21.867019855764593
1,COSJ100025+022001,98,cosmos_lens_000098,1.7387304807880168,0.374372077625477,0.3,1.06435840316254,19.086261716898104
2,COSJ100025+022001,42,cosmos_lens_000042,1.937218245425547,0.5165236197167611,0.3,1.120694625708786,21.492863769968597
3,COSJ100025+022001,92,cosmos_lens_000092,2.1688564043058194,0.3293324585592724,0.5195,1.320023945746547,21.867019855764593
1,COSJ100025+023225,98,cosmos_lens_000098,1.7387304807880168,0.374372077625477,0.3,1.06435840316254,19.086261716898104
2,COSJ100025+023225,42,cosmos_lens_000042,1.937218245425547,0.5165236197167611,0.3,1.120694625708786,21.492863769968597
3,COSJ100025+023225,92,cosmos_lens_000092,2.1688564043058194,0.3293324585592724,0.5195,1.320023945746547,21.867019855764593
1,COSJ100026+020345,98,cosmos_lens_000098,1.7387304807880168,0.374372077625477,0.3,1.06435840316254,19.086261716898104
2,COSJ100026+020345,42,cosmos_lens_000042,1.937218245425547,0.5165236197167611,0.3,1.120694625708786,21.492863769968597
3,COSJ100026+020345,92,cosmos_lens_000092,2.1688564043058194,0.3293324585592724,0.5195,1.320023945746547,21.867019855764593
1,COSJ100026+023013,98,cosmos_lens_000098,1.7387304807880168,0.374372077625477,0.3,1.06435840316254,19.086261716898104
2,COSJ100026+023013,42,cosmos_lens_000042,1.937218245425547,0.5165236197167611,0.3,1.120694625708786,21.492863769968597
3,COSJ100026+023013,92,cosmos_lens_000092,2.1688564043058194,0.3293324585592724,0.5195,1.320023945746547,21.867019855764593
1,COSJ100027+015014,98,cosmos_lens_000098,1.7387304807880168,0.374372077625477,0.3,1.06435840316254,19.086261716898104
2,COSJ100027+015014,42,cosmos_lens_000042,1.937218245425547,0.5165236197167611,0.3,1.120694625708786,21.492863769968597
3,COSJ100027+015014,92,cosmos_lens_000092,2.1688564043058194,0.3293324585592724,0.5195,1.320023945746547,21.867019855764593
1,COSJ100027+020051,98,cosmos_lens_000098,1.7387304807880168,0.374372077625477,0.3,1.06435840316254,19.086261716898104
2,COSJ100027+020051,42,cosmos_lens_000042,1.937218245425547,0.5165236197167611,0.3,1.120694625708786,21.492863769968597
3,COSJ100027+020051,92,cosmos_lens_000092,2.1688564043058194,0.3293324585592724,0.5195,1.320023945746547,21.867019855764593
1,COSJ100027+023137,98,cosmos_lens_000098,1.7387304807880168,0.374372077625477,0.3,1.06435840316254,19.086261716898104
2,COSJ100027+023137,42,cosmos_lens_000042,1.937218245425547,0.5165236197167611,0.3,1.120694625708786,21.492863769968597
3,COSJ100027+023137,92,cosmos_lens_000092,2.1688564043058194,0.3293324585592724,0.5195,1.320023945746547,21.867019855764593
1,COSJ100028+015805,98,cosmos_lens_000098,1.7387304807880168,0.374372077625477,0.3,1.06435840316254,19.086261716898104
2,COSJ100028+015805,42,cosmos_lens_000042,1.937218245425547,0.5165236197167611,0.3,1.120694625708786,21.492863769968597
3,COSJ100028+015805,92,cosmos_lens_000092,2.1688564043058194,0.3293324585592724,0.5195,1.320023945746547,21.867019855764593
1,COSJ100028+020024,98,cosmos_lens_000098,1.7387304807880168,0.374372077625477,0.3,1.06435840316254,19.086261716898104
2,COSJ100028+020024,42,cosmos_lens_000042,1.937218245425547,0.5165236197167611,0.3,1.120694625708786,21.492863769968597
3,COSJ100028+020024,92,cosmos_lens_000092,2.1688564043058194,0.3293324585592724,0.5195,1.320023945746547,21.867019855764593
1,COSJ100028+021600,98,cosmos_lens_000098,1.7387304807880168,0.374372077625477,0.3,1.06435840316254,19.086261716898104
2,COSJ100028+021600,42,cosmos_lens_000042,1.937218245425547,0.5165236197167611,0.3,1.120694625708786,21.492863769968597
3,COSJ100028+021600,92,cosmos_lens_000092,2.1688564043058194,0.3293324585592724,0.5195,1.320023945746547,21.867019855764593
1,COSJ100028+021710,98,cosmos_lens_000098,1.7387304807880168,0.374372077625477,0.3,1.06435840316254,19.086261716898104
2,COSJ100028+021710,42,cosmos_lens_000042,1.937218245425547,0.5165236197167611,0.3,1.120694625708786,21.492863769968597
3,COSJ100028+021710,92,cosmos_lens_000092,2.1688564043058194,0.3293324585592724,0.5195,1.320023945746547,21.867019855764593
1,COSJ100028+021731,98,cosmos_lens_000098,1.7387304807880168,0.374372077625477,0.3,1.06435840316254,19.086261716898104
2,COSJ100028+021731,42,cosmos_lens_000042,1.937218245425547,0.5165236197167611,0.3,1.120694625708786,21.492863769968597
3,COSJ100028+021731,92,cosmos_lens_000092,2.1688564043058194,0.3293324585592724,0.5195,1.320023945746547,21.867019855764593
1,COSJ100028+021928,98,cosmos_lens_000098,1.7387304807880168,0.374372077625477,0.3,1.06435840316254,19.086261716898104
2,COSJ100028+021928,42,cosmos_lens_000042,1.937218245425547,0.5165236197167611,0.3,1.120694625708786,21.492863769968597
3,COSJ100028+021928,92,cosmos_lens_000092,2.1688564043058194,0.3293324585592724,0.5195,1.320023945746547,21.867019855764593
1,COSJ100030+014754,98,cosmos_lens_000098,1.7387304807880168,0.374372077625477,0.3,1.06435840316254,19.086261716898104
2,COSJ100030+014754,42,cosmos_lens_000042,1.937218245425547,0.5165236197167611,0.3,1.120694625708786,21.492863769968597
3,COSJ100030+014754,92,cosmos_lens_000092,2.1688564043058194,0.3293324585592724,0.5195,1.320023945746547,21.867019855764593
1,COSJ100030+014853,98,cosmos_lens_000098,1.7387304807880168,0.374372077625477,0.3,1.06435840316254,19.086261716898104
2,COSJ100030+014853,42,cosmos_lens_000042,1.937218245425547,0.5165236197167611,0.3,1.120694625708786,21.492863769968597
3,COSJ100030+014853,92,cosmos_lens_000092,2.1688564043058194,0.3293324585592724,0.5195,1.320023945746547,21.867019855764593
1,COSJ100030+015427,98,cosmos_lens_000098,1.7387304807880168,0.374372077625477,0.3,1.06435840316254,19.086261716898104
2,COSJ100030+015427,42,cosmos_lens_000042,1.937218245425547,0.5165236197167611,0.3,1.120694625708786,21.492863769968597
3,COSJ100030+015427,92,cosmos_lens_000092,2.1688564043058194,0.3293324585592724,0.5195,1.320023945746547,21.867019855764593
1,COSJ100030+021410,98,cosmos_lens_000098,1.7387304807880168,0.374372077625477,0.3,1.06435840316254,19.086261716898104
2,COSJ100030+021410,42,cosmos_lens_000042,1.937218245425547,0.5165236197167611,0.3,1.120694625708786,21.492863769968597
3,COSJ100030+021410,92,cosmos_lens_000092,2.1688564043058194,0.3293324585592724,0.5195,1.320023945746547,21.867019855764593
1,COSJ100030+022026,98,cosmos_lens_000098,1.7387304807880168,0.374372077625477,0.3,1.06435840316254,19.086261716898104
2,COSJ100030+022026,42,cosmos_lens_000042,1.937218245425547,0.5165236197167611,0.3,1.120694625708786,21.492863769968597
3,COSJ100030+022026,92,cosmos_lens_000092,2.1688564043058194,0.3293324585592724,0.5195,1.320023945746547,21.867019855764593
1,COSJ100031+015335,98,cosmos_lens_000098,1.7387304807880168,0.374372077625477,0.3,1.06435840316254,19.086261716898104
2,COSJ100031+015335,42,cosmos_lens_000042,1.937218245425547,0.5165236197167611,0.3,1.120694625708786,21.492863769968597
3,COSJ100031+015335,92,cosmos_lens_000092,2.1688564043058194,0.3293324585592724,0.5195,1.320023945746547,21.867019855764593
1,COSJ100031+020046,98,cosmos_lens_000098,1.7387304807880168,0.374372077625477,0.3,1.06435840316254,19.086261716898104
2,COSJ100031+020046,42,cosmos_lens_000042,1.937218245425547,0.5165236197167611,0.3,1.120694625708786,21.492863769968597
3,COSJ100031+020046,92,cosmos_lens_000092,2.1688564043058194,0.3293324585592724,0.5195,1.320023945746547,21.867019855764593
1,COSJ100031+020113,98,cosmos_lens_000098,1.7387304807880168,0.374372077625477,0.3,1.06435840316254,19.086261716898104
2,COSJ100031+020113,42,cosmos_lens_000042,1.937218245425547,0.5165236197167611,0.3,1.120694625708786,21.492863769968597
3,COSJ100031+020113,92,cosmos_lens_000092,2.1688564043058194,0.3293324585592724,0.5195,1.320023945746547,21.867019855764593
1,COSJ100031+022615,98,cosmos_lens_000098,1.7387304807880168,0.374372077625477,0.3,1.06435840316254,19.086261716898104
2,COSJ100031+022615,42,cosmos_lens_000042,1.937218245425547,0.5165236197167611,0.3,1.120694625708786,21.492863769968597
3,COSJ100031+022615,92,cosmos_lens_000092,2.1688564043058194,0.3293324585592724,0.5195,1.320023945746547,21.867019855764593
1,COSJ100031+022639,98,cosmos_lens_000098,1.7387304807880168,0.374372077625477,0.3,1.06435840316254,19.086261716898104
2,COSJ100031+022639,42,cosmos_lens_000042,1.937218245425547,0.5165236197167611,0.3,1.120694625708786,21.492863769968597
3,COSJ100031+022639,92,cosmos_lens_000092,2.1688564043058194,0.3293324585592724,0.5195,1.320023945746547,21.867019855764593
1,COSJ100031+023300,98,cosmos_lens_000098,1.7387304807880168,0.374372077625477,0.3,1.06435840316254,19.086261716898104
2,COSJ100031+023300,42,cosmos_lens_000042,1.937218245425547,0.5165236197167611,0.3,1.120694625708786,21.492863769968597
3,COSJ100031+023300,92,cosmos_lens_000092,2.1688564043058194,0.3293324585592724,0.5195,1.320023945746547,21.867019855764593
1,COSJ100033+015039,98,cosmos_lens_000098,1.7387304807880168,0.374372077625477,0.3,1.06435840316254,19.086261716898104
2,COSJ100033+015039,42,cosmos_lens_000042,1.937218245425547,0.5165236197167611,0.3,1.120694625708786,21.492863769968597
3,COSJ100033+015039,92,cosmos_lens_000092,2.1688564043058194,0.3293324585592724,0.5195,1.320023945746547,21.867019855764593
1,COSJ100033+015709,98,cosmos_lens_000098,1.7387304807880168,0.374372077625477,0.3,1.06435840316254,19.086261716898104
2,COSJ100033+015709,42,cosmos_lens_000042,1.937218245425547,0.5165236197167611,0.3,1.120694625708786,21.492863769968597
3,COSJ100033+015709,92,cosmos_lens_000092,2.1688564043058194,0.3293324585592724,0.5195,1.320023945746547,21.867019855764593
1,COSJ100033+021339,98,cosmos_lens_000098,1.7387304807880168,0.374372077625477,0.3,1.06435840316254,19.086261716898104
2,COSJ100033+021339,42,cosmos_lens_000042,1.937218245425547,0.5165236197167611,0.3,1.120694625708786,21.492863769968597
3,COSJ100033+021339,92,cosmos_lens_000092,2.1688564043058194,0.3293324585592724,0.5195,1.320023945746547,21.867019855764593
1,COSJ100033+022752,98,cosmos_lens_000098,1.7387304807880168,0.374372077625477,0.3,1.06435840316254,19.086261716898104
2,COSJ100033+022752,42,cosmos_lens_000042,1.937218245425547,0.5165236197167611,0.3,1.120694625708786,21.492863769968597
3,COSJ100033+022752,92,cosmos_lens_000092,2.1688564043058194,0.3293324585592724,0.5195,1.320023945746547,21.867019855764593
1,COSJ100034+015047,98,cosmos_lens_000098,1.7387304807880168,0.374372077625477,0.3,1.06435840316254,19.086261716898104
2,COSJ100034+015047,42,cosmos_lens_000042,1.937218245425547,0.5165236197167611,0.3,1.120694625708786,21.492863769968597
3,COSJ100034+015047,92,cosmos_lens_000092,2.1688564043058194,0.3293324585592724,0.5195,1.320023945746547,21.867019855764593
1,COSJ100034+021133,98,cosmos_lens_000098,1.7387304807880168,0.374372077625477,0.3,1.06435840316254,19.086261716898104
2,COSJ100034+021133,42,cosmos_lens_000042,1.937218245425547,0.5165236197167611,0.3,1.120694625708786,21.492863769968597
3,COSJ100034+021133,92,cosmos_lens_000092,2.1688564043058194,0.3293324585592724,0.5195,1.320023945746547,21.867019855764593
1,COSJ100035+015102,98,cosmos_lens_000098,1.7387304807880168,0.374372077625477,0.3,1.06435840316254,19.086261716898104
2,COSJ100035+015102,42,cosmos_lens_000042,1.937218245425547,0.5165236197167611,0.3,1.120694625708786,21.492863769968597
3,COSJ100035+015102,92,cosmos_lens_000092,2.1688564043058194,0.3293324585592724,0.5195,1.320023945746547,21.867019855764593
1,COSJ100036+015220,98,cosmos_lens_000098,1.7387304807880168,0.374372077625477,0.3,1.06435840316254,19.086261716898104
2,COSJ100036+015220,42,cosmos_lens_000042,1.937218245425547,0.5165236197167611,0.3,1.120694625708786,21.492863769968597
3,COSJ100036+015220,92,cosmos_lens_000092,2.1688564043058194,0.3293324585592724,0.5195,1.320023945746547,21.867019855764593
1,COSJ100036+015439,98,cosmos_lens_000098,1.7387304807880168,0.374372077625477,0.3,1.06435840316254,19.086261716898104
2,COSJ100036+015439,42,cosmos_lens_000042,1.937218245425547,0.5165236197167611,0.3,1.120694625708786,21.492863769968597
3,COSJ100036+015439,92,cosmos_lens_000092,2.1688564043058194,0.3293324585592724,0.5195,1.320023945746547,21.867019855764593
1,COSJ100036+020354,98,cosmos_lens_000098,1.7387304807880168,0.374372077625477,0.3,1.06435840316254,19.086261716898104
2,COSJ100036+020354,42,cosmos_lens_000042,1.937218245425547,0.5165236197167611,0.3,1.120694625708786,21.492863769968597
3,COSJ100036+020354,92,cosmos_lens_000092,2.1688564043058194,0.3293324585592724,0.5195,1.320023945746547,21.867019855764593
1,COSJ100037+020928,98,cosmos_lens_000098,1.7387304807880168,0.374372077625477,0.3,1.06435840316254,19.086261716898104
2,COSJ100037+020928,42,cosmos_lens_000042,1.937218245425547,0.5165236197167611,0.3,1.120694625708786,21.492863769968597
3,COSJ100037+020928,92,cosmos_lens_000092,2.1688564043058194,0.3293324585592724,0.5195,1.320023945746547,21.867019855764593
1,COSJ100037+021117,98,cosmos_lens_000098,1.7387304807880168,0.374372077625477,0.3,1.06435840316254,19.086261716898104
2,COSJ100037+021117,42,cosmos_lens_000042,1.937218245425547,0.5165236197167611,0.3,1.120694625708786,21.492863769968597
3,COSJ100037+021117,92,cosmos_lens_000092,2.1688564043058194,0.3293324585592724,0.5195,1.320023945746547,21.867019855764593
1,COSJ100038+014850,98,cosmos_lens_000098,1.7387304807880168,0.374372077625477,0.3,1.06435840316254,19.086261716898104
2,COSJ100038+014850,42,cosmos_lens_000042,1.937218245425547,0.5165236197167611,0.3,1.120694625708786,21.492863769968597
3,COSJ100038+014850,92,cosmos_lens_000092,2.1688564043058194,0.3293324585592724,0.5195,1.320023945746547,21.867019855764593
1,COSJ100038+015132,98,cosmos_lens_000098,1.7387304807880168,0.374372077625477,0.3,1.06435840316254,19.086261716898104
2,COSJ100038+015132,42,cosmos_lens_000042,1.937218245425547,0.5165236197167611,0.3,1.120694625708786,21.492863769968597
3,COSJ100038+015132,92,cosmos_lens_000092,2.1688564043058194,0.3293324585592724,0.5195,1.320023945746547,21.867019855764593
1,COSJ100038+022455,98,cosmos_lens_000098,1.7387304807880168,0.374372077625477,0.3,1.06435840316254,19.086261716898104
2,COSJ100038+022455,42,cosmos_lens_000042,1.937218245425547,0.5165236197167611,0.3,1.120694625708786,21.492863769968597
3,COSJ100038+022455,92,cosmos_lens_000092,2.1688564043058194,0.3293324585592724,0.5195,1.320023945746547,21.867019855764593
1,COSJ100038+023226,98,cosmos_lens_000098,1.7387304807880168,0.374372077625477,0.3,1.06435840316254,19.086261716898104
2,COSJ100038+023226,42,cosmos_lens_000042,1.937218245425547,0.5165236197167611,0.3,1.120694625708786,21.492863769968597
3,COSJ100038+023226,92,cosmos_lens_000092,2.1688564043058194,0.3293324585592724,0.5195,1.320023945746547,21.867019855764593
1,COSJ100038+023304,98,cosmos_lens_000098,1.7387304807880168,0.374372077625477,0.3,1.06435840316254,19.086261716898104
2,COSJ100038+023304,42,cosmos_lens_000042,1.937218245425547,0.5165236197167611,0.3,1.120694625708786,21.492863769968597
3,COSJ100038+023304,92,cosmos_lens_000092,2.1688564043058194,0.3293324585592724,0.5195,1.320023945746547,21.867019855764593
1,COSJ100038+023326,98,cosmos_lens_000098,1.7387304807880168,0.374372077625477,0.3,1.06435840316254,19.086261716898104
2,COSJ100038+023326,42,cosmos_lens_000042,1.937218245425547,0.5165236197167611,0.3,1.120694625708786,21.492863769968597
3,COSJ100038+023326,92,cosmos_lens_000092,2.1688564043058194,0.3293324585592724,0.5195,1.320023945746547,21.867019855764593
1,COSJ100039+020305,98,cosmos_lens_000098,1.7387304807880168,0.374372077625477,0.3,1.06435840316254,19.086261716898104
2,COSJ100039+020305,42,cosmos_lens_000042,1.937218245425547,0.5165236197167611,0.3,1.120694625708786,21.492863769968597
3,COSJ100039+020305,92,cosmos_lens_000092,2.1688564043058194,0.3293324585592724,0.5195,1.320023945746547,21.867019855764593
1,COSJ100039+020800,98,cosmos_lens_000098,1.7387304807880168,0.374372077625477,0.3,1.06435840316254,19.086261716898104
2,COSJ100039+020800,42,cosmos_lens_000042,1.937218245425547,0.5165236197167611,0.3,1.120694625708786,21.492863769968597
3,COSJ100039+020800,92,cosmos_lens_000092,2.1688564043058194,0.3293324585592724,0.5195,1.320023945746547,21.867019855764593
1,COSJ100040+015213,98,cosmos_lens_000098,1.7387304807880168,0.374372077625477,0.3,1.06435840316254,19.086261716898104
2,COSJ100040+015213,42,cosmos_lens_000042,1.937218245425547,0.5165236197167611,0.3,1.120694625708786,21.492863769968597
3,COSJ100040+015213,92,cosmos_lens_000092,2.1688564043058194,0.3293324585592724,0.5195,1.320023945746547,21.867019855764593
1,COSJ100041+020145,98,cosmos_lens_000098,1.7387304807880168,0.374372077625477,0.3,1.06435840316254,19.086261716898104
2,COSJ100041+020145,42,cosmos_lens_000042,1.937218245425547,0.5165236197167611,0.3,1.120694625708786,21.492863769968597
3,COSJ100041+020145,92,cosmos_lens_000092,2.1688564043058194,0.3293324585592724,0.5195,1.320023945746547,21.867019855764593
1,COSJ100041+022807,98,cosmos_lens_000098,1.7387304807880168,0.374372077625477,0.3,1.06435840316254,19.086261716898104
2,COSJ100041+022807,42,cosmos_lens_000042,1.937218245425547,0.5165236197167611,0.3,1.120694625708786,21.492863769968597
3,COSJ100041+022807,92,cosmos_lens_000092,2.1688564043058194,0.3293324585592724,0.5195,1.320023945746547,21.867019855764593
1,COSJ100042+020212,98,cosmos_lens_000098,1.7387304807880168,0.374372077625477,0.3,1.06435840316254,19.086261716898104
2,COSJ100042+020212,42,cosmos_lens_000042,1.937218245425547,0.5165236197167611,0.3,1.120694625708786,21.492863769968597
3,COSJ100042+020212,92,cosmos_lens_000092,2.1688564043058194,0.3293324585592724,0.5195,1.320023945746547,21.867019855764593
1,COSJ100042+022746,98,cosmos_lens_000098,1.7387304807880168,0.374372077625477,0.3,1.06435840316254,19.086261716898104
2,COSJ100042+022746,42,cosmos_lens_000042,1.937218245425547,0.5165236197167611,0.3,1.120694625708786,21.492863769968597
3,COSJ100042+022746,92,cosmos_lens_000092,2.1688564043058194,0.3293324585592724,0.5195,1.320023945746547,21.867019855764593
1,COSJ100043+015638,98,cosmos_lens_000098,1.7387304807880168,0.374372077625477,0.3,1.06435840316254,19.086261716898104
2,COSJ100043+015638,42,cosmos_lens_000042,1.937218245425547,0.5165236197167611,0.3,1.120694625708786,21.492863769968597
3,COSJ100043+015638,92,cosmos_lens_000092,2.1688564043058194,0.3293324585592724,0.5195,1.320023945746547,21.867019855764593
1,COSJ100043+022143,98,cosmos_lens_000098,1.7387304807880168,0.374372077625477,0.3,1.06435840316254,19.086261716898104
2,COSJ100043+022143,42,cosmos_lens_000042,1.937218245425547,0.5165236197167611,0.3,1.120694625708786,21.492863769968597
3,COSJ100043+022143,92,cosmos_lens_000092,2.1688564043058194,0.3293324585592724,0.5195,1.320023945746547,21.867019855764593
1,COSJ100043+022356,98,cosmos_lens_000098,1.7387304807880168,0.374372077625477,0.3,1.06435840316254,19.086261716898104
2,COSJ100043+022356,42,cosmos_lens_000042,1.937218245425547,0.5165236197167611,0.3,1.120694625708786,21.492863769968597
3,COSJ100043+022356,92,cosmos_lens_000092,2.1688564043058194,0.3293324585592724,0.5195,1.320023945746547,21.867019855764593
1,COSJ100044+020652,98,cosmos_lens_000098,1.7387304807880168,0.374372077625477,0.3,1.06435840316254,19.086261716898104
2,COSJ100044+020652,42,cosmos_lens_000042,1.937218245425547,0.5165236197167611,0.3,1.120694625708786,21.492863769968597
3,COSJ100044+020652,92,cosmos_lens_000092,2.1688564043058194,0.3293324585592724,0.5195,1.320023945746547,21.867019855764593
1,COSJ100044+021508,98,cosmos_lens_000098,1.7387304807880168,0.374372077625477,0.3,1.06435840316254,19.086261716898104
2,COSJ100044+021508,42,cosmos_lens_000042,1.937218245425547,0.5165236197167611,0.3,1.120694625708786,21.492863769968597
3,COSJ100044+021508,92,cosmos_lens_000092,2.1688564043058194,0.3293324585592724,0.5195,1.320023945746547,21.867019855764593
1,COSJ100044+022404,98,cosmos_lens_000098,1.7387304807880168,0.374372077625477,0.3,1.06435840316254,19.086261716898104
2,COSJ100044+022404,42,cosmos_lens_000042,1.937218245425547,0.5165236197167611,0.3,1.120694625708786,21.492863769968597
3,COSJ100044+022404,92,cosmos_lens_000092,2.1688564043058194,0.3293324585592724,0.5195,1.320023945746547,21.867019855764593
1,COSJ100045+014712,98,cosmos_lens_000098,1.7387304807880168,0.374372077625477,0.3,1.06435840316254,19.086261716898104
2,COSJ100045+014712,42,cosmos_lens_000042,1.937218245425547,0.5165236197167611,0.3,1.120694625708786,21.492863769968597
3,COSJ100045+014712,92,cosmos_lens_000092,2.1688564043058194,0.3293324585592724,0.5195,1.320023945746547,21.867019855764593
1,COSJ100045+015244,98,cosmos_lens_000098,1.7387304807880168,0.374372077625477,0.3,1.06435840316254,19.086261716898104
2,COSJ100045+015244,42,cosmos_lens_000042,1.937218245425547,0.5165236197167611,0.3,1.120694625708786,21.492863769968597
3,COSJ100045+015244,92,cosmos_lens_000092,2.1688564043058194,0.3293324585592724,0.5195,1.320023945746547,21.867019855764593
1,COSJ100045+020601,98,cosmos_lens_000098,1.7387304807880168,0.374372077625477,0.3,1.06435840316254,19.086261716898104
2,COSJ100045+020601,42,cosmos_lens_000042,1.937218245425547,0.5165236197167611,0.3,1.120694625708786,21.492863769968597
3,COSJ100045+020601,92,cosmos_lens_000092,2.1688564043058194,0.3293324585592724,0.5195,1.320023945746547,21.867019855764593
1,COSJ100045+022738,98,cosmos_lens_000098,1.7387304807880168,0.374372077625477,0.3,1.06435840316254,19.086261716898104
2,COSJ100045+022738,42,cosmos_lens_000042,1.937218245425547,0.5165236197167611,0.3,1.120694625708786,21.492863769968597
3,COSJ100045+022738,92,cosmos_lens_000092,2.1688564043058194,0.3293324585592724,0.5195,1.320023945746547,21.867019855764593
1,COSJ100046+014924,98,cosmos_lens_000098,1.7387304807880168,0.374372077625477,0.3,1.06435840316254,19.086261716898104
2,COSJ100046+014924,42,cosmos_lens_000042,1.937218245425547,0.5165236197167611,0.3,1.120694625708786,21.492863769968597
3,COSJ100046+014924,92,cosmos_lens_000092,2.1688564043058194,0.3293324585592724,0.5195,1.320023945746547,21.867019855764593
1,COSJ100046+015029,98,cosmos_lens_000098,1.7387304807880168,0.374372077625477,0.3,1.06435840316254,19.086261716898104
2,COSJ100046+015029,42,cosmos_lens_000042,1.937218245425547,0.5165236197167611,0.3,1.120694625708786,21.492863769968597
3,COSJ100046+015029,92,cosmos_lens_000092,2.1688564043058194,0.3293324585592724,0.5195,1.320023945746547,21.867019855764593
1,COSJ100046+020424,98,cosmos_lens_000098,1.7387304807880168,0.374372077625477,0.3,1.06435840316254,19.086261716898104
2,COSJ100046+020424,42,cosmos_lens_000042,1.937218245425547,0.5165236197167611,0.3,1.120694625708786,21.492863769968597
3,COSJ100046+020424,92,cosmos_lens_000092,2.1688564043058194,0.3293324585592724,0.5195,1.320023945746547,21.867019855764593
1,COSJ100046+021906,98,cosmos_lens_000098,1.7387304807880168,0.374372077625477,0.3,1.06435840316254,19.086261716898104
2,COSJ100046+021906,42,cosmos_lens_000042,1.937218245425547,0.5165236197167611,0.3,1.120694625708786,21.492863769968597
3,COSJ100046+021906,92,cosmos_lens_000092,2.1688564043058194,0.3293324585592724,0.5195,1.320023945746547,21.867019855764593
1,COSJ100046+022321,98,cosmos_lens_000098,1.7387304807880168,0.374372077625477,0.3,1.06435840316254,19.086261716898104
2,COSJ100046+022321,42,cosmos_lens_000042,1.937218245425547,0.5165236197167611,0.3,1.120694625708786,21.492863769968597
3,COSJ100046+022321,92,cosmos_lens_000092,2.1688564043058194,0.3293324585592724,0.5195,1.320023945746547,21.867019855764593
1,COSJ100047+015023,98,cosmos_lens_000098,1.7387304807880168,0.374372077625477,0.3,1.06435840316254,19.086261716898104
2,COSJ100047+015023,42,cosmos_lens_000042,1.937218245425547,0.5165236197167611,0.3,1.120694625708786,21.492863769968597
3,COSJ100047+015023,92,cosmos_lens_000092,2.1688564043058194,0.3293324585592724,0.5195,1.320023945746547,21.867019855764593
1,COSJ100047+015313,98,cosmos_lens_000098,1.7387304807880168,0.374372077625477,0.3,1.06435840316254,19.086261716898104
2,COSJ100047+015313,42,cosmos_lens_000042,1.937218245425547,0.5165236197167611,0.3,1.120694625708786,21.492863769968597
3,COSJ100047+015313,92,cosmos_lens_000092,2.1688564043058194,0.3293324585592724,0.5195,1.320023945746547,21.867019855764593
1,COSJ100048+015412,98,cosmos_lens_000098,1.7387304807880168,0.374372077625477,0.3,1.06435840316254,19.086261716898104
2,COSJ100048+015412,42,cosmos_lens_000042,1.937218245425547,0.5165236197167611,0.3,1.120694625708786,21.492863769968597
3,COSJ100048+015412,92,cosmos_lens_000092,2.1688564043058194,0.3293324585592724,0.5195,1.320023945746547,21.867019855764593
1,COSJ100049+014721,98,cosmos_lens_000098,1.7387304807880168,0.374372077625477,0.3,1.06435840316254,19.086261716898104
2,COSJ100049+014721,42,cosmos_lens_000042,1.937218245425547,0.5165236197167611,0.3,1.120694625708786,21.492863769968597
3,COSJ100049+014721,92,cosmos_lens_000092,2.1688564043058194,0.3293324585592724,0.5195,1.320023945746547,21.867019855764593
1,COSJ100049+014829,98,cosmos_lens_000098,1.7387304807880168,0.374372077625477,0.3,1.06435840316254,19.086261716898104
2,COSJ100049+014829,42,cosmos_lens_000042,1.937218245425547,0.5165236197167611,0.3,1.120694625708786,21.492863769968597
3,COSJ100049+014829,92,cosmos_lens_000092,2.1688564043058194,0.3293324585592724,0.5195,1.320023945746547,21.867019855764593
1,COSJ100049+021945,98,cosmos_lens_000098,1.7387304807880168,0.374372077625477,0.3,1.06435840316254,19.086261716898104
2,COSJ100049+021945,42,cosmos_lens_000042,1.937218245425547,0.5165236197167611,0.3,1.120694625708786,21.492863769968597
3,COSJ100049+021945,92,cosmos_lens_000092,2.1688564043058194,0.3293324585592724,0.5195,1.320023945746547,21.867019855764593
1,COSJ100049+022656,98,cosmos_lens_000098,1.7387304807880168,0.374372077625477,0.3,1.06435840316254,19.086261716898104
2,COSJ100049+022656,42,cosmos_lens_000042,1.937218245425547,0.5165236197167611,0.3,1.120694625708786,21.492863769968597
3,COSJ100049+022656,92,cosmos_lens_000092,2.1688564043058194,0.3293324585592724,0.5195,1.320023945746547,21.867019855764593
1,COSJ100050+014728,98,cosmos_lens_000098,1.7387304807880168,0.374372077625477,0.3,1.06435840316254,19.086261716898104
2,COSJ100050+014728,42,cosmos_lens_000042,1.937218245425547,0.5165236197167611,0.3,1.120694625708786,21.492863769968597
3,COSJ100050+014728,92,cosmos_lens_000092,2.1688564043058194,0.3293324585592724,0.5195,1.320023945746547,21.867019855764593
1,COSJ100050+015421,98,cosmos_lens_000098,1.7387304807880168,0.374372077625477,0.3,1.06435840316254,19.086261716898104
2,COSJ100050+015421,42,cosmos_lens_000042,1.937218245425547,0.5165236197167611,0.3,1.120694625708786,21.492863769968597
3,COSJ100050+015421,92,cosmos_lens_000092,2.1688564043058194,0.3293324585592724,0.5195,1.320023945746547,21.867019855764593
1,COSJ100050+020357,98,cosmos_lens_000098,1.7387304807880168,0.374372077625477,0.3,1.06435840316254,19.086261716898104
2,COSJ100050+020357,42,cosmos_lens_000042,1.937218245425547,0.5165236197167611,0.3,1.120694625708786,21.492863769968597
3,COSJ100050+020357,92,cosmos_lens_000092,2.1688564043058194,0.3293324585592724,0.5195,1.320023945746547,21.867019855764593
1,COSJ100050+022118,98,cosmos_lens_000098,1.7387304807880168,0.374372077625477,0.3,1.06435840316254,19.086261716898104
2,COSJ100050+022118,42,cosmos_lens_000042,1.937218245425547,0.5165236197167611,0.3,1.120694625708786,21.492863769968597
3,COSJ100050+022118,92,cosmos_lens_000092,2.1688564043058194,0.3293324585592724,0.5195,1.320023945746547,21.867019855764593
1,COSJ100051+015724,98,cosmos_lens_000098,1.7387304807880168,0.374372077625477,0.3,1.06435840316254,19.086261716898104
2,COSJ100051+015724,42,cosmos_lens_000042,1.937218245425547,0.5165236197167611,0.3,1.120694625708786,21.492863769968597
3,COSJ100051+015724,92,cosmos_lens_000092,2.1688564043058194,0.3293324585592724,0.5195,1.320023945746547,21.867019855764593
1,COSJ100051+023219,98,cosmos_lens_000098,1.7387304807880168,0.374372077625477,0.3,1.06435840316254,19.086261716898104
2,COSJ100051+023219,42,cosmos_lens_000042,1.937218245425547,0.5165236197167611,0.3,1.120694625708786,21.492863769968597
3,COSJ100051+023219,92,cosmos_lens_000092,2.1688564043058194,0.3293324585592724,0.5195,1.320023945746547,21.867019855764593
1,COSJ100052+014856,98,cosmos_lens_000098,1.7387304807880168,0.374372077625477,0.3,1.06435840316254,19.086261716898104
2,COSJ100052+014856,42,cosmos_lens_000042,1.937218245425547,0.5165236197167611,0.3,1.120694625708786,21.492863769968597
3,COSJ100052+014856,92,cosmos_lens_000092,2.1688564043058194,0.3293324585592724,0.5195,1.320023945746547,21.867019855764593
1,COSJ100053+020042,98,cosmos_lens_000098,1.7387304807880168,0.374372077625477,0.3,1.06435840316254,19.086261716898104
2,COSJ100053+020042,42,cosmos_lens_000042,1.937218245425547,0.5165236197167611,0.3,1.120694625708786,21.492863769968597
3,COSJ100053+020042,92,cosmos_lens_000092,2.1688564043058194,0.3293324585592724,0.5195,1.320023945746547,21.867019855764593
1,COSJ100054+014602,98,cosmos_lens_000098,1.7387304807880168,0.374372077625477,0.3,1.06435840316254,19.086261716898104
2,COSJ100054+014602,42,cosmos_lens_000042,1.937218245425547,0.5165236197167611,0.3,1.120694625708786,21.492863769968597
3,COSJ100054+014602,92,cosmos_lens_000092,2.1688564043058194,0.3293324585592724,0.5195,1.320023945746547,21.867019855764593
1,COSJ100054+014936,98,cosmos_lens_000098,1.7387304807880168,0.374372077625477,0.3,1.06435840316254,19.086261716898104
2,COSJ100054+014936,42,cosmos_lens_000042,1.937218245425547,0.5165236197167611,0.3,1.120694625708786,21.492863769968597
3,COSJ100054+014936,92,cosmos_lens_000092,2.1688564043058194,0.3293324585592724,0.5195,1.320023945746547,21.867019855764593
1,COSJ100054+015225,98,cosmos_lens_000098,1.7387304807880168,0.374372077625477,0.3,1.06435840316254,19.086261716898104
2,COSJ100054+015225,42,cosmos_lens_000042,1.937218245425547,0.5165236197167611,0.3,1.120694625708786,21.492863769968597
3,COSJ100054+015225,92,cosmos_lens_000092,2.1688564043058194,0.3293324585592724,0.5195,1.320023945746547,21.867019855764593
1,COSJ100055+021413,98,cosmos_lens_000098,1.7387304807880168,0.374372077625477,0.3,1.06435840316254,19.086261716898104
2,COSJ100055+021413,42,cosmos_lens_000042,1.937218245425547,0.5165236197167611,0.3,1.120694625708786,21.492863769968597
3,COSJ100055+021413,92,cosmos_lens_000092,2.1688564043058194,0.3293324585592724,0.5195,1.320023945746547,21.867019855764593
1,COSJ100055+022022,98,cosmos_lens_000098,1.7387304807880168,0.374372077625477,0.3,1.06435840316254,19.086261716898104
2,COSJ100055+022022,42,cosmos_lens_000042,1.937218245425547,0.5165236197167611,0.3,1.120694625708786,21.492863769968597
3,COSJ100055+022022,92,cosmos_lens_000092,2.1688564043058194,0.3293324585592724,0.5195,1.320023945746547,21.867019855764593
1,COSJ100055+022059,98,cosmos_lens_000098,1.7387304807880168,0.374372077625477,0.3,1.06435840316254,19.086261716898104
2,COSJ100055+022059,42,cosmos_lens_000042,1.937218245425547,0.5165236197167611,0.3,1.120694625708786,21.492863769968597
3,COSJ100055+022059,92,cosmos_lens_000092,2.1688564043058194,0.3293324585592724,0.5195,1.320023945746547,21.867019855764593
1,COSJ100057+015056,98,cosmos_lens_000098,1.7387304807880168,0.374372077625477,0.3,1.06435840316254,19.086261716898104
2,COSJ100057+015056,42,cosmos_lens_000042,1.937218245425547,0.5165236197167611,0.3,1.120694625708786,21.492863769968597
3,COSJ100057+015056,92,cosmos_lens_000092,2.1688564043058194,0.3293324585592724,0.5195,1.320023945746547,21.867019855764593
1,COSJ100057+020245,98,cosmos_lens_000098,1.7387304807880168,0.374372077625477,0.3,1.06435840316254,19.086261716898104
2,COSJ100057+020245,42,cosmos_lens_000042,1.937218245425547,0.5165236197167611,0.3,1.120694625708786,21.492863769968597
3,COSJ100057+020245,92,cosmos_lens_000092,2.1688564043058194,0.3293324585592724,0.5195,1.320023945746547,21.867019855764593
1,COSJ100057+021443,98,cosmos_lens_000098,1.7387304807880168,0.374372077625477,0.3,1.06435840316254,19.086261716898104
2,COSJ100057+021443,42,cosmos_lens_000042,1.937218245425547,0.5165236197167611,0.3,1.120694625708786,21.492863769968597
3,COSJ100057+021443,92,cosmos_lens_000092,2.1688564043058194,0.3293324585592724,0.5195,1.320023945746547,21.867019855764593
1,COSJ100057+021924,98,cosmos_lens_000098,1.7387304807880168,0.374372077625477,0.3,1.06435840316254,19.086261716898104
2,COSJ100057+021924,42,cosmos_lens_000042,1.937218245425547,0.5165236197167611,0.3,1.120694625708786,21.492863769968597
3,COSJ100057+021924,92,cosmos_lens_000092,2.1688564043058194,0.3293324585592724,0.5195,1.320023945746547,21.867019855764593
1,COSJ100058+015400,98,cosmos_lens_000098,1.7387304807880168,0.374372077625477,0.3,1.06435840316254,19.086261716898104
2,COSJ100058+015400,42,cosmos_lens_000042,1.937218245425547,0.5165236197167611,0.3,1.120694625708786,21.492863769968597
3,COSJ100058+015400,92,cosmos_lens_000092,2.1688564043058194,0.3293324585592724,0.5195,1.320023945746547,21.867019855764593
1,COSJ100058+022721,98,cosmos_lens_000098,1.7387304807880168,0.374372077625477,0.3,1.06435840316254,19.086261716898104
2,COSJ100058+022721,42,cosmos_lens_000042,1.937218245425547,0.5165236197167611,0.3,1.120694625708786,21.492863769968597
3,COSJ100058+022721,92,cosmos_lens_000092,2.1688564043058194,0.3293324585592724,0.5195,1.320023945746547,21.867019855764593
1,COSJ100059+020519,98,cosmos_lens_000098,1.7387304807880168,0.374372077625477,0.3,1.06435840316254,19.086261716898104
2,COSJ100059+020519,42,cosmos_lens_000042,1.937218245425547,0.5165236197167611,0.3,1.120694625708786,21.492863769968597
3,COSJ100059+020519,92,cosmos_lens_000092,2.1688564043058194,0.3293324585592724,0.5195,1.320023945746547,21.867019855764593
1,COSJ100100+015653,98,cosmos_lens_000098,1.7387304807880168,0.374372077625477,0.3,1.06435840316254,19.086261716898104
2,COSJ100100+015653,42,cosmos_lens_000042,1.937218245425547,0.5165236197167611,0.3,1.120694625708786,21.492863769968597
3,COSJ100100+015653,92,cosmos_lens_000092,2.1688564043058194,0.3293324585592724,0.5195,1.320023945746547,21.867019855764593
1,COSJ100101+020120,98,cosmos_lens_000098,1.7387304807880168,0.374372077625477,0.3,1.06435840316254,19.086261716898104
2,COSJ100101+020120,42,cosmos_lens_000042,1.937218245425547,0.5165236197167611,0.3,1.120694625708786,21.492863769968597
3,COSJ100101+020120,92,cosmos_lens_000092,2.1688564043058194,0.3293324585592724,0.5195,1.320023945746547,21.867019855764593
1,COSJ100101+020230,98,cosmos_lens_000098,1.7387304807880168,0.374372077625477,0.3,1.06435840316254,19.086261716898104
2,COSJ100101+020230,42,cosmos_lens_000042,1.937218245425547,0.5165236197167611,0.3,1.120694625708786,21.492863769968597
3,COSJ100101+020230,92,cosmos_lens_000092,2.1688564043058194,0.3293324585592724,0.5195,1.320023945746547,21.867019855764593
1,COSJ100101+020814,98,cosmos_lens_000098,1.7387304807880168,0.374372077625477,0.3,1.06435840316254,19.086261716898104
2,COSJ100101+020814,42,cosmos_lens_000042,1.937218245425547,0.5165236197167611,0.3,1.120694625708786,21.492863769968597
3,COSJ100101+020814,92,cosmos_lens_000092,2.1688564043058194,0.3293324585592724,0.5195,1.320023945746547,21.867019855764593
1,COSJ100101+021108,98,cosmos_lens_000098,1.7387304807880168,0.374372077625477,0.3,1.06435840316254,19.086261716898104
2,COSJ100101+021108,42,cosmos_lens_000042,1.937218245425547,0.5165236197167611,0.3,1.120694625708786,21.492863769968597
3,COSJ100101+021108,92,cosmos_lens_000092,2.1688564043058194,0.3293324585592724,0.5195,1.320023945746547,21.867019855764593
1,COSJ100101+021819,98,cosmos_lens_000098,1.7387304807880168,0.374372077625477,0.3,1.06435840316254,19.086261716898104
2,COSJ100101+021819,42,cosmos_lens_000042,1.937218245425547,0.5165236197167611,0.3,1.120694625708786,21.492863769968597
3,COSJ100101+021819,92,cosmos_lens_000092,2.1688564043058194,0.3293324585592724,0.5195,1.320023945746547,21.867019855764593
1,COSJ100101+023258,98,cosmos_lens_000098,1.7387304807880168,0.374372077625477,0.3,1.06435840316254,19.086261716898104
2,COSJ100101+023258,42,cosmos_lens_000042,1.937218245425547,0.5165236197167611,0.3,1.120694625708786,21.492863769968597
3,COSJ100101+023258,92,cosmos_lens_000092,2.1688564043058194,0.3293324585592724,0.5195,1.320023945746547,21.867019855764593
1,COSJ100103+014547,98,cosmos_lens_000098,1.7387304807880168,0.374372077625477,0.3,1.06435840316254,19.086261716898104
2,COSJ100103+014547,42,cosmos_lens_000042,1.937218245425547,0.5165236197167611,0.3,1.120694625708786,21.492863769968597
3,COSJ100103+014547,92,cosmos_lens_000092,2.1688564043058194,0.3293324585592724,0.5195,1.320023945746547,21.867019855764593
1,COSJ100103+014614,98,cosmos_lens_000098,1.7387304807880168,0.374372077625477,0.3,1.06435840316254,19.086261716898104
2,COSJ100103+014614,42,cosmos_lens_000042,1.937218245425547,0.5165236197167611,0.3,1.120694625708786,21.492863769968597
3,COSJ100103+014614,92,cosmos_lens_000092,2.1688564043058194,0.3293324585592724,0.5195,1.320023945746547,21.867019855764593
1,COSJ100103+015121,98,cosmos_lens_000098,1.7387304807880168,0.374372077625477,0.3,1.06435840316254,19.086261716898104
2,COSJ100103+015121,42,cosmos_lens_000042,1.937218245425547,0.5165236197167611,0.3,1.120694625708786,21.492863769968597
3,COSJ100103+015121,92,cosmos_lens_000092,2.1688564043058194,0.3293324585592724,0.5195,1.320023945746547,21.867019855764593
1,COSJ100103+015207,98,cosmos_lens_000098,1.7387304807880168,0.374372077625477,0.3,1.06435840316254,19.086261716898104
2,COSJ100103+015207,42,cosmos_lens_000042,1.937218245425547,0.5165236197167611,0.3,1.120694625708786,21.492863769968597
3,COSJ100103+015207,92,cosmos_lens_000092,2.1688564043058194,0.3293324585592724,0.5195,1.320023945746547,21.867019855764593
1,COSJ100103+015747,98,cosmos_lens_000098,1.7387304807880168,0.374372077625477,0.3,1.06435840316254,19.086261716898104
2,COSJ100103+015747,42,cosmos_lens_000042,1.937218245425547,0.5165236197167611,0.3,1.120694625708786,21.492863769968597
3,COSJ100103+015747,92,cosmos_lens_000092,2.1688564043058194,0.3293324585592724,0.5195,1.320023945746547,21.867019855764593
1,COSJ100103+015816,98,cosmos_lens_000098,1.7387304807880168,0.374372077625477,0.3,1.06435840316254,19.086261716898104
2,COSJ100103+015816,42,cosmos_lens_000042,1.937218245425547,0.5165236197167611,0.3,1.120694625708786,21.492863769968597
3,COSJ100103+015816,92,cosmos_lens_000092,2.1688564043058194,0.3293324585592724,0.5195,1.320023945746547,21.867019855764593
1,COSJ100103+020159,98,cosmos_lens_000098,1.7387304807880168,0.374372077625477,0.3,1.06435840316254,19.086261716898104
2,COSJ100103+020159,42,cosmos_lens_000042,1.937218245425547,0.5165236197167611,0.3,1.120694625708786,21.492863769968597
3,COSJ100103+020159,92,cosmos_lens_000092,2.1688564043058194,0.3293324585592724,0.5195,1.320023945746547,21.867019855764593
1,COSJ100103+020433,98,cosmos_lens_000098,1.7387304807880168,0.374372077625477,0.3,1.06435840316254,19.086261716898104
2,COSJ100103+020433,42,cosmos_lens_000042,1.937218245425547,0.5165236197167611,0.3,1.120694625708786,21.492863769968597
3,COSJ100103+020433,92,cosmos_lens_000092,2.1688564043058194,0.3293324585592724,0.5195,1.320023945746547,21.867019855764593
1,COSJ100103+021610,98,cosmos_lens_000098,1.7387304807880168,0.374372077625477,0.3,1.06435840316254,19.086261716898104
2,COSJ100103+021610,42,cosmos_lens_000042,1.937218245425547,0.5165236197167611,0.3,1.120694625708786,21.492863769968597
3,COSJ100103+021610,92,cosmos_lens_000092,2.1688564043058194,0.3293324585592724,0.5195,1.320023945746547,21.867019855764593
1,COSJ100104+015032,98,cosmos_lens_000098,1.7387304807880168,0.374372077625477,0.3,1.06435840316254,19.086261716898104
2,COSJ100104+015032,42,cosmos_lens_000042,1.937218245425547,0.5165236197167611,0.3,1.120694625708786,21.492863769968597
3,COSJ100104+015032,92,cosmos_lens_000092,2.1688564043058194,0.3293324585592724,0.5195,1.320023945746547,21.867019855764593
1,COSJ100104+015548,98,cosmos_lens_000098,1.7387304807880168,0.374372077625477,0.3,1.06435840316254,19.086261716898104
2,COSJ100104+015548,42,cosmos_lens_000042,1.937218245425547,0.5165236197167611,0.3,1.120694625708786,21.492863769968597
3,COSJ100104+015548,92,cosmos_lens_000092,2.1688564043058194,0.3293324585592724,0.5195,1.320023945746547,21.867019855764593
1,COSJ100104+015631,98,cosmos_lens_000098,1.7387304807880168,0.374372077625477,0.3,1.06435840316254,19.086261716898104
2,COSJ100104+015631,42,cosmos_lens_000042,1.937218245425547,0.5165236197167611,0.3,1.120694625708786,21.492863769968597
3,COSJ100104+015631,92,cosmos_lens_000092,2.1688564043058194,0.3293324585592724,0.5195,1.320023945746547,21.867019855764593
1,COSJ100105+015027,98,cosmos_lens_000098,1.7387304807880168,0.374372077625477,0.3,1.06435840316254,19.086261716898104
2,COSJ100105+015027,42,cosmos_lens_000042,1.937218245425547,0.5165236197167611,0.3,1.120694625708786,21.492863769968597
3,COSJ100105+015027,92,cosmos_lens_000092,2.1688564043058194,0.3293324585592724,0.5195,1.320023945746547,21.867019855764593
1,COSJ100105+020959,98,cosmos_lens_000098,1.7387304807880168,0.374372077625477,0.3,1.06435840316254,19.086261716898104
2,COSJ100105+020959,42,cosmos_lens_000042,1.937218245425547,0.5165236197167611,0.3,1.120694625708786,21.492863769968597
3,COSJ100105+020959,92,cosmos_lens_000092,2.1688564043058194,0.3293324585592724,0.5195,1.320023945746547,21.867019855764593
1,COSJ100106+014743,98,cosmos_lens_000098,1.7387304807880168,0.374372077625477,0.3,1.06435840316254,19.086261716898104
2,COSJ100106+014743,42,cosmos_lens_000042,1.937218245425547,0.5165236197167611,0.3,1.120694625708786,21.492863769968597
3,COSJ100106+014743,92,cosmos_lens_000092,2.1688564043058194,0.3293324585592724,0.5195,1.320023945746547,21.867019855764593
1,COSJ100106+015025,98,cosmos_lens_000098,1.7387304807880168,0.374372077625477,0.3,1.06435840316254,19.086261716898104
2,COSJ100106+015025,42,cosmos_lens_000042,1.937218245425547,0.5165236197167611,0.3,1.120694625708786,21.492863769968597
3,COSJ100106+015025,92,cosmos_lens_000092,2.1688564043058194,0.3293324585592724,0.5195,1.320023945746547,21.867019855764593
1,COSJ100106+015848,98,cosmos_lens_000098,1.7387304807880168,0.374372077625477,0.3,1.06435840316254,19.086261716898104
2,COSJ100106+015848,42,cosmos_lens_000042,1.937218245425547,0.5165236197167611,0.3,1.120694625708786,21.492863769968597
3,COSJ100106+015848,92,cosmos_lens_000092,2.1688564043058194,0.3293324585592724,0.5195,1.320023945746547,21.867019855764593
1,COSJ100107+022736,98,cosmos_lens_000098,1.7387304807880168,0.374372077625477,0.3,1.06435840316254,19.086261716898104
2,COSJ100107+022736,42,cosmos_lens_000042,1.937218245425547,0.5165236197167611,0.3,1.120694625708786,21.492863769968597
3,COSJ100107+022736,92,cosmos_lens_000092,2.1688564043058194,0.3293324585592724,0.5195,1.320023945746547,21.867019855764593
1,COSJ100108+014922,98,cosmos_lens_000098,1.7387304807880168,0.374372077625477,0.3,1.06435840316254,19.086261716898104
2,COSJ100108+014922,42,cosmos_lens_000042,1.937218245425547,0.5165236197167611,0.3,1.120694625708786,21.492863769968597
3,COSJ100108+014922,92,cosmos_lens_000092,2.1688564043058194,0.3293324585592724,0.5195,1.320023945746547,21.867019855764593
1,COSJ100108+021907,98,cosmos_lens_000098,1.7387304807880168,0.374372077625477,0.3,1.06435840316254,19.086261716898104
2,COSJ100108+021907,42,cosmos_lens_000042,1.937218245425547,0.5165236197167611,0.3,1.120694625708786,21.492863769968597
3,COSJ100108+021907,92,cosmos_lens_000092,2.1688564043058194,0.3293324585592724,0.5195,1.320023945746547,21.867019855764593
1,COSJ100109+015436,98,cosmos_lens_000098,1.7387304807880168,0.374372077625477,0.3,1.06435840316254,19.086261716898104
2,COSJ100109+015436,42,cosmos_lens_000042,1.937218245425547,0.5165236197167611,0.3,1.120694625708786,21.492863769968597
3,COSJ100109+015436,92,cosmos_lens_000092,2.1688564043058194,0.3293324585592724,0.5195,1.320023945746547,21.867019855764593
1,COSJ100109+015549,98,cosmos_lens_000098,1.7387304807880168,0.374372077625477,0.3,1.06435840316254,19.086261716898104
2,COSJ100109+015549,42,cosmos_lens_000042,1.937218245425547,0.5165236197167611,0.3,1.120694625708786,21.492863769968597
3,COSJ100109+015549,92,cosmos_lens_000092,2.1688564043058194,0.3293324585592724,0.5195,1.320023945746547,21.867019855764593
1,COSJ100109+020148,98,cosmos_lens_000098,1.7387304807880168,0.374372077625477,0.3,1.06435840316254,19.086261716898104
2,COSJ100109+020148,42,cosmos_lens_000042,1.937218245425547,0.5165236197167611,0.3,1.120694625708786,21.492863769968597
3,COSJ100109+020148,92,cosmos_lens_000092,2.1688564043058194,0.3293324585592724,0.5195,1.320023945746547,21.867019855764593
1,COSJ100109+020536,98,cosmos_lens_000098,1.7387304807880168,0.374372077625477,0.3,1.06435840316254,19.086261716898104
2,COSJ100109+020536,42,cosmos_lens_000042,1.937218245425547,0.5165236197167611,0.3,1.120694625708786,21.492863769968597
3,COSJ100109+020536,92,cosmos_lens_000092,2.1688564043058194,0.3293324585592724,0.5195,1.320023945746547,21.867019855764593
1,COSJ100110+015415,98,cosmos_lens_000098,1.7387304807880168,0.374372077625477,0.3,1.06435840316254,19.086261716898104
2,COSJ100110+015415,42,cosmos_lens_000042,1.937218245425547,0.5165236197167611,0.3,1.120694625708786,21.492863769968597
3,COSJ100110+015415,92,cosmos_lens_000092,2.1688564043058194,0.3293324585592724,0.5195,1.320023945746547,21.867019855764593
1,COSJ100110+020400,98,cosmos_lens_000098,1.7387304807880168,0.374372077625477,0.3,1.06435840316254,19.086261716898104
2,COSJ100110+020400,42,cosmos_lens_000042,1.937218245425547,0.5165236197167611,0.3,1.120694625708786,21.492863769968597
3,COSJ100110+020400,92,cosmos_lens_000092,2.1688564043058194,0.3293324585592724,0.5195,1.320023945746547,21.867019855764593
1,COSJ100110+022157,98,cosmos_lens_000098,1.7387304807880168,0.374372077625477,0.3,1.06435840316254,19.086261716898104
2,COSJ100110+022157,42,cosmos_lens_000042,1.937218245425547,0.5165236197167611,0.3,1.120694625708786,21.492863769968597
3,COSJ100110+022157,92,cosmos_lens_000092,2.1688564043058194,0.3293324585592724,0.5195,1.320023945746547,21.867019855764593
1,COSJ100110+023301,98,cosmos_lens_000098,1.7387304807880168,0.374372077625477,0.3,1.06435840316254,19.086261716898104
2,COSJ100110+023301,42,cosmos_lens_000042,1.937218245425547,0.5165236197167611,0.3,1.120694625708786,21.492863769968597
3,COSJ100110+023301,92,cosmos_lens_000092,2.1688564043058194,0.3293324585592724,0.5195,1.320023945746547,21.867019855764593
1,COSJ100111+020157,98,cosmos_lens_000098,1.7387304807880168,0.374372077625477,0.3,1.06435840316254,19.086261716898104
2,COSJ100111+020157,42,cosmos_lens_000042,1.937218245425547,0.5165236197167611,0.3,1.120694625708786,21.492863769968597
3,COSJ100111+020157,92,cosmos_lens_000092,2.1688564043058194,0.3293324585592724,0.5195,1.320023945746547,21.867019855764593
1,COSJ100111+022230,98,cosmos_lens_000098,1.7387304807880168,0.374372077625477,0.3,1.06435840316254,19.086261716898104
2,COSJ100111+022230,42,cosmos_lens_000042,1.937218245425547,0.5165236197167611,0.3,1.120694625708786,21.492863769968597
3,COSJ100111+022230,92,cosmos_lens_000092,2.1688564043058194,0.3293324585592724,0.5195,1.320023945746547,21.867019855764593
1,COSJ100111+022233,98,cosmos_lens_000098,1.7387304807880168,0.374372077625477,0.3,1.06435840316254,19.086261716898104
2,COSJ100111+022233,42,cosmos_lens_000042,1.937218245425547,0.5165236197167611,0.3,1.120694625708786,21.492863769968597
3,COSJ100111+022233,92,cosmos_lens_000092,2.1688564043058194,0.3293324585592724,0.5195,1.320023945746547,21.867019855764593
1,COSJ100112+022310,98,cosmos_lens_000098,1.7387304807880168,0.374372077625477,0.3,1.06435840316254,19.086261716898104
2,COSJ100112+022310,42,cosmos_lens_000042,1.937218245425547,0.5165236197167611,0.3,1.120694625708786,21.492863769968597
3,COSJ100112+022310,92,cosmos_lens_000092,2.1688564043058194,0.3293324585592724,0.5195,1.320023945746547,21.867019855764593
1,COSJ100112+023057,98,cosmos_lens_000098,1.7387304807880168,0.374372077625477,0.3,1.06435840316254,19.086261716898104
2,COSJ100112+023057,42,cosmos_lens_000042,1.937218245425547,0.5165236197167611,0.3,1.120694625708786,21.492863769968597
3,COSJ100112+023057,92,cosmos_lens_000092,2.1688564043058194,0.3293324585592724,0.5195,1.320023945746547,21.867019855764593
1,COSJ100113+020313,98,cosmos_lens_000098,1.7387304807880168,0.374372077625477,0.3,1.06435840316254,19.086261716898104
2,COSJ100113+020313,42,cosmos_lens_000042,1.937218245425547,0.5165236197167611,0.3,1.120694625708786,21.492863769968597
3,COSJ100113+020313,92,cosmos_lens_000092,2.1688564043058194,0.3293324585592724,0.5195,1.320023945746547,21.867019855764593
1,COSJ100113+020321,98,cosmos_lens_000098,1.7387304807880168,0.374372077625477,0.3,1.06435840316254,19.086261716898104
2,COSJ100113+020321,42,cosmos_lens_000042,1.937218245425547,0.5165236197167611,0.3,1.120694625708786,21.492863769968597
3,COSJ100113+020321,92,cosmos_lens_000092,2.1688564043058194,0.3293324585592724,0.5195,1.320023945746547,21.867019855764593
1,COSJ100113+022534,98,cosmos_lens_000098,1.7387304807880168,0.374372077625477,0.3,1.06435840316254,19.086261716898104
2,COSJ100113+022534,42,cosmos_lens_000042,1.937218245425547,0.5165236197167611,0.3,1.120694625708786,21.492863769968597
3,COSJ100113+022534,92,cosmos_lens_000092,2.1688564043058194,0.3293324585592724,0.5195,1.320023945746547,21.867019855764593
1,COSJ100114+020211,98,cosmos_lens_000098,1.7387304807880168,0.374372077625477,0.3,1.06435840316254,19.086261716898104
2,COSJ100114+020211,42,cosmos_lens_000042,1.937218245425547,0.5165236197167611,0.3,1.120694625708786,21.492863769968597
3,COSJ100114+020211,92,cosmos_lens_000092,2.1688564043058194,0.3293324585592724,0.5195,1.320023945746547,21.867019855764593
1,COSJ100114+022340,98,cosmos_lens_000098,1.7387304807880168,0.374372077625477,0.3,1.06435840316254,19.086261716898104
2,COSJ100114+022340,42,cosmos_lens_000042,1.937218245425547,0.5165236197167611,0.3,1.120694625708786,21.492863769968597
3,COSJ100114+022340,92,cosmos_lens_000092,2.1688564043058194,0.3293324585592724,0.5195,1.320023945746547,21.867019855764593
1,COSJ100114+023042,98,cosmos_lens_000098,1.7387304807880168,0.374372077625477,0.3,1.06435840316254,19.086261716898104
2,COSJ100114+023042,42,cosmos_lens_000042,1.937218245425547,0.5165236197167611,0.3,1.120694625708786,21.492863769968597
3,COSJ100114+023042,92,cosmos_lens_000092,2.1688564043058194,0.3293324585592724,0.5195,1.320023945746547,21.867019855764593
1,COSJ100115+020015,98,cosmos_lens_000098,1.7387304807880168,0.374372077625477,0.3,1.06435840316254,19.086261716898104
2,COSJ100115+020015,42,cosmos_lens_000042,1.937218245425547,0.5165236197167611,0.3,1.120694625708786,21.492863769968597
3,COSJ100115+020015,92,cosmos_lens_000092,2.1688564043058194,0.3293324585592724,0.5195,1.320023945746547,21.867019855764593
1,COSJ100115+022423,98,cosmos_lens_000098,1.7387304807880168,0.374372077625477,0.3,1.06435840316254,19.086261716898104
2,COSJ100115+022423,42,cosmos_lens_000042,1.937218245425547,0.5165236197167611,0.3,1.120694625708786,21.492863769968597
3,COSJ100115+022423,92,cosmos_lens_000092,2.1688564043058194,0.3293324585592724,0.5195,1.320023945746547,21.867019855764593
1,COSJ100115+023131,98,cosmos_lens_000098,1.7387304807880168,0.374372077625477,0.3,1.06435840316254,19.086261716898104
2,COSJ100115+023131,42,cosmos_lens_000042,1.937218245425547,0.5165236197167611,0.3,1.120694625708786,21.492863769968597
3,COSJ100115+023131,92,cosmos_lens_000092,2.1688564043058194,0.3293324585592724,0.5195,1.320023945746547,21.867019855764593
1,COSJ100116+020041,98,cosmos_lens_000098,1.7387304807880168,0.374372077625477,0.3,1.06435840316254,19.086261716898104
2,COSJ100116+020041,42,cosmos_lens_000042,1.937218245425547,0.5165236197167611,0.3,1.120694625708786,21.492863769968597
3,COSJ100116+020041,92,cosmos_lens_000092,2.1688564043058194,0.3293324585592724,0.5195,1.320023945746547,21.867019855764593
1,COSJ100116+020221,98,cosmos_lens_000098,1.7387304807880168,0.374372077625477,0.3,1.06435840316254,19.086261716898104
2,COSJ100116+020221,42,cosmos_lens_000042,1.937218245425547,0.5165236197167611,0.3,1.120694625708786,21.492863769968597
3,COSJ100116+020221,92,cosmos_lens_000092,2.1688564043058194,0.3293324585592724,0.5195,1.320023945746547,21.867019855764593
1,COSJ100116+022235,98,cosmos_lens_000098,1.7387304807880168,0.374372077625477,0.3,1.06435840316254,19.086261716898104
2,COSJ100116+022235,42,cosmos_lens_000042,1.937218245425547,0.5165236197167611,0.3,1.120694625708786,21.492863769968597
3,COSJ100116+022235,92,cosmos_lens_000092,2.1688564043058194,0.3293324585592724,0.5195,1.320023945746547,21.867019855764593
1,COSJ100116+022354,98,cosmos_lens_000098,1.7387304807880168,0.374372077625477,0.3,1.06435840316254,19.086261716898104
2,COSJ100116+022354,42,cosmos_lens_000042,1.937218245425547,0.5165236197167611,0.3,1.120694625708786,21.492863769968597
3,COSJ100116+022354,92,cosmos_lens_000092,2.1688564043058194,0.3293324585592724,0.5195,1.320023945746547,21.867019855764593
1,COSJ100116+022409,98,cosmos_lens_000098,1.7387304807880168,0.374372077625477,0.3,1.06435840316254,19.086261716898104
2,COSJ100116+022409,42,cosmos_lens_000042,1.937218245425547,0.5165236197167611,0.3,1.120694625708786,21.492863769968597
3,COSJ100116+022409,92,cosmos_lens_000092,2.1688564043058194,0.3293324585592724,0.5195,1.320023945746547,21.867019855764593
1,COSJ100117+022524,98,cosmos_lens_000098,1.7387304807880168,0.374372077625477,0.3,1.06435840316254,19.086261716898104
2,COSJ100117+022524,42,cosmos_lens_000042,1.937218245425547,0.5165236197167611,0.3,1.120694625708786,21.492863769968597
3,COSJ100117+022524,92,cosmos_lens_000092,2.1688564043058194,0.3293324585592724,0.5195,1.320023945746547,21.867019855764593
1,COSJ100118+014923,98,cosmos_lens_000098,1.7387304807880168,0.374372077625477,0.3,1.06435840316254,19.086261716898104
2,COSJ100118+014923,42,cosmos_lens_000042,1.937218245425547,0.5165236197167611,0.3,1.120694625708786,21.492863769968597
3,COSJ100118+014923,92,cosmos_lens_000092,2.1688564043058194,0.3293324585592724,0.5195,1.320023945746547,21.867019855764593
1,COSJ100119+014658,98,cosmos_lens_000098,1.7387304807880168,0.374372077625477,0.3,1.06435840316254,19.086261716898104
2,COSJ100119+014658,42,cosmos_lens_000042,1.937218245425547,0.5165236197167611,0.3,1.120694625708786,21.492863769968597
3,COSJ100119+014658,92,cosmos_lens_000092,2.1688564043058194,0.3293324585592724,0.5195,1.320023945746547,21.867019855764593
1,COSJ100119+014849,98,cosmos_lens_000098,1.7387304807880168,0.374372077625477,0.3,1.06435840316254,19.086261716898104
2,COSJ100119+014849,42,cosmos_lens_000042,1.937218245425547,0.5165236197167611,0.3,1.120694625708786,21.492863769968597
3,COSJ100119+014849,92,cosmos_lens_000092,2.1688564043058194,0.3293324585592724,0.5195,1.320023945746547,21.867019855764593
1,COSJ100119+015027,98,cosmos_lens_000098,1.7387304807880168,0.374372077625477,0.3,1.06435840316254,19.086261716898104
2,COSJ100119+015027,42,cosmos_lens_000042,1.937218245425547,0.5165236197167611,0.3,1.120694625708786,21.492863769968597
3,COSJ100119+015027,92,cosmos_lens_000092,2.1688564043058194,0.3293324585592724,0.5195,1.320023945746547,21.867019855764593
1,COSJ100120+015011,98,cosmos_lens_000098,1.7387304807880168,0.374372077625477,0.3,1.06435840316254,19.086261716898104
2,COSJ100120+015011,42,cosmos_lens_000042,1.937218245425547,0.5165236197167611,0.3,1.120694625708786,21.492863769968597
3,COSJ100120+015011,92,cosmos_lens_000092,2.1688564043058194,0.3293324585592724,0.5195,1.320023945746547,21.867019855764593
1,COSJ100120+015538,98,cosmos_lens_000098,1.7387304807880168,0.374372077625477,0.3,1.06435840316254,19.086261716898104
2,COSJ100120+015538,42,cosmos_lens_000042,1.937218245425547,0.5165236197167611,0.3,1.120694625708786,21.492863769968597
3,COSJ100120+015538,92,cosmos_lens_000092,2.1688564043058194,0.3293324585592724,0.5195,1.320023945746547,21.867019855764593
1,COSJ100120+015834,98,cosmos_lens_000098,1.7387304807880168,0.374372077625477,0.3,1.06435840316254,19.086261716898104
2,COSJ100120+015834,42,cosmos_lens_000042,1.937218245425547,0.5165236197167611,0.3,1.120694625708786,21.492863769968597
3,COSJ100120+015834,92,cosmos_lens_000092,2.1688564043058194,0.3293324585592724,0.5195,1.320023945746547,21.867019855764593
1,COSJ100120+021646,98,cosmos_lens_000098,1.7387304807880168,0.374372077625477,0.3,1.06435840316254,19.086261716898104
2,COSJ100120+021646,42,cosmos_lens_000042,1.937218245425547,0.5165236197167611,0.3,1.120694625708786,21.492863769968597
3,COSJ100120+021646,92,cosmos_lens_000092,2.1688564043058194,0.3293324585592724,0.5195,1.320023945746547,21.867019855764593
1,COSJ100120+022426,98,cosmos_lens_000098,1.7387304807880168,0.374372077625477,0.3,1.06435840316254,19.086261716898104
2,COSJ100120+022426,42,cosmos_lens_000042,1.937218245425547,0.5165236197167611,0.3,1.120694625708786,21.492863769968597
3,COSJ100120+022426,92,cosmos_lens_000092,2.1688564043058194,0.3293324585592724,0.5195,1.320023945746547,21.867019855764593
1,COSJ100120+022435,98,cosmos_lens_000098,1.7387304807880168,0.374372077625477,0.3,1.06435840316254,19.086261716898104
2,COSJ100120+022435,42,cosmos_lens_000042,1.937218245425547,0.5165236197167611,0.3,1.120694625708786,21.492863769968597
3,COSJ100120+022435,92,cosmos_lens_000092,2.1688564043058194,0.3293324585592724,0.5195,1.320023945746547,21.867019855764593
1,COSJ100121+020944,98,cosmos_lens_000098,1.7387304807880168,0.374372077625477,0.3,1.06435840316254,19.086261716898104
2,COSJ100121+020944,42,cosmos_lens_000042,1.937218245425547,0.5165236197167611,0.3,1.120694625708786,21.492863769968597
3,COSJ100121+020944,92,cosmos_lens_000092,2.1688564043058194,0.3293324585592724,0.5195,1.320023945746547,21.867019855764593
1,COSJ100121+022213,98,cosmos_lens_000098,1.7387304807880168,0.374372077625477,0.3,1.06435840316254,19.086261716898104
2,COSJ100121+022213,42,cosmos_lens_000042,1.937218245425547,0.5165236197167611,0.3,1.120694625708786,21.492863769968597
3,COSJ100121+022213,92,cosmos_lens_000092,2.1688564043058194,0.3293324585592724,0.5195,1.320023945746547,21.867019855764593
1,COSJ100121+022740,98,cosmos_lens_000098,1.7387304807880168,0.374372077625477,0.3,1.06435840316254,19.086261716898104
2,COSJ100121+022740,42,cosmos_lens_000042,1.937218245425547,0.5165236197167611,0.3,1.120694625708786,21.492863769968597
3,COSJ100121+022740,92,cosmos_lens_000092,2.1688564043058194,0.3293324585592724,0.5195,1.320023945746547,21.867019855764593
1,COSJ100122+015013,98,cosmos_lens_000098,1.7387304807880168,0.374372077625477,0.3,1.06435840316254,19.086261716898104
2,COSJ100122+015013,42,cosmos_lens_000042,1.937218245425547,0.5165236197167611,0.3,1.120694625708786,21.492863769968597
3,COSJ100122+015013,92,cosmos_lens_000092,2.1688564043058194,0.3293324585592724,0.5195,1.320023945746547,21.867019855764593
1,COSJ100122+022132,98,cosmos_lens_000098,1.7387304807880168,0.374372077625477,0.3,1.06435840316254,19.086261716898104
2,COSJ100122+022132,42,cosmos_lens_000042,1.937218245425547,0.5165236197167611,0.3,1.120694625708786,21.492863769968597
3,COSJ100122+022132,92,cosmos_lens_000092,2.1688564043058194,0.3293324585592724,0.5195,1.320023945746547,21.867019855764593
1,COSJ100122+022144,98,cosmos_lens_000098,1.7387304807880168,0.374372077625477,0.3,1.06435840316254,19.086261716898104
2,COSJ100122+022144,42,cosmos_lens_000042,1.937218245425547,0.5165236197167611,0.3,1.120694625708786,21.492863769968597
3,COSJ100122+022144,92,cosmos_lens_000092,2.1688564043058194,0.3293324585592724,0.5195,1.320023945746547,21.867019855764593
1,COSJ100123+015608,98,cosmos_lens_000098,1.7387304807880168,0.374372077625477,0.3,1.06435840316254,19.086261716898104
2,COSJ100123+015608,42,cosmos_lens_000042,1.937218245425547,0.5165236197167611,0.3,1.120694625708786,21.492863769968597
3,COSJ100123+015608,92,cosmos_lens_000092,2.1688564043058194,0.3293324585592724,0.5195,1.320023945746547,21.867019855764593
1,COSJ100123+022005,98,cosmos_lens_000098,1.7387304807880168,0.374372077625477,0.3,1.06435840316254,19.086261716898104
2,COSJ100123+022005,42,cosmos_lens_000042,1.937218245425547,0.5165236197167611,0.3,1.120694625708786,21.492863769968597
3,COSJ100123+022005,92,cosmos_lens_000092,2.1688564043058194,0.3293324585592724,0.5195,1.320023945746547,21.867019855764593
1,COSJ100124+021640,98,cosmos_lens_000098,1.7387304807880168,0.374372077625477,0.3,1.06435840316254,19.086261716898104
2,COSJ100124+021640,42,cosmos_lens_000042,1.937218245425547,0.5165236197167611,0.3,1.120694625708786,21.492863769968597
3,COSJ100124+021640,92,cosmos_lens_000092,2.1688564043058194,0.3293324585592724,0.5195,1.320023945746547,21.867019855764593
1,COSJ100124+022027,98,cosmos_lens_000098,1.7387304807880168,0.374372077625477,0.3,1.06435840316254,19.086261716898104
2,COSJ100124+022027,42,cosmos_lens_000042,1.937218245425547,0.5165236197167611,0.3,1.120694625708786,21.492863769968597
3,COSJ100124+022027,92,cosmos_lens_000092,2.1688564043058194,0.3293324585592724,0.5195,1.320023945746547,21.867019855764593
1,COSJ100124+022319,98,cosmos_lens_000098,1.7387304807880168,0.374372077625477,0.3,1.06435840316254,19.086261716898104
2,COSJ100124+022319,42,cosmos_lens_000042,1.937218245425547,0.5165236197167611,0.3,1.120694625708786,21.492863769968597
3,COSJ100124+022319,92,cosmos_lens_000092,2.1688564043058194,0.3293324585592724,0.5195,1.320023945746547,21.867019855764593
1,COSJ100125+020326,98,cosmos_lens_000098,1.7387304807880168,0.374372077625477,0.3,1.06435840316254,19.086261716898104
2,COSJ100125+020326,42,cosmos_lens_000042,1.937218245425547,0.5165236197167611,0.3,1.120694625708786,21.492863769968597
3,COSJ100125+020326,92,cosmos_lens_000092,2.1688564043058194,0.3293324585592724,0.5195,1.320023945746547,21.867019855764593
1,COSJ100127+022709,98,cosmos_lens_000098,1.7387304807880168,0.374372077625477,0.3,1.06435840316254,19.086261716898104
2,COSJ100127+022709,42,cosmos_lens_000042,1.937218245425547,0.5165236197167611,0.3,1.120694625708786,21.492863769968597
3,COSJ100127+022709,92,cosmos_lens_000092,2.1688564043058194,0.3293324585592724,0.5195,1.320023945746547,21.867019855764593
1,COSJ100128+021853,98,cosmos_lens_000098,1.7387304807880168,0.374372077625477,0.3,1.06435840316254,19.086261716898104
2,COSJ100128+021853,42,cosmos_lens_000042,1.937218245425547,0.5165236197167611,0.3,1.120694625708786,21.492863769968597
3,COSJ100128+021853,92,cosmos_lens_000092,2.1688564043058194,0.3293324585592724,0.5195,1.320023945746547,21.867019855764593
1,COSJ100128+021951,98,cosmos_lens_000098,1.7387304807880168,0.374372077625477,0.3,1.06435840316254,19.086261716898104
2,COSJ100128+021951,42,cosmos_lens_000042,1.937218245425547,0.5165236197167611,0.3,1.120694625708786,21.492863769968597
3,COSJ100128+021951,92,cosmos_lens_000092,2.1688564043058194,0.3293324585592724,0.5195,1.320023945746547,21.867019855764593
1,COSJ100128+022502,98,cosmos_lens_000098,1.7387304807880168,0.374372077625477,0.3,1.06435840316254,19.086261716898104
2,COSJ100128+022502,42,cosmos_lens_000042,1.937218245425547,0.5165236197167611,0.3,1.120694625708786,21.492863769968597
3,COSJ100128+022502,92,cosmos_lens_000092,2.1688564043058194,0.3293324585592724,0.5195,1.320023945746547,21.867019855764593
1,COSJ100128+022544,98,cosmos_lens_000098,1.7387304807880168,0.374372077625477,0.3,1.06435840316254,19.086261716898104
2,COSJ100128+022544,42,cosmos_lens_000042,1.937218245425547,0.5165236197167611,0.3,1.120694625708786,21.492863769968597
3,COSJ100128+022544,92,cosmos_lens_000092,2.1688564043058194,0.3293324585592724,0.5195,1.320023945746547,21.867019855764593
1,COSJ100129+020455,98,cosmos_lens_000098,1.7387304807880168,0.374372077625477,0.3,1.06435840316254,19.086261716898104
2,COSJ100129+020455,42,cosmos_lens_000042,1.937218245425547,0.5165236197167611,0.3,1.120694625708786,21.492863769968597
3,COSJ100129+020455,92,cosmos_lens_000092,2.1688564043058194,0.3293324585592724,0.5195,1.320023945746547,21.867019855764593
1,COSJ100130+021315,98,cosmos_lens_000098,1.7387304807880168,0.374372077625477,0.3,1.06435840316254,19.086261716898104
2,COSJ100130+021315,42,cosmos_lens_000042,1.937218245425547,0.5165236197167611,0.3,1.120694625708786,21.492863769968597
3,COSJ100130+021315,92,cosmos_lens_000092,2.1688564043058194,0.3293324585592724,0.5195,1.320023945746547,21.867019855764593
1,COSJ100130+021921,98,cosmos_lens_000098,1.7387304807880168,0.374372077625477,0.3,1.06435840316254,19.086261716898104
2,COSJ100130+021921,42,cosmos_lens_000042,1.937218245425547,0.5165236197167611,0.3,1.120694625708786,21.492863769968597
3,COSJ100130+021921,92,cosmos_lens_000092,2.1688564043058194,0.3293324585592724,0.5195,1.320023945746547,21.867019855764593
1,COSJ100130+021936,98,cosmos_lens_000098,1.7387304807880168,0.374372077625477,0.3,1.06435840316254,19.086261716898104
2,COSJ100130+021936,42,cosmos_lens_000042,1.937218245425547,0.5165236197167611,0.3,1.120694625708786,21.492863769968597
3,COSJ100130+021936,92,cosmos_lens_000092,2.1688564043058194,0.3293324585592724,0.5195,1.320023945746547,21.867019855764593
1,COSJ100130+022214,98,cosmos_lens_000098,1.7387304807880168,0.374372077625477,0.3,1.06435840316254,19.086261716898104
2,COSJ100130+022214,42,cosmos_lens_000042,1.937218245425547,0.5165236197167611,0.3,1.120694625708786,21.492863769968597
3,COSJ100130+022214,92,cosmos_lens_000092,2.1688564043058194,0.3293324585592724,0.5195,1.320023945746547,21.867019855764593
1,COSJ100131+015748,98,cosmos_lens_000098,1.7387304807880168,0.374372077625477,0.3,1.06435840316254,19.086261716898104
2,COSJ100131+015748,42,cosmos_lens_000042,1.937218245425547,0.5165236197167611,0.3,1.120694625708786,21.492863769968597
3,COSJ100131+015748,92,cosmos_lens_000092,2.1688564043058194,0.3293324585592724,0.5195,1.320023945746547,21.867019855764593
1,COSJ100131+022056,98,cosmos_lens_000098,1.7387304807880168,0.374372077625477,0.3,1.06435840316254,19.086261716898104
2,COSJ100131+022056,42,cosmos_lens_000042,1.937218245425547,0.5165236197167611,0.3,1.120694625708786,21.492863769968597
3,COSJ100131+022056,92,cosmos_lens_000092,2.1688564043058194,0.3293324585592724,0.5195,1.320023945746547,21.867019855764593
1,COSJ100131+022553,98,cosmos_lens_000098,1.7387304807880168,0.374372077625477,0.3,1.06435840316254,19.086261716898104
2,COSJ100131+022553,42,cosmos_lens_000042,1.937218245425547,0.5165236197167611,0.3,1.120694625708786,21.492863769968597
3,COSJ100131+022553,92,cosmos_lens_000092,2.1688564043058194,0.3293324585592724,0.5195,1.320023945746547,21.867019855764593
1,COSJ100132+020533,98,cosmos_lens_000098,1.7387304807880168,0.374372077625477,0.3,1.06435840316254,19.086261716898104
2,COSJ100132+020533,42,cosmos_lens_000042,1.937218245425547,0.5165236197167611,0.3,1.120694625708786,21.492863769968597
3,COSJ100132+020533,92,cosmos_lens_000092,2.1688564043058194,0.3293324585592724,0.5195,1.320023945746547,21.867019855764593
1,COSJ100132+022652,98,cosmos_lens_000098,1.7387304807880168,0.374372077625477,0.3,1.06435840316254,19.086261716898104
2,COSJ100132+022652,42,cosmos_lens_000042,1.937218245425547,0.5165236197167611,0.3,1.120694625708786,21.492863769968597
3,COSJ100132+022652,92,cosmos_lens_000092,2.1688564043058194,0.3293324585592724,0.5195,1.320023945746547,21.867019855764593
1,COSJ100132+022807,98,cosmos_lens_000098,1.7387304807880168,0.374372077625477,0.3,1.06435840316254,19.086261716898104
2,COSJ100132+022807,42,cosmos_lens_000042,1.937218245425547,0.5165236197167611,0.3,1.120694625708786,21.492863769968597
3,COSJ100132+022807,92,cosmos_lens_000092,2.1688564043058194,0.3293324585592724,0.5195,1.320023945746547,21.867019855764593
1,COSJ100133+022036,98,cosmos_lens_000098,1.7387304807880168,0.374372077625477,0.3,1.06435840316254,19.086261716898104
2,COSJ100133+022036,42,cosmos_lens_000042,1.937218245425547,0.5165236197167611,0.3,1.120694625708786,21.492863769968597
3,COSJ100133+022036,92,cosmos_lens_000092,2.1688564043058194,0.3293324585592724,0.5195,1.320023945746547,21.867019855764593
1,COSJ100134+022028,98,cosmos_lens_000098,1.7387304807880168,0.374372077625477,0.3,1.06435840316254,19.086261716898104
2,COSJ100134+022028,42,cosmos_lens_000042,1.937218245425547,0.5165236197167611,0.3,1.120694625708786,21.492863769968597
3,COSJ100134+022028,92,cosmos_lens_000092,2.1688564043058194,0.3293324585592724,0.5195,1.320023945746547,21.867019855764593
1,COSJ100134+022037,98,cosmos_lens_000098,1.7387304807880168,0.374372077625477,0.3,1.06435840316254,19.086261716898104
2,COSJ100134+022037,42,cosmos_lens_000042,1.937218245425547,0.5165236197167611,0.3,1.120694625708786,21.492863769968597
3,COSJ100134+022037,92,cosmos_lens_000092,2.1688564043058194,0.3293324585592724,0.5195,1.320023945746547,21.867019855764593
1,COSJ100134+022039,98,cosmos_lens_000098,1.7387304807880168,0.374372077625477,0.3,1.06435840316254,19.086261716898104
2,COSJ100134+022039,42,cosmos_lens_000042,1.937218245425547,0.5165236197167611,0.3,1.120694625708786,21.492863769968597
3,COSJ100134+022039,92,cosmos_lens_000092,2.1688564043058194,0.3293324585592724,0.5195,1.320023945746547,21.867019855764593
1,COSJ100135+022033,98,cosmos_lens_000098,1.7387304807880168,0.374372077625477,0.3,1.06435840316254,19.086261716898104
2,COSJ100135+022033,42,cosmos_lens_000042,1.937218245425547,0.5165236197167611,0.3,1.120694625708786,21.492863769968597
3,COSJ100135+022033,92,cosmos_lens_000092,2.1688564043058194,0.3293324585592724,0.5195,1.320023945746547,21.867019855764593
1,COSJ100138+022126,98,cosmos_lens_000098,1.7387304807880168,0.374372077625477,0.3,1.06435840316254,19.086261716898104
2,COSJ100138+022126,42,cosmos_lens_000042,1.937218245425547,0.5165236197167611,0.3,1.120694625708786,21.492863769968597
3,COSJ100138+022126,92,cosmos_lens_000092,2.1688564043058194,0.3293324585592724,0.5195,1.320023945746547,21.867019855764593
1,COSJ100138+022225,98,cosmos_lens_000098,1.7387304807880168,0.374372077625477,0.3,1.06435840316254,19.086261716898104
2,COSJ100138+022225,42,cosmos_lens_000042,1.937218245425547,0.5165236197167611,0.3,1.120694625708786,21.492863769968597
3,COSJ100138+022225,92,cosmos_lens_000092,2.1688564043058194,0.3293324585592724,0.5195,1.320023945746547,21.867019855764593
1,COSJ100138+023003,98,cosmos_lens_000098,1.7387304807880168,0.374372077625477,0.3,1.06435840316254,19.086261716898104
2,COSJ100138+023003,42,cosmos_lens_000042,1.937218245425547,0.5165236197167611,0.3,1.120694625708786,21.492863769968597
3,COSJ100138+023003,92,cosmos_lens_000092,2.1688564043058194,0.3293324585592724,0.5195,1.320023945746547,21.867019855764593
1,COSJ100138+023041,98,cosmos_lens_000098,1.7387304807880168,0.374372077625477,0.3,1.06435840316254,19.086261716898104
2,COSJ100138+023041,42,cosmos_lens_000042,1.937218245425547,0.5165236197167611,0.3,1.120694625708786,21.492863769968597
3,COSJ100138+023041,92,cosmos_lens_000092,2.1688564043058194,0.3293324585592724,0.5195,1.320023945746547,21.867019855764593
1,COSJ100140+020632,98,cosmos_lens_000098,1.7387304807880168,0.374372077625477,0.3,1.06435840316254,19.086261716898104
2,COSJ100140+020632,42,cosmos_lens_000042,1.937218245425547,0.5165236197167611,0.3,1.120694625708786,21.492863769968597
3,COSJ100140+020632,92,cosmos_lens_000092,2.1688564043058194,0.3293324585592724,0.5195,1.320023945746547,21.867019855764593
1,COSJ100141+022159,98,cosmos_lens_000098,1.7387304807880168,0.374372077625477,0.3,1.06435840316254,19.086261716898104
2,COSJ100141+022159,42,cosmos_lens_000042,1.937218245425547,0.5165236197167611,0.3,1.120694625708786,21.492863769968597
3,COSJ100141+022159,92,cosmos_lens_000092,2.1688564043058194,0.3293324585592724,0.5195,1.320023945746547,21.867019855764593
1,COSJ100141+022738,98,cosmos_lens_000098,1.7387304807880168,0.374372077625477,0.3,1.06435840316254,19.086261716898104
2,COSJ100141+022738,42,cosmos_lens_000042,1.937218245425547,0.5165236197167611,0.3,1.120694625708786,21.492863769968597
3,COSJ100141+022738,92,cosmos_lens_000092,2.1688564043058194,0.3293324585592724,0.5195,1.320023945746547,21.867019855764593
1,COSJ100143+020435,98,cosmos_lens_000098,1.7387304807880168,0.374372077625477,0.3,1.06435840316254,19.086261716898104
2,COSJ100143+020435,42,cosmos_lens_000042,1.937218245425547,0.5165236197167611,0.3,1.120694625708786,21.492863769968597
3,COSJ100143+020435,92,cosmos_lens_000092,2.1688564043058194,0.3293324585592724,0.5195,1.320023945746547,21.867019855764593
1,COSJ100143+021020,98,cosmos_lens_000098,1.7387304807880168,0.374372077625477,0.3,1.06435840316254,19.086261716898104
2,COSJ100143+021020,42,cosmos_lens_000042,1.937218245425547,0.5165236197167611,0.3,1.120694625708786,21.492863769968597
3,COSJ100143+021020,92,cosmos_lens_000092,2.1688564043058194,0.3293324585592724,0.5195,1.320023945746547,21.867019855764593
1,COSJ100144+020921,98,cosmos_lens_000098,1.7387304807880168,0.374372077625477,0.3,1.06435840316254,19.086261716898104
2,COSJ100144+020921,42,cosmos_lens_000042,1.937218245425547,0.5165236197167611,0.3,1.120694625708786,21.492863769968597
3,COSJ100144+020921,92,cosmos_lens_000092,2.1688564043058194,0.3293324585592724,0.5195,1.320023945746547,21.867019855764593
1,COSJ100144+022826,98,cosmos_lens_000098,1.7387304807880168,0.374372077625477,0.3,1.06435840316254,19.086261716898104
2,COSJ100144+022826,42,cosmos_lens_000042,1.937218245425547,0.5165236197167611,0.3,1.120694625708786,21.492863769968597
3,COSJ100144+022826,92,cosmos_lens_000092,2.1688564043058194,0.3293324585592724,0.5195,1.320023945746547,21.867019855764593
1,COSJ100145+022949,98,cosmos_lens_000098,1.7387304807880168,0.374372077625477,0.3,1.06435840316254,19.086261716898104
2,COSJ100145+022949,42,cosmos_lens_000042,1.937218245425547,0.5165236197167611,0.3,1.120694625708786,21.492863769968597
3,COSJ100145+022949,92,cosmos_lens_000092,2.1688564043058194,0.3293324585592724,0.5195,1.320023945746547,21.867019855764593
1,COSJ100146+022109,98,cosmos_lens_000098,1.7387304807880168,0.374372077625477,0.3,1.06435840316254,19.086261716898104
2,COSJ100146+022109,42,cosmos_lens_000042,1.937218245425547,0.5165236197167611,0.3,1.120694625708786,21.492863769968597
3,COSJ100146+022109,92,cosmos_lens_000092,2.1688564043058194,0.3293324585592724,0.5195,1.320023945746547,21.867019855764593
1,COSJ100148+022724,98,cosmos_lens_000098,1.7387304807880168,0.374372077625477,0.3,1.06435840316254,19.086261716898104
2,COSJ100148+022724,42,cosmos_lens_000042,1.937218245425547,0.5165236197167611,0.3,1.120694625708786,21.492863769968597
3,COSJ100148+022724,92,cosmos_lens_000092,2.1688564043058194,0.3293324585592724,0.5195,1.320023945746547,21.867019855764593
1,COSJ100149+022734,98,cosmos_lens_000098,1.7387304807880168,0.374372077625477,0.3,1.06435840316254,19.086261716898104
2,COSJ100149+022734,42,cosmos_lens_000042,1.937218245425547,0.5165236197167611,0.3,1.120694625708786,21.492863769968597
3,COSJ100149+022734,92,cosmos_lens_000092,2.1688564043058194,0.3293324585592724,0.5195,1.320023945746547,21.867019855764593
1,COSJ100151+022105,98,cosmos_lens_000098,1.7387304807880168,0.374372077625477,0.3,1.06435840316254,19.086261716898104
2,COSJ100151+022105,42,cosmos_lens_000042,1.937218245425547,0.5165236197167611,0.3,1.120694625708786,21.492863769968597
3,COSJ100151+022105,92,cosmos_lens_000092,2.1688564043058194,0.3293324585592724,0.5195,1.320023945746547,21.867019855764593
1,COSJ100151+022347,98,cosmos_lens_000098,1.7387304807880168,0.374372077625477,0.3,1.06435840316254,19.086261716898104
2,COSJ100151+022347,42,cosmos_lens_000042,1.937218245425547,0.5165236197167611,0.3,1.120694625708786,21.492863769968597
3,COSJ100151+022347,92,cosmos_lens_000092,2.1688564043058194,0.3293324585592724,0.5195,1.320023945746547,21.867019855764593
1,COSJ100151+022625,98,cosmos_lens_000098,1.7387304807880168,0.374372077625477,0.3,1.06435840316254,19.086261716898104
2,COSJ100151+022625,42,cosmos_lens_000042,1.937218245425547,0.5165236197167611,0.3,1.120694625708786,21.492863769968597
3,COSJ100151+022625,92,cosmos_lens_000092,2.1688564043058194,0.3293324585592724,0.5195,1.320023945746547,21.867019855764593
1,COSJ100152+022504,98,cosmos_lens_000098,1.7387304807880168,0.374372077625477,0.3,1.06435840316254,19.086261716898104
2,COSJ100152+022504,42,cosmos_lens_000042,1.937218245425547,0.5165236197167611,0.3,1.120694625708786,21.492863769968597
3,COSJ100152+022504,92,cosmos_lens_000092,2.1688564043058194,0.3293324585592724,0.5195,1.320023945746547,21.867019855764593
1,COSJ100152+022856,98,cosmos_lens_000098,1.7387304807880168,0.374372077625477,0.3,1.06435840316254,19.086261716898104
2,COSJ100152+022856,42,cosmos_lens_000042,1.937218245425547,0.5165236197167611,0.3,1.120694625708786,21.492863769968597
3,COSJ100152+022856,92,cosmos_lens_000092,2.1688564043058194,0.3293324585592724,0.5195,1.320023945746547,21.867019855764593
1,COSJ100155+021506,98,cosmos_lens_000098,1.7387304807880168,0.374372077625477,0.3,1.06435840316254,19.086261716898104
2,COSJ100155+021506,42,cosmos_lens_000042,1.937218245425547,0.5165236197167611,0.3,1.120694625708786,21.492863769968597
3,COSJ100155+021506,92,cosmos_lens_000092,2.1688564043058194,0.3293324585592724,0.5195,1.320023945746547,21.867019855764593
1,COSJ100157+021407,98,cosmos_lens_000098,1.7387304807880168,0.374372077625477,0.3,1.06435840316254,19.086261716898104
2,COSJ100157+021407,42,cosmos_lens_000042,1.937218245425547,0.5165236197167611,0.3,1.120694625708786,21.492863769968597
3,COSJ100157+021407,92,cosmos_lens_000092,2.1688564043058194,0.3293324585592724,0.5195,1.320023945746547,21.867019855764593
1,COSJ100158+022406,98,cosmos_lens_000098,1.7387304807880168,0.374372077625477,0.3,1.06435840316254,19.086261716898104
2,COSJ100158+022406,42,cosmos_lens_000042,1.937218245425547,0.5165236197167611,0.3,1.120694625708786,21.492863769968597
3,COSJ100158+022406,92,cosmos_lens_000092,2.1688564043058194,0.3293324585592724,0.5195,1.320023945746547,21.867019855764593
1,COSJ100202+021902,98,cosmos_lens_000098,1.7387304807880168,0.374372077625477,0.3,1.06435840316254,19.086261716898104
2,COSJ100202+021902,42,cosmos_lens_000042,1.937218245425547,0.5165236197167611,0.3,1.120694625708786,21.492863769968597
3,COSJ100202+021902,92,cosmos_lens_000092,2.1688564043058194,0.3293324585592724,0.5195,1.320023945746547,21.867019855764593
1,COSJ100205+021910,98,cosmos_lens_000098,1.7387304807880168,0.374372077625477,0.3,1.06435840316254,19.086261716898104
2,COSJ100205+021910,42,cosmos_lens_000042,1.937218245425547,0.5165236197167611,0.3,1.120694625708786,21.492863769968597
3,COSJ100205+021910,92,cosmos_lens_000092,2.1688564043058194,0.3293324585592724,0.5195,1.320023945746547,21.867019855764593
1,COSJ100206+022349,98,cosmos_lens_000098,1.7387304807880168,0.374372077625477,0.3,1.06435840316254,19.086261716898104
2,COSJ100206+022349,42,cosmos_lens_000042,1.937218245425547,0.5165236197167611,0.3,1.120694625708786,21.492863769968597
3,COSJ100206+022349,92,cosmos_lens_000092,2.1688564043058194,0.3293324585592724,0.5195,1.320023945746547,21.867019855764593
