name,n_components,max_sep_arcsec,lens_reff_arcsec,lens_axis_ratio,concentration,asymmetry,smoothness,clumpiness,gini,m20,arc_length_arcsec,arc_width_arcsec,arc_length_to_width,bg_rms_F115W,sb_peak_F115W,total_flux_F115W,bg_rms_F150W,sb_peak_F150W,total_flux_F150W,bg_rms_F277W,sb_peak_F277W,total_flux_F277W,bg_rms_F444W,sb_peak_F444W,total_flux_F444W,color_F115W_F444W,color_F115W_F277W,color_F150W_F444W,color_F277W_F444W
COSJ095846+020304,23,5.620200004719759,1.1070301746541888,0.720104709145669,3.4351453040644984,0.3565994991559946,0.4161690763312391,2.227841982380682,0.698292906639813,-1.8298968310931172,0.404223081566129,0.2240135032115813,1.8044585516987308,0.036734385252467375,8.376574516296387,1147.8876525294731,0.029655333434568432,16.004301071166992,1772.076231435205,0.01104695942494043,16.326457977294922,3081.875738073024,0.011786742250234046,9.931290626525879,2682.868368478361,0.9217499518746086,1.0722893488620298,0.4502924114802024,-0.1505393969874211
COSJ095847+015837,4,2.8010839504671274,0.6109411331917491,0.6835008922031333,2.7056411477949407,0.506886781480345,0.1974699893606497,1.1582940774880035,0.5379823333382637,-1.6858932265300002,0.23045200286956452,0.13490020624633348,1.7083146815116756,0.02254164017297877,1.0092356204986572,164.4256136866643,0.018199069897847232,1.1185885667800903,204.67603588440033,0.007000932672513458,1.1729423999786377,255.35887138568796,0.007877619751263215,1.0634589195251465,273.5076361953252,0.5524999616690224,0.4779536969035879,0.31475614762477905,0.07454626476543469
COSJ095852+020258,5,2.790944520432832,0.5902593518495278,0.9594479008118243,2.3384437653116343,0.2960853071288981,0.14218101974584946,0.9086873690110895,0.45792625123518554,-1.5009334226626796,0.23082635288718167,0.13954372225342054,1.6541507504578807,0.0364596460583002,0.773948073387146,281.52007479167514,0.02809113567818141,0.9661683440208435,319.8227096811661,0.009627909090349222,0.7545223832130432,366.50519905157853,0.010863740012482099,0.6320362687110901,332.36258639441803,0.18025690179036688,0.28642692622324306,0.0417570785712775,-0.10617002443287622
COSJ095853+020707,6,2.3531047708778656,0.6993955279162476,0.40487137387104977,3.6625411658120783,0.16594694628381032,0.4575627623000978,2.345724206235225,0.7679905220924926,-2.254249542961956,0.2576754099957798,0.07409548631906211,3.477612777736627,0.021300673067720655,1.6138198375701904,429.41960956814,0.01698036087820486,3.674956798553467,635.1063353221161,0.006378044716341626,11.262170791625977,1536.8878232843708,0.00758859747058647,11.469145774841309,1528.6391503214836,1.3785577636788182,1.384400742434975,0.9536463331593323,-0.005842978756156711
COSJ095855+015828,6,3.81804767883715,1.5660738125992881,0.6680774647507965,4.132326018835229,0.6088104643401074,0.36696574779785984,1.9460193138892186,0.6582023855225345,-2.4016404691038984,0.21673942559060128,0.12158273198562601,1.7826497402297643,0.025765458304024505,15.58352279663086,2685.320903954452,0.02253905299207739,22.666494369506836,3808.7395789129914,0.01870403893966553,25.38550567626953,6462.066696851049,0.013673259677981222,11.728352546691895,3723.5470811615232,0.3549016421718649,0.9534381088615682,-0.024561073631400608,-0.5985364666897033
COSJ095856+015821,7,3.3821581221721844,1.0877550617056486,0.6516090336644104,2.7537857911952224,0.8962927074981919,0.20948074949713386,1.4306605067160092,0.38086533766869274,-1.8042625109575685,0.12631130250868433,0.07232264707209625,1.7464972262805651,0.024275267742611958,0.7760509252548218,205.92453825266693,0.01963273226411906,1.1456629037857056,285.5451336605752,0.006978506531979565,1.3233040571212769,386.05255481014456,0.008045107262252191,1.6229937076568604,385.43567523198726,0.6806095221562074,0.6823458250799337,0.3256928662456157,-0.0017363029237263228
COSJ095857+020404,8,5.846881974563895,1.8418432051922904,0.5033843092765922,1.6340318601480905,1.9716536173464385,0.3348429676208074,1.9313714068199779,0.5594619672558592,-0.7002950551491848,0.11545690619440416,0.10692001657955995,1.0798436989437974,0.022466811449312583,1.593397855758667,452.2900946166694,0.018471970295838535,2.090362071990967,610.5897878509404,0.008192456807850683,2.1713829040527344,1039.140638799523,0.009520795685885427,2.386167526245117,1332.5809457953437,1.1731913063514454,0.9031431324991056,0.8473601567425355,0.27004817385233987
COSJ095857+021007,8,5.659910614223655,0.5154171003481103,0.5593213758404878,2.552843226512229,0.4841533772066988,0.1819571172023731,1.1413613696290537,0.5265929052805512,-1.5282785695679468,0.272276177469644,0.1980300432969264,1.374923587030645,0.022615739605663283,1.0526890754699707,344.0021676998508,0.018167940901987513,1.2054023742675781,388.98170995240434,0.0068788640651754164,1.1115597486495972,406.6090280597564,0.0077046644692532265,0.5215094089508057,217.68699067477792,-0.496821758926054,0.18153959481974963,-0.6302417636450351,-0.6783613537458038
COSJ095858+020529,9,5.280444428663849,1.3844724926669658,0.6394125283436022,4.39159703986875,0.8849554263619559,0.4527954818409742,2.4293694025101855,0.6696931078342966,-2.5211240362901592,0.20076020581974371,0.17611358038027647,1.1399473305025574,0.0363865514455348,6.781864643096924,1341.8522167111041,0.029151920852038382,13.537740707397461,2079.14278153162,0.01097379857405061,19.429548263549805,3259.940456279088,0.011937175656380172,11.422956466674805,1912.0604178150825,0.38449230787740923,0.9637624491682213,-0.09095675915767473,-0.579270141290812
COSJ095903+021139,6,4.351838242873436,0.6369381513945742,0.7082871575310097,2.0455758181958235,0.29610387970906593,0.1417264954305328,0.8317218128806708,0.5260637068501847,-1.2468641832482734,1.3243800578579086,0.5919048983282558,2.2374879167217845,0.035684993211098824,1.5651541948318481,804.2236570959403,0.028537576676933702,2.396291732788086,1067.798929340257,0.009237864528492701,2.961988687515259,1638.1098940643715,0.010751103195460751,1.3838436603546143,1304.48698989697,0.5251572697447991,0.7724154731121614,0.2173756775591297,-0.2472582033673623
COSJ095905+021026,6,5.401179640081142,0.7509959638142157,0.4616822483205749,3.1920447207600047,0.443423750501245,0.21211757436632503,1.2744233681627257,0.5119945732291259,-2.023304149716422,0.22236025882534957,0.15546335762851873,1.4303065507994601,0.03055010079604805,0.5399326086044312,229.3889934005927,0.025274345260297468,0.6825422048568726,291.9799368378517,0.00951062183249448,1.7911204099655151,376.11706811770637,0.010929100068381482,1.9346247911453247,397.4172583714535,0.5966853683929,0.5368761660670364,0.33473428178239456,0.05980920232586347
COSJ095908+020157,4,4.922368409230881,1.0806049104556832,0.9699548127233353,4.445355932391983,0.410254199014997,0.422405217350895,2.2340276892161417,0.6417006721611194,-2.521327434898429,0.15331939928418845,0.08406811081326025,1.8237521671535533,0.03449726786132899,8.836058616638184,954.845529875523,0.028970361560275146,12.887493133544922,1420.3507981897023,0.012466707151576599,16.657182693481445,2506.8161667695967,0.012923654669010255,10.565845489501953,2031.747808198932,0.8198417015930525,1.047973418936955,0.38868545062962495,-0.22813171734390242
COSJ095908+021435,9,6.121070428082018,0.7681278307951076,0.6774348664962131,2.3553893649387554,0.1931878541217212,0.1250443285809966,0.8525379923147766,0.4011569536558401,-1.7110676380986862,0.20061611662659956,0.1128481880040783,1.7777522189310595,0.025072515691926325,0.46030983328819275,221.77303929871414,0.0203244899651018,0.5286232829093933,257.0535671518228,0.0070798331957325255,0.39045026898384094,233.60745343471353,0.008064747456927463,0.21193023025989532,130.24324098805664,-0.5778838840287689,0.05644486713058963,-0.738171100669927,-0.6343287511593585
COSJ095908+021559,10,3.8509734080832443,0.7224627625296176,0.634604878888538,3.640327427616702,0.3615174263819788,0.4255347255357153,2.1878005517572614,0.7751994673780798,-2.3034091231342213,0.20930364066257126,0.15515030508510164,1.3490378929501037,0.03212109359950616,19.63363265991211,1577.3753974953943,0.026490059155870143,27.793697357177734,2106.5438408190093,0.011534321194985455,30.894224166870117,3467.1176576633006,0.012675533234978699,12.531646728515625,2007.5572642567204,0.2618321982277395,0.8550837925402193,-0.05225639970671652,-0.5932515943124796
COSJ095910+020058,5,3.4457745181333457,0.385750324051919,0.892249024184622,3.026572521653532,0.4706678789089843,0.2574480876063809,1.3808929873102702,0.6820772864922037,-2.0038547563525007,0.5785651548604492,0.42836887123949036,1.35062371172388,0.03333157848349048,3.3101487159729004,340.3403941031047,0.026042060348764676,5.567327976226807,474.92167439093464,0.010857852592087637,5.94585657119751,816.714199596443,0.012284060071306009,4.466689109802246,908.6164867849438,1.066167788433681,0.9503915224635031,0.7043965562639078,0.1157762659701779
COSJ095910+020937,5,4.446796202686462,0.6064161664491905,0.6926785694566097,2.719017649932523,0.42133290572921595,0.2333290260989933,1.3023216973192107,0.634324079080497,-1.8676406980856348,0.33020053485878254,0.21897246837496992,1.5079545721398406,0.03213695245971967,2.5255227088928223,483.355404839298,0.025697736761539625,3.050295114517212,537.2800212011953,0.010052712238002137,3.6882190704345703,731.7010884785996,0.011171104098733706,1.6506198644638062,530.897327507424,0.10185989986109277,0.45016780472529894,-0.012975381126546708,-0.34830790486420615
COSJ095910+021709,12,5.375845886051857,1.1837512231178375,0.8951877546711678,4.187575757061727,0.47881550732383626,0.47037984824723017,2.4442042636564834,0.7150752751558901,-2.410917862958149,0.3427976922453912,0.1991602585202979,1.7212153408128568,0.033175111222679736,40.943519592285156,4253.995487526566,0.029762454785180123,57.174415588378906,5845.888173036423,0.022098669651240445,37.13273620605469,7560.321119669825,0.016169144159650255,24.911958694458008,4618.841381508391,0.08934005810682016,0.6243580434534832,-0.255793638207066,-0.5350179853466631
COSJ095912+020033,7,4.156239834005848,0.7242740467361346,0.5458807068470779,2.2234852596002446,1.3327574932949517,0.1896936126743541,1.2441454892620698,0.41466400994552066,-1.127811857942405,0.16671280699127652,0.11113865015013132,1.500043475119349,0.031125145566032672,0.4628385603427887,133.94941848869712,0.02426703081080262,0.3965336084365845,145.05979084670253,0.008486340403241253,0.4792701005935669,166.11458098671574,0.009990565860638683,0.46236303448677063,176.9591990207191,0.3023307782594738,0.23366730624171853,0.21581524229510096,0.06866347201775516
COSJ095912+020656,2,2.164809609398986,1.2255550071207768,0.5516998743696426,2.8186545500931177,0.7055986110543864,0.2204032540815753,1.2453644598369968,0.5530705138510376,-1.6084016660362863,0.11563868256087396,0.10444537807681213,1.1071689785624592,0.033437630902801045,6.316537380218506,1880.3416217720269,0.026151962772399562,9.384899139404297,2420.9116192898327,0.009274583334581192,11.137961387634277,2952.4973825922934,0.010871103726941021,5.597653865814209,2157.5913144544757,0.1493310645202458,0.48988190481407506,-0.12502437422816742,-0.3405508402938293
COSJ095912+020750,9,5.059002837673531,1.0760035782429505,0.447120615287083,3.8865067851905866,0.8504187712301051,0.4312237119289899,2.2428646491572652,0.7404487029456295,-2.433719415123135,0.15603957621079267,0.059902886540409324,2.6048757451033917,0.034784519491347185,16.58812141418457,3156.9687255335375,0.03019335918618938,28.199583053588867,4612.440543345656,0.015729952061446107,34.697696685791016,6530.734679591842,0.015186165544941668,15.069841384887695,4374.967085612459,0.35426127610499897,0.7892294017631539,-0.05738997726960354,-0.43496812565815496
COSJ095912+020751,9,5.471387074950729,0.6444282612474217,0.9758130092783255,4.03613687329247,0.7129023448751398,0.37722256969204465,1.9726878799295038,0.645806869458097,-2.3432293732544975,0.29868586703326755,0.24199546922543735,1.2342622280874966,0.036904711289223034,16.58812141418457,3123.6974017142566,0.030493993094869214,28.199583053588867,4579.130040250813,0.014899357987602314,34.697696685791016,6487.069325041957,0.014232385006655834,15.069841384887695,4336.709497609658,0.3562284369356826,0.7934489569173936,-0.059056614706406725,-0.4372205199817111
COSJ095913+015448,8,6.147508369148063,0.8882205596472954,0.7553894744401729,2.584450824216931,1.5565917519461165,0.20551291432897417,1.2619681421401254,0.4621964767169962,-1.606662750067653,1.0879939294932015,0.8686655175747019,1.2524889125688567,0.03547045439454015,1.3603891134262085,538.6131542573576,0.027916540383508624,1.4909533262252808,623.2485412289006,0.010064297156149852,1.3418960571289062,730.5768666746153,0.01126327264541165,1.0296045541763306,599.529760459347,0.11633447615175747,0.3309724016185015,-0.04212631116447778,-0.21463792546674407
COSJ095913+021702,4,6.0139640413735265,0.563982630958085,0.6982829422314388,2.573018573736938,0.8322016022843833,0.22966589240743476,1.3462953028879532,0.5392159132694411,-1.2334694119835965,0.20439299147126994,0.14473098450110905,1.4122269130954728,0.03327800818953735,2.704880475997925,176.28404218253547,0.02600984077699953,2.501538038253784,209.28050823914236,0.008661666406102088,1.237685203552246,217.6727149710132,0.010625394317991928,1.2274936437606812,236.0118770056688,0.31680214638480375,0.22897748457836667,0.13051269379971137,0.08782466180643697
COSJ095914+015947,8,5.067572013993989,0.865320116512176,0.43596144097712847,3.254946021686798,0.36500103622335267,0.4265961406609688,2.2272249941030426,0.7053054157095944,-2.0832364907673813,0.17917388972649845,0.14545106920725148,1.2318499320977538,0.03428833937809451,3.6027393341064453,760.7393741939177,0.02653711357725177,6.0065789222717285,1144.8474972145923,0.007015221869278713,7.81046199798584,1800.1194560852819,0.008199175983600603,3.8857314586639404,1235.5989214158617,0.5266040639028994,0.9351635772932363,0.08282470367829545,-0.4085595133903368
COSJ095914+021219,20,4.858913279850029,1.0906956199153326,0.8185597012274844,3.8972706528683796,0.9142522702118495,0.36307718930209376,1.944063890302055,0.6760555228011433,-2.353083162665754,0.3765413403990497,0.30845467725821235,1.2207347405007605,0.03520274378545816,3.464608907699585,1799.6896645641118,0.02748442428683066,7.751359939575195,2407.8791712470434,0.013764571409007421,13.366206169128418,3412.980697288178,0.014494453215751062,12.435689926147461,3260.8879563332885,0.6453456355200629,0.6948405237547611,0.3292529669393074,-0.049494888234698185
COSJ095914+021358,8,4.906714609231824,0.664187869404637,0.9089987348936991,3.4287828048218794,0.41827847307072596,0.2680075719129454,1.4209536934735236,0.6683832397330881,-2.1860084594908664,0.30903570650352613,0.22206480021622718,1.3916465203067498,0.022957858632317675,3.7875216007232666,359.35439155055064,0.018567435439654757,5.927664279937744,532.459913101935,0.007712916819236829,7.016786575317383,997.0300959874003,0.00868994346321911,5.278841972351074,985.7457741669932,1.09560491840295,1.1079632784272988,0.6686950175161128,-0.012358360024348768
COSJ095916+021850,7,6.126558904952777,0.49793414045024864,0.950704775521539,2.167446241207368,0.3788509619881614,0.15311713534089608,0.9576511628453718,0.4617158068886392,-1.248789765885962,0.2465023992625415,0.1649234181405554,1.4946476494469738,0.03596210725614062,0.7984619736671448,152.36358171791653,0.0277690591302007,0.8936732411384583,174.82256342060282,0.008629392134139565,0.6488828063011169,178.57930371213297,0.010618952595077473,4.820639133453369,182.8707808711115,0.1981578649699941,0.17237487981369956,0.048867088406745945,0.025782985156294444
COSJ095916+022021,1,0.0,2.0585381457637886,0.3044770742966763,3.85034033377956,0.45061901722909625,0.34729760190734643,1.8905103713339553,0.6446149523080514,-1.6106773310297176,,,,0.029910781497970794,12.652871131896973,3700.133102087093,0.03138618874636489,11.443934440612793,6251.397481242195,0.03344756949768604,20.718402862548828,10895.221517867874,0.02018610785181645,11.276663780212402,6072.791532208212,0.5379275648775985,1.1725467942557506,-0.031471851465855724,-0.6346192293781519
COSJ095917+015424,18,5.948287622686509,0.7395373340610019,0.8878720142427531,3.388566719003399,1.992137741598379,0.3264328292064618,1.7209325606464472,0.6665219177820567,-1.9808881584547495,0.9561879506306671,0.6779110630501196,1.4104917337216751,0.0359363525665776,6.566413879394531,1528.0433016496117,0.02859284228665093,9.889958381652832,2080.1053218769225,0.009818024001214098,11.287799835205078,3407.3420492050354,0.010953658892013175,11.465278625488281,3894.723482211404,1.0158524190017095,0.8707001784326027,0.6809782597700145,0.14515224056910686
COSJ095917+020626,3,2.8435885108488455,0.447691477039323,0.5086143522535401,2.826253133499974,0.6354747311406188,0.23452012735170444,1.3373379070766545,0.5915708570052921,-1.8449403969782576,0.16452703822202006,0.15139183465649558,1.0867629591472217,0.03589458054068565,7.697154521942139,190.71374122154066,0.027509640877399412,9.904048919677734,218.0345065395286,0.008323903004804064,1.9269194602966309,216.51577066929894,0.010032462423968826,1.306357979774475,219.0012487352942,0.1501615135222115,0.13776887351191544,0.004803399730737389,0.012392640010296082
COSJ095917+021629,4,5.006419702645577,0.8200431570112845,0.6422808529723061,2.722613952421313,0.7045595963868589,0.1975742043800761,1.3601232742621852,0.4043922143924298,-1.7511155474003133,0.3307613587357033,0.29059917131239493,1.1382047555123063,0.029773231522966973,0.43214699625968933,214.69084801811732,0.024166978687361847,0.6453470587730408,277.43775477747477,0.009183188130149969,0.7553877830505371,348.13193565560505,0.010717370837042791,0.6024883985519409,326.68918393690547,0.45580306150038,0.5248258334764696,0.17742298712383403,-0.06902277197608957
COSJ095917+021725,8,5.4952681723002295,0.6165568422167804,0.873395093273481,3.485927400702882,0.19497629654355536,0.2815755163866632,1.518233688749344,0.6322077041344086,-2.197121628077496,0.42257566235922117,0.21681972923652368,1.9489723737190128,0.020876096995241376,2.7754366397857666,240.52958555991427,0.016125122351099933,3.7542126178741455,315.24139185744275,0.0058033015045921696,3.9410276412963867,495.7277413388074,0.006977523679060358,2.4994819164276123,405.98049187153447,0.5683416560820309,0.7851868002269862,0.2746548226737945,-0.21684514414495543
COSJ095918+021939,10,4.973036394078692,1.0784148417418211,0.3706707309579729,3.343905239200567,0.8694656626194052,0.2996801115407104,1.730544232391825,0.5674832004767268,-1.452040688862347,0.15800070949683134,0.11088686150885425,1.4248821487675984,0.026586143064474113,0.8065608739852905,127.96066130884935,0.021253527301616174,1.5272291898727417,256.8020557892323,0.007900936996720396,2.243342638015747,554.0550740686886,0.010213436436733973,3.106205701828003,811.5381810625549,2.005581203377154,1.5911911516140622,1.2492761528552156,0.4143900517630919
COSJ095920+015851,18,5.585091805581002,1.310616411867818,0.7536747059781048,3.737670132335142,1.6948932547639295,0.3741670392492894,1.9665019751318342,0.690455175202168,-2.2625784917598204,0.14187083584054813,0.06871633566190317,2.0645867459897507,0.023170195388951223,6.116600513458252,1161.618364639621,0.01927165484167585,9.589140892028809,1793.2323810800117,0.011367068629754777,15.309779167175293,3729.4313369658776,0.011343305625574436,12.156781196594238,3495.6891688916367,1.1961733487611785,1.266447865772569,0.7247405910517747,-0.07027451701139065
COSJ095920+020558,7,4.476381401550953,0.09926446529515016,0.5305750742652339,1.8604455517326612,1.9999999999999996,0.0,0.0,0.05099229548460695,-0.7276492650837119,0.8010134287608486,0.5298864132210805,1.5116700650836423,0.03130533027173864,0.8029987812042236,200.25610416586574,0.024797171799426813,1.5249539613723755,347.7696453829749,0.009071603639238044,4.389327526092529,892.5731542731519,0.010632380717591565,4.996777534484863,1025.8125495481945,1.7737056119601904,1.6226451437174128,1.1744408383028346,0.1510604682427779
COSJ095920+022515,7,4.982048214222929,1.6066547953674577,0.2131111119069218,3.5023192898891535,0.5251695407343294,0.42925117880548763,2.308495720025862,0.6147309929571178,-1.8269842598544441,0.20752315735444604,0.1555889639553728,1.3337909841341278,0.03775124262554686,0.7342540621757507,781.784871618911,0.028877259286670908,1.6769540309906006,1251.5750785782411,0.010685438164214538,4.929661750793457,3135.788006665185,0.012034349698351675,3.8355824947357178,2494.2832350750687,1.2596462639371158,1.508148581598093,0.7487221520431973,-0.2485023176609772
COSJ095921+020218,6,3.3244153691332348,0.930807402620692,0.7945785640621009,3.923509949311052,1.760223567718556,0.38722465255659744,2.048362088698421,0.6866986642173625,-2.3161914172676243,0.21485872230441264,0.13364835559584565,1.6076420944089143,0.022813649109478282,5.6049275398254395,652.3807089012371,0.018522567838044648,8.90087890625,988.3733067608215,0.007540284127630291,10.995534896850586,1776.043356937298,0.008803371678792872,9.195011138916016,1965.776730017038,1.1975826986065528,1.0873811331833791,0.7465329549690705,0.11020156542317358
COSJ095921+020638,11,5.16039813178414,0.9869479317070753,0.853335205701444,4.210029935085824,0.25842799229118224,0.4622432770807207,2.400764790833009,0.7306001301194455,-2.535206582052752,0.12913220453470878,0.11294633567527904,1.1433058342500295,0.03546701027924812,26.44185447692871,2453.117635295607,0.030245396942972187,49.843257904052734,3568.539643268472,0.016893860505939117,40.58090591430664,5372.420158175752,0.014607223933659846,13.87216567993164,3018.5254110302776,0.2251911541381443,0.8511289884493062,-0.1817392237236232,-0.6259378343111617
COSJ095922+021812,11,3.937653549180309,1.2033402665480732,0.82566653617895,4.380445432927952,1.0875699051635774,0.4763351160340706,2.467308334563458,0.7146797018542947,-2.5278015099227407,0.25831664994678205,0.08673165169833359,2.9783434869342535,0.04866490180555533,41.73454284667969,3490.094542834383,0.04045720482433513,59.884033203125,4943.392076827984,0.01946230940327858,47.63713073730469,6949.0015292316675,0.014684496718033534,17.756595611572266,3690.8415008708835,0.06072050904339636,0.7477130389315074,-0.31724915466498016,-0.6869925298881112
COSJ095923+021632,8,5.225578591457515,0.6307012295351038,0.29591363315119634,2.82079002887327,1.325024254841371,0.49460835184394264,2.64862148960564,0.6445229334434943,-0.5023000933311557,0.26684136076805615,0.2450967623011451,1.088718423951247,0.032098775344704095,13.47046184539795,486.64042408608475,0.02483870344307756,12.0364990234375,550.6904474036764,0.006484824520314243,1.8853703737258911,446.93923917108623,0.007491115745552783,0.6340028047561646,309.9610047194001,-0.48975280490500495,-0.09239924142253823,-0.6240012076510638,-0.3973535634824666
COSJ095923+021836,5,4.675660746756746,1.309922634935772,0.9372225726295235,3.8805465590216937,0.6983488725690239,0.4174263505584035,2.1892235476927455,0.6739181260242352,-2.2028721293558937,0.2370047352622414,0.184970131752585,1.281313545147157,0.034772991301791976,13.9915132522583,1900.089596153442,0.028440993596701197,20.80445671081543,2672.5771347793125,0.013040087134790265,24.426380157470703,4584.207259934396,0.013259234874473036,10.756631851196289,2906.233947922239,0.46139122871601185,0.9562254115081184,0.09100080751786296,-0.4948341827921066
COSJ095924+020459,6,5.116266496591884,1.1691168926497206,0.9642051190970896,4.392677152779463,0.16405599944603066,0.46293442236051,2.3978019345474797,0.6849022793925137,-2.517661569552617,0.5046130523688841,0.22838362551288593,2.209497512072785,0.032550936397148414,7.791182041168213,794.3539953626898,0.02594895166152305,12.468567848205566,1384.6625784718046,0.007531456857257148,16.868921279907227,2717.6325355240842,0.009056801305796553,16.188232421875,3320.873289026553,1.553095551884792,1.3354416225391008,0.9497708744392939,0.21765392934569122
COSJ095924+020807,9,6.312197878699158,0.7486561193825356,0.6790149419577987,2.3851816953593143,1.7183142245525889,0.28223696487365224,1.6932354366055453,0.5122737099325156,-1.2969046394399837,1.4379108656235433,0.7432986383187308,1.9344995288514961,0.024482969005272293,9.78084659576416,1058.8192591225825,0.020633652668517515,13.138776779174805,1638.3861627063407,0.012366312619171958,11.395121574401855,3269.443256423343,0.014231904041032237,15.590359687805176,4049.897558807861,1.4565555144714666,1.2241299301909327,0.9825694164539058,0.23242558428053392
COSJ095924+021345,5,3.5942313241839963,0.6476299870299091,0.8469751168569756,2.0196866928501485,0.4145568644453079,0.14916146181518886,0.9407940426737894,0.4120633936611375,-1.2575497188081506,0.558514698764911,0.25372788305752675,2.201235008287525,0.02220238293032825,0.5812431573867798,165.3903854794189,0.017894468464963488,0.7773914933204651,200.4609463525976,0.006940006041825073,0.7583962678909302,248.1039387221972,0.00788233230733029,0.480842649936676,217.36661782479496,0.296706471204409,0.44030849864319604,0.08790767905691454,-0.14360202743878703
COSJ095924+022130,14,5.000370632506227,1.143277605445978,0.8424604736578378,4.72983032520022,0.9656490009719865,0.5482194471876295,2.8110794490039526,0.7591393815301584,-2.7249403523557896,0.4421690758092142,0.2250731039074942,1.964557595433292,0.031475666786561024,90.11531829833984,4804.315625704702,0.026792572548287104,109.0801773071289,6229.663990799163,0.018989285355741767,69.60712432861328,8617.470810217783,0.014532944225842876,29.871383666992188,4566.83422216223,-0.05504071091784274,0.6343707245051222,-0.3371234398146516,-0.689411435422965
COSJ095926+020304,4,5.1805822802329695,0.7355154821462009,0.8503071979064716,2.370778120185868,1.9560560917769634,0.17676100078331064,1.0215251651349406,0.5476060280470179,-1.481881975695478,0.19084903408147558,0.17512923411214204,1.089761141530874,0.028642020539788902,6.251287460327148,522.3955753982045,0.023430554906710612,9.482370376586914,732.4568176395333,0.00963771586146427,10.647048950195312,1210.3994633235561,0.011093116397001163,9.496072769165039,1357.1423672674428,1.0365647965729188,0.9123230814304215,0.6696084569506012,0.12424171514249753
COSJ095926+021023,18,5.319922797726762,1.1154567996433271,0.8238917161257817,3.925876591637988,0.6379309464227535,0.5684235749165191,2.929841988895678,0.7794269178846941,-2.396879270408437,0.17760083893272668,0.11110826962951428,1.5984484280506661,0.023749662298975953,12.096329689025879,1642.897390170232,0.019868769902429004,18.176673889160156,2494.1242511689397,0.01415949860141679,32.77325439453125,5745.733277276158,0.012649429839370185,26.01021957397461,5019.3483879501,1.2125922524004964,1.359337555057953,0.7593231387589827,-0.14674530265745658
COSJ095926+022040,9,6.590200191203506,0.8110083402008841,0.7289683828695959,2.858138422088523,0.6474646172365651,0.1973905956179459,1.1518222453192422,0.578699406306978,-1.8304411828677365,0.34729155665705946,0.1241865846217301,2.7965303797902386,0.03032896356563737,1.1960591077804565,334.65880597815976,0.024322153091533617,1.7588908672332764,510.5383264208972,0.009577393641383176,3.0114262104034424,1047.85831664945,0.011727912266796271,3.480623483657837,1394.219044956837,1.5493218841713172,1.2392507686066336,1.0907566512101035,0.3100711155646835
COSJ095926+022727,3,5.191116664134575,1.025118503985288,0.42183575701551673,2.513337720785506,1.91989899648242,0.3427299530401395,1.920559974696674,0.5658157764466699,-1.3426312975740653,0.22473154617323915,0.1803054031098897,1.246393853412553,0.027684907403174214,1.540552020072937,452.9014961437915,0.021933035700325336,1.7559762001037598,564.7850074905709,0.008530428361315895,1.50836181640625,765.3266807922773,0.010092162459645263,0.9727638363838196,532.060804007233,0.17489377755879057,0.5696077464776539,-0.06480473310156994,-0.3947139689188634
COSJ095927+020315,7,6.675521470314902,0.6800956479119593,0.580104911131111,2.5513545164126605,1.670674082690689,0.21198587945853387,1.5564377350743601,0.33597192032821355,-1.5616045011651722,2.2364921131310616,1.354141841641345,1.651593684174345,0.035783531730840805,14.701311111450195,3654.9414864092732,0.03185829657912249,19.362714767456055,4773.7491834149205,0.019963644079246168,16.794984817504883,5376.354776118416,0.017929742056200057,6.549826622009277,3676.342671643477,0.006338891559734331,0.4190187269473677,-0.2836090298325233,-0.41267983538763325
COSJ095927+021005,5,1.5490735457647806,0.6644553195024666,0.5102587126903604,3.606790537572706,0.37812364143140087,0.3248747732280748,1.776561414428763,0.673693736099327,-2.259752692499803,0.24992091746688944,0.15608621126640096,1.601172297278301,0.021010334098425457,3.262315034866333,323.4643347927231,0.016737479658747292,3.492988109588623,356.9567772759076,0.00633603546705857,3.429776430130005,442.0547891661108,0.007464594621436565,1.9767028093338013,277.72076618073334,-0.16554511892464038,0.3391242443201106,-0.27251819319457743,-0.5046693632447509
COSJ095927+022821,9,7.01415452892809,0.5867438191169387,0.6109419826928264,2.5838404017714316,1.1089174047026333,0.19830091119883742,1.2576197793753816,0.5338300784017402,-1.5750399196275127,0.45893398450013245,0.28895790839834473,1.588238186813929,0.026254498688370834,3.818089246749878,174.38875761839472,0.02124283555813554,1.4268901348114014,234.50937806612274,0.007106196969558898,1.72978937625885,386.0685281499136,0.008288487856148233,1.7266770601272583,431.3288535152351,0.9832250683344663,0.8628647905271487,0.6616207402888146,0.12036027780731773
COSJ095928+022948,10,4.2802188471145675,1.0019900862259568,0.7604138571772073,4.3041653751398,0.23955697106331228,0.4866672783342982,2.5303820682266647,0.7421626758297378,-2.5698226822047903,0.1441957272554013,0.10317556227902802,1.3975763646961121,0.038232853180015,20.338558197021484,1762.538036893214,0.030929438356996283,29.787025451660156,2552.9570214033592,0.016850596451925742,37.69428634643555,4649.318975138478,0.015515600616067908,19.250810623168945,3149.25730033312,0.6301741165225078,1.053127111542773,0.22791160295543206,-0.4229529950202652
COSJ095929+015348,17,5.987808083881794,1.566583810703761,0.41435391135321487,2.7424437985734587,1.6810009847175242,0.2232169401497461,1.3810854999496294,0.5149889184059623,-1.7289006964340892,0.1257837945582822,0.08429093999892953,1.4922575849774558,0.03890968487394661,1.7404297590255737,1955.0163813821837,0.031523752171758936,40.862220764160156,2228.1547257324564,0.013382927505691262,1.0361632108688354,1446.4558796308556,0.013028798397625597,0.5569912791252136,819.2288729722186,-0.9443628763849949,-0.327113024007977,-1.086350238161313,-0.6172498523770181
COSJ095929+020320,11,5.137982156724632,0.818847526604716,0.6483889649594963,2.768440950165716,1.7665159538590576,0.2353418728344842,2.0130171445904104,0.27646024942455427,-1.910222554651686,0.5561663426925074,0.25178335316103734,2.208908316257075,0.028459996426746802,1.9268893003463745,362.4857256012315,0.022368014295393382,1.5795084238052368,449.4456143718071,0.00877319272356059,1.764951229095459,636.4659001422115,0.009510616708827378,1.0336699485778809,430.5408012052285,0.18680851399524162,0.6112105784894426,-0.04665708081799544,-0.42440206449420104
COSJ095929+020338,9,6.556642033258209,0.9948195315085622,0.8304112099211888,4.088834812035722,1.8404480426020455,0.47261326369679313,2.4408841925879914,0.7485741125920383,-2.4582775841644886,0.4974796367682223,0.3382891834250945,1.4705750616421245,0.03440979374943621,13.39339542388916,1195.3000490165487,0.027119857079481773,19.731178283691406,1884.776735934186,0.011289611254776271,25.89236831665039,3844.0041620191187,0.01209873739640724,20.654163360595703,3973.164784315042,1.3041491004605947,1.2682672797667658,0.8096916622903393,0.03588182069382935
COSJ095929+020914,6,3.811894158821035,0.8006261716876468,0.5502135672232148,2.529057070141536,0.47664035341603705,0.18214443122566482,1.0532380231457887,0.5779016778995588,-1.499027363986022,0.42181815960158664,0.2337472272432278,1.8045910729142465,0.03350887761830229,1.1696292161941528,492.4294845510958,0.02620041950028604,1.4439857006072998,572.0385062539244,0.009100189486190163,1.858507513999939,822.0290742461875,0.010781469260163325,1.3157328367233276,682.1818564363057,0.35389028962647334,0.5563578240108509,0.1911872516247058,-0.2024675343843777
COSJ095930+021351,3,4.625689426103678,0.10681352724120782,0.48928817738964675,2.1050568110748795,1.9999999999999996,0.0,0.0,0.046747814737827326,-0.9935995500613157,2.3387332435896373,1.7134077692710652,1.3649601020454134,0.05956552151060327,58.687599182128906,12299.738728119992,0.07472159008320717,82.34673309326172,17073.683005908504,0.08116342020701477,53.48810958862305,19202.390416854993,0.04490422821079294,22.65917205810547,10152.473851755261,-0.20831001652517217,0.48364852289375987,-0.5643883358260673,-0.691958539418932
COSJ095930+022026,7,4.158602087047588,0.7505245973895676,0.9338720971539377,1.9937958597740377,0.19510967819725633,0.12761925644211974,0.8177348886197288,0.4174862659473179,-1.4452039078032908,0.4712345985494321,0.2638147050528166,1.786233252066405,0.03417591087308019,2.2896294593811035,426.5969055293572,0.02623741241216092,2.1825664043426514,464.04415798079935,0.00968513771326577,1.8191183805465698,597.3747692501056,0.011554165182517322,0.9222553968429565,416.305576762883,-0.02651368037998615,0.365572937388562,-0.11786770221849817,-0.3920866177685483
COSJ095931+020601,6,6.763533972335797,0.7253209830863894,0.8926243619626356,2.5755746602449254,0.36647987521644254,0.17094620102135652,1.165221024434087,0.4228961868064561,-1.7163596828381413,0.44871546388908445,0.18178358250518223,2.4684047794926287,0.03355543045121823,1.6353203058242798,448.0440038758819,0.027615927117674348,3.2783443927764893,618.8031656642252,0.012186293022538052,5.525890350341797,1082.2029219205724,0.013083138594757173,6.710507392883301,1232.1990235124977,1.098400476767162,0.9574700814983667,0.7478208337485065,0.1409303952687953
COSJ095931+022946,10,5.722591019914976,0.6436584068549189,0.8463108677911428,3.8131858361218574,0.7451105537328014,0.3694546403181545,2.0331743981830677,0.6488816248488743,-2.228564846753199,0.5033247611576117,0.22292620337451383,2.257808878178538,0.03896187250020572,559.119140625,5858.065322271101,0.03231639493397102,541.6731567382812,6711.387056523379,0.012619328330132901,99.64253234863281,3844.9536433331123,0.01353852062731329,36.0081787109375,2671.255037519273,-0.8525971398470739,-0.4571577550389909,-1.0002423295650187,-0.39543938480808294
COSJ095932+021750,9,2.977092566100344,0.6338280526512461,0.6917287026059254,3.605249210959198,0.36619020903964683,0.5306577552368228,2.726305626251215,0.787008692961051,-2.380433174845459,0.13857961700684102,0.11093108111931754,1.2492406601336976,0.03149893486671411,12.771270751953125,683.8645954492049,0.025115783493145263,20.24185562133789,1021.0918889395953,0.008956211847821041,22.122177124023438,1852.6750933451112,0.010695972500806747,12.655387878417969,1382.362554871128,0.764129602228961,1.0820728568350337,0.32889283710377437,-0.3179432546060728
COSJ095933+022242,9,6.235171658048391,0.4395988900051556,0.45833336930522134,3.4636555506540923,0.5615845471962694,0.33069595324362167,1.747274866717944,0.7036394147175427,-2.0887378033727084,0.4941267976345674,0.2695073259212926,1.8334447716603928,0.025614027968160865,4.64882230758667,289.54666827723827,0.020662822637343065,5.558671951293945,386.8704204514456,0.007152062610264698,5.185649871826172,562.8374872268905,0.008199788363907112,2.0741891860961914,370.3162451312455,0.2671354805129583,0.7216611086679892,-0.04748190313645319,-0.4545256281550308
COSJ095934+020759,3,1.6889432832745794,0.5986933620598966,0.6967923917814168,2.5843918409612145,0.5088522520684431,0.17923344666142094,1.0488231328089206,0.5523689208258273,-1.6895390144843272,0.23797485986886943,0.13464880209757624,1.7673745043525577,0.03129658609439366,1.2949241399765015,140.04074348489667,0.02495069082694316,1.738260269165039,208.78540001039073,0.009031515311032804,2.039963483810425,370.7279673619778,0.010544197769126622,1.3694393634796143,298.1063050774974,0.820291884627624,1.0570023555726944,0.3866775892264359,-0.23671047094507044
COSJ095936+015703,10,4.852708404044507,0.8948840691309926,0.84708423781483,3.2641450918252186,1.9182032536239284,0.3667970672896795,1.9249066636703838,0.6987425535356573,-1.9320503341157194,0.19247386654105003,0.10441459386818154,1.8433617314456936,0.02178661720709069,2.0651345252990723,445.577021093186,0.01752298480155045,4.987349987030029,779.0017293032097,0.007182917738385259,7.510616302490234,1726.426981423283,0.008488094045979064,8.237195014953613,2027.6335564129986,1.6451667107434855,1.4705635726584008,1.0386276205613063,0.17460313808508485
COSJ095936+021947,11,6.3609265645911774,0.7504426086653307,0.3543144549891804,2.9193375936433306,0.610166647324369,0.20331772125913347,1.4356440106636184,0.43144110707184685,-1.8095761990190695,0.4904053262544979,0.4284278116582616,1.144662678074861,0.029052678108655486,8.533599853515625,253.12184744200567,0.023434900530696794,7.656182289123535,314.2432407542974,0.009443520987512527,1.1885839700698853,350.08448477234924,0.010983871176620754,0.675814151763916,326.38753661989176,0.2760098372975655,0.3521080807960415,0.04116905385712958,-0.07609824349847594
COSJ095937+020742,12,4.766495940024911,0.5782307445487919,0.6393891731441669,3.48644983658776,0.6210927937520033,0.24094094413481246,1.4823172360531076,0.4826229355496983,-2.1216362300666654,0.5357960983651479,0.1779008658390435,3.0117677945980965,0.030445677893568113,2.520322799682617,167.45039867220294,0.024801977107776912,3.9023635387420654,249.44034344790634,0.00963470390796506,2.8110928535461426,339.32328856768436,0.010842353764933112,2.255404472351074,390.9936828795835,0.9207088871940003,0.7668187036844294,0.48800761231353434,0.15389018350957087
COSJ095937+021802,5,4.361265715224027,0.8489563461514502,0.5539596943017677,2.5367314497285465,0.5925376398775276,0.21270096336285424,1.2247473179658475,0.5020872895045153,-1.6690314182060737,0.18865051858039422,0.16087655241358162,1.1726414803781426,0.028631332181795782,0.4680275022983551,285.54940560684554,0.022040486563475622,0.485641747713089,321.55497718440324,0.007141840794960181,0.8947134017944336,466.2763398380848,0.00858051001960079,1.5560638904571533,631.1663013981015,0.8611563572953618,0.532405295540344,0.7322214180255573,0.3287510617550178
COSJ095937+022744,5,5.604907684640076,0.6671872928178089,0.9804564217194632,1.9830936680799558,0.5083284198957762,0.16012581028155448,0.9445652271020698,0.48965262717844055,-1.223536924327604,0.3164593361690501,0.1394168890351628,2.269878049633103,0.024001312272561966,1.410258412361145,336.23049587643476,0.01941711393002525,1.5531024932861328,384.8861723682421,0.0072324590369055065,1.2913390398025513,403.4663498153477,0.008323008969819676,0.5137363076210022,226.43229113590496,-0.42924685037426824,0.1979255453283379,-0.5759848692996623,-0.6271723957026061
COSJ095937+023754,7,6.479055378590418,0.4544584906184792,0.831515763747139,2.6077363026373983,0.5627708610509059,0.16850348656687222,1.022458106303835,0.5297087309870578,-1.586066903678979,0.18624160903793827,0.15310976975955018,1.2163927183119645,0.029908857188328284,1.0845530033111572,194.96609986454496,0.02350215030446643,1.1105268001556396,236.8486535977936,0.008588268169700963,0.9020556211471558,330.1999385592644,0.0105243728941933,0.8124299645423889,333.341022772016,0.5823241488379256,0.5720447101126434,0.371044608373041,0.010279438725282267
COSJ095938+021318,3,3.5654821483800334,0.4766986369988643,0.7428149058280928,2.8417789482453673,0.42306038900594534,0.20804525690838516,1.1625442315820271,0.6370027776225428,-1.9553818656128708,0.18850211460281546,0.12458999223750289,1.512979583813429,0.027581716086800344,1.584760069847107,326.37020815770575,0.022476749085336485,2.424771308898926,468.27950313706197,0.008741981843627459,3.067192316055298,683.4052034400593,0.010479617325148429,2.3080313205718994,676.1874080195994,0.7908914264869332,0.8024194318060158,0.3989048254556816,-0.011528005319082681
COSJ095938+022213,7,5.694376096111402,1.4908256434107074,0.41523469822886094,3.473632206662968,0.8005394243181675,0.38953685596136534,2.067468234428464,0.6653404625422435,-1.9153195011743778,0.20239445234135928,0.11797866585909267,1.7155173850083052,0.02820467991367308,5.2035322189331055,1044.3025258566822,0.023093502733518238,8.995980262756348,1606.565738327474,0.011029010496629115,15.500507354736328,3888.7195715015987,0.010835125519250673,9.911185264587402,3236.9249231290305,1.2282657452701373,1.4274507435583197,0.7605853139854084,-0.19918499828818226
COSJ095938+022520,8,3.964069196142297,0.8252369539125701,0.9056546899797453,2.564007119837564,0.27512481927932986,0.16112419952682727,1.1791343672622119,0.35704687791373885,-1.8101131962659234,0.23459287275442434,0.1412453521713841,1.6608891489029272,0.030446763744368496,0.4313856363296509,151.9136699743467,0.02358129383117172,0.4838922619819641,171.47169279818627,0.006284500490990505,0.30406081676483154,152.60343218447815,0.007418067945503833,0.13670368492603302,80.50711839829455,-0.6894064337832029,0.004918614289301222,-0.8208953828565544,-0.6943250480725041
COSJ095939+020309,4,3.154876999808856,0.6096117608776074,0.6805249511149828,2.812437370751111,2.0,0.17132024521766737,1.0271176531154647,0.5274970897652683,-1.8360883925253288,0.5525390526302254,0.16471971245305853,3.354419725493916,0.024596281716009062,1.180179238319397,227.03682557592037,0.01888268141690622,1.2334181070327759,248.71112665544933,0.005975273463886266,0.9570419192314148,222.51623240154004,0.007132552083346627,0.4095660448074341,130.38511388846746,-0.6021707379448413,-0.021836519780511727,-0.7011680104249186,-0.5803342181643296
COSJ095939+023043,6,5.7882229823622335,1.4480195649239138,0.662561026303127,3.8037122462619752,0.3158060001295284,0.3267625359081865,1.744299416371859,0.6826648964278142,-2.4073199076109795,0.1851903457466896,0.10617737995747945,1.7441600632908087,0.029880651823748806,13.98212718963623,3481.454106490106,0.028750708466403513,20.724031448364258,5145.549815014965,0.030567069762858116,25.45348358154297,8716.35667300038,0.019465375876091717,11.579562187194824,4916.800165973604,0.37480470753885786,0.9964357967383985,-0.04937307367359263,-0.6216310891995406
COSJ095939+023239,12,4.215935247656751,0.9123774775101192,0.5930037404558289,3.5172317680039034,0.7081368386223661,0.3334752732281604,1.7829005989564035,0.6880685985333891,-2.0975334650890147,0.4629806734009998,0.14891679862154392,3.1089888963945267,0.03378448871015439,6.632973670959473,1019.4975209215525,0.027218422749031704,11.523706436157227,1503.1574546576076,0.011025006420118133,17.838048934936523,2728.726270602885,0.01271060222257526,10.467286109924316,1745.9194230572466,0.5840950559973233,1.068934494975709,0.16254930362961045,-0.4848394389783858
COSJ095939+023707,9,5.256572785015176,0.5861367583887246,0.8627124026546065,2.6856532155872914,0.46139218395572096,0.15436845387904685,1.0144582246250469,0.4351403735986977,-1.771584573003217,0.3693018193884382,0.09302497645910333,3.969921127051236,0.024096085834179028,0.4074555039405823,84.10849480553588,0.01870308519552961,0.46689456701278687,97.51467785413479,0.006019996688183737,0.47403234243392944,107.93702300114091,0.0073245195873191445,0.3240414261817932,84.20947812961822,0.0013027873646062464,0.27082643674649176,-0.15927253615982406,-0.2695236493818855
COSJ095940+023253,9,5.48461035323939,1.243878315337719,0.6229540549072463,4.013888207938106,0.4767027197606886,0.46257963650395917,2.390278330599614,0.752891825645317,-2.463511708901952,0.1744124459485362,0.06048549783073314,2.8835415463823115,0.035576553182263694,42.68622589111328,5221.087389382428,0.031042065992478968,59.835777282714844,7353.520892145883,0.021022491882145257,50.43981170654297,9639.7722990131,0.01584799356081693,18.760868072509766,5063.931334770517,-0.03318288558624299,0.66576453290703,-0.40501880618839947,-0.6989474184932729
COSJ095940+023802,11,5.370477337464384,0.7916773485416997,0.7714605018370324,2.8888866694735467,0.3445585246112175,0.24245888334548651,1.3303632016755589,0.6224371108755652,-1.892329989414875,0.2271511321320846,0.16489493986501047,1.3775506532707402,0.03489624370374401,4.3816704750061035,458.9361405556774,0.027246248089683654,4.900142192840576,600.147404031668,0.009468693388325367,5.118528366088867,994.332484782979,0.01102799164375643,3.4767041206359863,799.4423670082615,0.6025872529303894,0.8394484222980059,0.3113230709963897,-0.2368611693676165
COSJ095941+020259,3,3.417225275923097,0.6975733621008788,0.9203693186384948,2.8813202192153264,1.970538470504811,0.21287773771834836,1.1538074977274455,0.6344666321065245,-1.889855929244719,0.8791271728874384,0.6546181774439822,1.3429617495806065,0.023567937308107984,2.344867706298828,796.2771649981523,0.018688446132110167,3.101917266845703,1114.2218627296188,0.007999981036865472,3.3421614170074463,1599.323399218265,0.00931742990962985,2.5968644618988037,1501.0691830737865,0.688341118586967,0.7571800744221001,0.3235725831563677,-0.06883895583513326
COSJ095941+020532,4,6.149776774097675,0.6815742584163548,0.9449936791099441,2.4049634190450697,0.5543675504280328,0.13810564053662946,0.9011234512046553,0.45357299950566615,-1.4964294972225065,0.18299187860656632,0.16458026989306818,1.1118700845821958,0.03024921212818071,0.41830068826675415,153.07991152851173,0.02380747784633458,0.46783626079559326,160.84850449951955,0.007004321492515904,0.5135901570320129,196.17029925843235,0.007742119386382168,0.26881009340286255,113.86027625011047,-0.321364923460311,0.26928763011393786,-0.37511198550463526,-0.5906525535742488
COSJ095941+021432,5,4.1818210077905595,0.8034552525904504,0.5573930905307392,2.8655708585491686,0.988221690791889,0.24419585803410235,1.4341758590854048,0.5731414217017122,-1.648461484912986,0.22872037128275585,0.14653138774556237,1.5608967798756312,0.020252907321636263,0.6254557967185974,195.9404123467193,0.016220774071928956,0.9342541694641113,248.95234607175053,0.006702675611150413,1.1825916767120361,338.8384933735142,0.007763312466774733,10.068620681762695,319.01439214948186,0.5292156469460708,0.5946718108563536,0.26923513279341077,-0.06545616391028278
COSJ095941+021442,7,5.693507545366354,0.7157769441009106,0.445311591167976,3.7001548614681363,0.756378818281406,0.2946380182051324,1.6473709961274645,0.6206741519464924,-2.270720179263027,0.673538182747471,0.4331891649628709,1.5548361714107062,0.022891288444628875,2.156588315963745,572.9151422834334,0.019112066917602023,2.2166919708251953,786.580084529792,0.007376544620115475,2.730207920074463,1344.2977195355343,0.00883589767748011,4.36464262008667,1838.6361243724823,1.2660137192577805,0.9260129024728826,0.9218821058174402,0.34000081678489813
COSJ095941+022634,7,7.296674102457121,0.3319415377313553,0.8262334557768519,3.031889386286095,0.7158269832207479,0.22785660438192393,1.2297957984034888,0.6810723742970979,-1.9955549050914851,0.3971611512012489,0.255796698065519,1.5526437761112974,0.029623740727568005,1.942090392112732,174.27108159737534,0.0243310035188217,3.3272361755371094,241.27910399661778,0.009662932100779353,4.216409683227539,384.4793033506721,0.011233279616256548,4.326283931732178,464.8715084983851,1.065269007297757,0.859119099841932,0.7120330452900332,0.20614990745582498
COSJ095941+023210,8,5.64503048730062,0.5409484483370602,0.4979050588180371,2.843960237948906,0.6685141575669222,0.20763471220125604,1.3230825700446178,0.5003151945942567,-1.6437528264612156,0.2103841711881457,0.1436452229578235,1.4646095906016854,0.029803897637625035,1.0454868078231812,247.71945822679118,0.023140657834316847,1.2148158550262451,304.3278077297946,0.008245562808498735,1.1717737913131714,437.5712563798297,0.009802323213804007,1.0507720708847046,405.10825539216063,0.5340274297802194,0.6177216609313219,0.3105736397983476,-0.08369423115110262
COSJ095941+023306,7,5.653505940761148,0.6730756478872547,0.6276253843683787,2.4440074920716857,0.6388286627697298,0.16671202415796588,1.0920252034508824,0.4601702829354688,-1.411245223899747,0.8807083079031794,0.46725720779251256,1.8848469177478402,0.02403038223115671,116.55205535888672,1547.2723689002269,0.019271282316775447,122.40620422363281,1754.8597141166465,0.008322295278501353,22.769363403320312,1296.2099263987475,0.009415762959960477,5.9929656982421875,985.561142694598,-0.4897079939731886,-0.1922285675904905,-0.6263970792087492,-0.29747942638269814
COSJ095942+015628,8,5.197827919228228,0.5278859406960447,0.7803773203594003,2.3999180372816182,1.9964509954134055,0.26551864877426534,1.420568432205662,0.6373047537525861,-1.3287388700914475,0.2791879090075381,0.21514838458931718,1.2976528247723627,0.0212747082427366,1.746837854385376,200.81259785080238,0.016734613745995643,1.9490631818771362,242.83382169296374,0.005965765337933527,2.0853629112243652,347.7505757806939,0.007302165976521047,2.7335989475250244,442.90985213630483,0.8588109659277494,0.5961922580561825,0.6525154152414901,0.2626187078715668
COSJ095942+022136,4,4.58006024083645,0.07393643053804691,0.323842254953293,2.20670059278424,2.0000000000000004,0.0,0.0,0.071548491432973,-0.42978837660311514,2.2510883849370686,0.8227456804283051,2.7360683118569478,0.02442667304108186,8.31006908416748,1052.7591827359456,0.020419847036407226,12.370257377624512,1644.0750180956265,0.010373117890536996,15.231704711914062,3023.3965507687535,0.011817654942002247,13.555732727050781,3609.8935582898557,1.3379133954500273,1.1454151875394762,0.8539319155098042,0.19249820791055097
COSJ095942+023350,11,4.336921427767193,0.8166917379953513,0.5513860872167244,3.3716477524362847,0.26506146542803294,0.3664799332871254,1.9692577936684355,0.6988283428977727,-2.2111511766092535,0.14749648129759632,0.103589587758328,1.4238543128649381,0.023706334350714467,5.846201419830322,759.5419580098296,0.018972938114767763,7.256560325622559,884.4376629606777,0.007217356978177709,5.541211128234863,898.9536505633878,0.008039691093814486,2.9631283283233643,616.4133646982445,-0.2266993088847183,0.1829638264331473,-0.3919879551835571,-0.4096631353178656
COSJ095942+023423,4,3.7761324107916208,0.48299758331254317,0.8317121723265521,3.211776848014022,0.3791002300739861,0.33944757110067303,1.7730180782297222,0.7382492602355615,-2.0094647320042127,0.1832796934328653,0.10316973888179908,1.7764869371516747,0.029263169374097644,2.585663080215454,279.5834262990202,0.023375746412660037,5.265628814697266,406.5356851682759,0.008746769049406853,8.609373092651367,801.2084452266572,0.010189053813209784,9.474909782409668,1086.4138123869125,1.4737096390336841,1.1430852387701746,1.0672415126950354,0.33062440026350953
COSJ095943+022046,9,4.823272133932611,1.3502559889952446,0.8931913142071485,4.306557088538047,0.17929804877193287,0.40087212730855176,2.0873923475999634,0.6867496921597646,-2.598523447972619,0.2846359818943002,0.13909940379682356,2.0462775118005223,0.02900678483180504,25.25470733642578,2735.0293083773067,0.024847241120150767,35.43303298950195,3856.574567330106,0.01486345613777483,35.096553802490234,6391.181007678155,0.01142573740409946,14.722630500793457,3454.308918830473,0.25349797339726376,0.9215478325514455,-0.11960139748428006,-0.6680498591541817
COSJ095943+022719,9,5.901568625379706,0.7006393923426462,0.7788904178198218,3.5983299598457004,0.38909904870233275,0.413652652158677,2.1424265635462008,0.7462376060812039,-2.1036343495521406,0.08040534235129915,0.06366882325357152,1.2628683591507839,0.02312332269628168,3.492635726928711,643.8775650831703,0.018470042380323695,7.437458515167236,934.6722029133261,0.007500256251575176,13.273954391479492,1564.1915621207154,0.008259348743883687,6.796565532684326,932.0668015583506,0.4016093661802214,0.9637166144049653,-0.0030307187121927856,-0.5621072482247438
COSJ095943+022829,9,6.422001412540994,0.5698228366148284,0.8104725257180612,1.9992934865072143,1.9537737245795952,0.16595315780239628,0.9539584908970596,0.5471057204240369,-1.2804958574429945,1.7600383975054388,0.7590222610756919,2.318823159430264,0.034769054284120374,2.2566721439361572,402.6409313926197,0.0280029058603057,4.114874362945557,572.7043271244183,0.01091420175867762,2.189652681350708,837.2033334206208,0.012509615300284773,2.352562665939331,868.2844753246463,0.8343602850704874,0.794782567147486,0.45182892887881,0.03957771792300147
COSJ095943+023800,3,2.5349215595742622,0.11139323364051079,0.371347604453939,1.7335563954883082,2.0,0.0,0.0,0.0656271748861791,-0.6911257716347734,2.6419193829024867,0.8073150182181534,3.2724764475873838,0.030354064166305834,22.654621124267578,1431.575751216762,0.025398597765506466,21.791629791259766,2100.504686510507,0.01235067065382708,25.90625762939453,3862.618134530494,0.013315582562231795,13.360111236572266,3275.607822280668,0.8986939152081609,1.077668604127622,0.4824206117754964,-0.17897468891946103
COSJ095944+020652,3,2.5475287659237327,1.265792489359332,0.3143007534338289,3.3714332745087674,1.9212060824968742,0.4375006526807492,2.283790364499662,0.6872915689048936,-1.6870343639132515,0.11236482987899937,0.04814926439591881,2.3336769790510767,0.030697289372160857,2.0019328594207764,1048.0715601660218,0.024587759167886445,4.676931381225586,1633.4955474470298,0.01025762467836833,10.77353572845459,3872.907182498835,0.011459535573097963,6.014423370361328,2625.127915198551,0.996898834575769,1.4191153812086919,0.5150812880039339,-0.42221654663292274
COSJ095944+021432,5,5.412416997917536,0.7515115207478514,0.5892716335768458,3.4790839778529596,0.2888552535320905,0.41770316413718833,2.162387712448071,0.7417385695856299,-2.223712978512966,0.22819706806219664,0.1313229534897401,1.737678463651254,0.024241053953307373,5.181141376495361,557.6969667222711,0.01950698795530677,8.603157997131348,810.9768908073002,0.006471338714683003,11.945403099060059,1629.9736304838443,0.007453922790957793,7.502641201019287,1199.3470196654926,0.8313664446632917,1.1644557402470639,0.4248409532875467,-0.3330892955837722
COSJ095944+022008,7,4.099394601761782,1.3340720082477389,0.5025817472497855,1.7615069576937423,1.553425234734377,0.27125605995495256,1.6675672834803374,0.4769060155497971,-1.0762757909351992,0.3123847941241219,0.23886106690219747,1.3078095906355012,0.04194893484940481,642.2925415039062,2171.4087127876724,0.034375441706017744,1.6085995435714722,916.2019906953356,0.012076647944743057,1.7683911323547363,1150.5943570063682,0.012392912237530218,0.8446226716041565,773.9599089923286,-1.1200577780693763,-0.6895483409254743,-0.18318191546615564,-0.4305094371439019
COSJ095945+021006,5,4.471847517110258,0.9168787695940546,0.7402444222197023,2.2067802424501988,0.9548314421104678,0.22585047855344142,1.223903710266634,0.5884661198768947,-1.3989303419644505,0.24006143213993844,0.11360171859176876,2.1131848630090406,0.0294981185075239,1.6296663284301758,673.5850080260443,0.023339958659439563,2.8508386611938477,899.7224480051758,0.008675177842553512,3.904806137084961,1494.8283054666827,0.010175557934098465,2.0987887382507324,945.2860413687558,0.36792708097491,0.8654972509227049,0.05363672168443137,-0.4975701699477949
COSJ095945+022340,9,6.185414684924941,1.2761419894590929,0.8180509509540546,4.4305202378974045,0.4499091472676187,0.46031550128052784,2.401854819609909,0.6990189473627707,-2.5735424437017955,0.22639902051973723,0.20880816505918098,1.0842440977131838,0.03143524828971487,19.525474548339844,1745.193455535651,0.026071956545390542,29.512802124023438,2680.8718786991867,0.016125448387834262,30.2711124420166,4922.490510332398,0.014237959050130311,19.248010635375977,3910.1610885448754,0.8758776846497224,1.1258532796344793,0.4097964760622727,-0.2499755949847569
COSJ095945+023214,5,4.142895819301581,0.5152174144661584,0.5641545629798692,2.595355740346948,1.5594430946003746,0.22615360856824757,1.3481133649699353,0.5171287805279214,-1.4435193233809396,0.4040345844365019,0.15892528942990872,2.5422925821676383,0.030158021912731436,1.1773933172225952,149.94232640699374,0.024067598807027264,1.5181421041488647,177.32311194777867,0.009257508943465916,1.5638121366500854,232.2293789908581,0.010743070737513493,0.7168103456497192,161.8455243473636,0.08294112299200809,0.47498229007802123,-0.09916162598964039,-0.3920411670860131
COSJ095945+023622,3,6.250509016603448,1.7425848855191837,0.7998465498460352,4.016653071901234,0.35067669003903845,0.31924639963508933,1.705087491646112,0.6446267421454642,-2.4531560541847592,0.3248088977060013,0.246678837647397,1.3167278587970463,0.05027734183715031,30.787109375,9405.589288395131,0.0579725334936941,45.80952072143555,13294.547835823148,0.05798836764506827,38.783573150634766,14267.57833563909,0.03166406642342328,16.086326599121094,7277.257447011769,-0.27854567848412676,0.45241063778687163,-0.6542645795580504,-0.7309563162709984
COSJ095946+015320,7,5.685702299592422,0.6441498983792233,0.6975511616971515,3.0013476202008693,1.997534215014767,0.2226801592948928,1.2704734271142135,0.5757585174353174,-1.8609587701186665,0.579298951171205,0.4377905698402522,1.3232330504117267,0.024326208996164222,1.0989428758621216,655.6801451778608,0.02040201371789957,2.043527364730835,1064.1011497156478,0.008832082109016733,7.593134880065918,2509.8739280151203,0.010577939875960864,16.24403190612793,3585.4240618827753,1.8446212395958534,1.457399685900754,1.3188940407266019,0.38722155369509925
COSJ095946+015749,3,2.517964765853131,0.5805380881195575,0.7341041147529619,3.6623972281519697,1.964147392404854,0.3610352008147431,1.8883784346390586,0.728213479260724,-2.288513331532154,0.19344463821264282,0.10888848889920982,1.776538917641703,0.024329531081633576,5.325369358062744,251.0686841907118,0.019537204808249442,9.846192359924316,468.41228186223,0.007465240283234107,9.804525375366211,739.740696663223,0.008851710715372758,8.657892227172852,957.0108013795762,1.452810732463214,1.1732174136266418,0.7757214141694444,0.27959331883657196
COSJ095946+021328,2,3.1626845036445075,0.5039304582035833,0.9705709391510179,2.7572488563678537,0.2146786117602775,0.14152162094036427,0.8639400430757955,0.5011354189694915,-1.8714283043194126,0.07758710856573157,0.047025538426395945,1.6498930402927845,0.03430875225319733,1.037348985671997,124.90199120380748,0.026389365030654928,1.252508521080017,154.08692930078905,0.00837159511563531,1.3176236152648926,192.448257407028,0.009946256849179606,1.0129408836364746,185.55936639389256,0.429783797275727,0.4693615524051148,0.20179270110925002,-0.03957775512938786
COSJ095946+022212,4,4.213925906958011,0.7931179738676986,0.9168771261360185,3.3817833202750047,0.323136664090149,0.2839503072414579,1.5045936574663252,0.7039285990656791,-2.1747934679094914,0.12170525165344445,0.06230612837619798,1.9533431915172244,0.03534041812284951,6.85083532333374,634.6301591510401,0.028805390564600377,9.797245979309082,969.6831309992303,0.010766207188722563,12.682596206665039,1921.9936942644417,0.01225362411824681,9.526945114135742,1987.5695074840914,1.2395040459382975,1.2030781287887184,0.7792312120876738,0.03642591714957919
COSJ095947+015615,6,3.52673612479558,0.9191257062205505,0.552686886874966,3.3602599956852517,1.7243765352835176,0.29504068889291224,1.5577120644118945,0.6963626955900657,-2.237314839539566,0.32607819681195616,0.2185710487357862,1.4918636237415281,0.024795423907263105,1.6248972415924072,461.01844924134457,0.019653081342094245,3.2185258865356445,741.705112565347,0.006653386759945234,8.35141658782959,1693.610986486252,0.007880440431612918,8.333237648010254,1740.814542451728,1.4425855013102944,1.4127383919245007,0.9263030836049257,0.02984710938579396
COSJ095947+022657,7,5.698076646713991,0.6445821504232647,0.8628420059715186,3.2432910218979725,0.26049580954031193,0.3033112519801054,1.578246814256526,0.7086075506243554,-2.1006796917387383,0.1804172479205568,0.10493164508256131,1.7193788182640484,0.022580212970766764,6.5634284019470215,647.1133577691216,0.018069549127528516,8.676532745361328,824.3739399705555,0.007500515533092485,11.210257530212402,1416.4211663473397,0.008113220281011193,5.681751728057861,922.1732904906676,0.38458043662849317,0.8505301084333978,0.12172071215238485,-0.4659496718049047
COSJ095948+015722,7,3.282380594958358,0.680138170976671,0.8580550248700369,2.1096154022161677,1.9995439935133574,0.14311500796210344,0.852697898544265,0.4992450593259083,-1.4200219146616186,2.8335749091240716,0.5549770679315553,5.105751341555491,0.03720006600478438,6.044795513153076,628.1029807194809,0.029150503633053118,7.702519416809082,847.0271500169156,0.010009614383758414,5.482242584228516,1219.366793479072,0.01162419142414099,2.6176164150238037,1393.8120234493254,0.8654333804113412,0.7202587737222683,0.5407671885782379,0.14517460668907284
COSJ095948+022017,7,4.118060544229797,0.7711887021500083,0.7344576761640901,3.195743969228564,0.2539942822751922,0.2016455074472582,1.1186514621234092,0.615914747726193,-2.120989534016753,0.3229935434560247,0.18203515921920424,1.7743470263735168,0.02582135672311053,1.6832202672958374,274.81807616994047,0.020655243672330632,3.0203731060028076,385.2917126498684,0.006902835802503865,4.172700881958008,729.9486406982032,0.008017966026638866,3.65952467918396,812.9932835295331,1.1776041566510094,1.0606175227576662,0.8107432249390591,0.11698663389334311
COSJ095948+022859,4,3.816518098164307,1.458886088532457,0.6007260194894457,3.6344076873828546,0.8770921741649035,0.3827415337306027,2.0460156821032776,0.6811159216224603,-2.0558752069247967,0.09262534701809272,0.05935257648038946,1.5605952177778977,0.035057329451098206,14.184747695922852,2342.1374451408374,0.03006967777770167,19.013153076171875,3539.909087075175,0.01936872922848488,25.305768966674805,6581.201877069427,0.01620037941136895,12.689652442932129,4100.175434442237,0.607975154592212,1.1217320885962587,0.1595258270058336,-0.5137569340040469
COSJ095949+020321,3,4.525480756799085,0.7980491086517614,0.7389935877056552,2.430574471674843,0.4165230700807153,0.15880324935449067,1.0490132446817197,0.4009187218611334,-1.7053025395837818,0.1341577255109265,0.115214578543238,1.1644162327997363,0.0367527239906257,0.7758421897888184,394.50538960384984,0.028545310297852976,0.8600566983222961,456.8441228567808,0.009097217685685149,0.7940102219581604,562.0120644911076,0.010515186582278596,0.7585933804512024,451.7791441854497,0.14718309403630037,0.3842317443047596,-0.012104659609971233,-0.23704865026845934
COSJ095949+023301,10,6.44958134169274,0.6736634731894449,0.7432978980729987,2.8283478414428656,0.5182783242122547,0.20251691444202444,1.1501928768570935,0.5652513784868078,-1.8917978249761407,0.471666218178039,0.17996281546483864,2.6209093081797987,0.02274081081313693,1.3717410564422607,349.7566239235748,0.01821034025148586,1.6542359590530396,435.11224821127325,0.007068725021819573,1.7852519750595093,575.0756599858651,0.008288129616331352,1.5531153678894043,589.0268654519896,0.565922887909865,0.5398975958024116,0.32883448676785654,0.026025292107453482
COSJ095950+020013,8,4.758393835665906,1.1744475623894175,0.7907175219479907,4.567486121418506,1.6857939590706035,0.5298904486853143,2.714794831500084,0.7622468076595453,-2.71828124789515,0.19534748821703202,0.10963782306533247,1.7817527086489642,0.03624531880219642,108.24317169189453,6309.743723233339,0.03260775637011151,137.1974639892578,8443.099227064144,0.02231237787887577,75.9013442993164,9791.225422464311,0.016245226142831238,28.926162719726562,4989.883069213945,-0.2548033790284293,0.47706332280216246,-0.5710288116350467,-0.7318667018305918
COSJ095950+021636,6,3.7942136190188025,1.1694287015808285,0.8134207429000244,4.12837237253242,0.5003870322373242,0.42824851080821175,2.250754064483085,0.6983762321828547,-2.3906763884243785,0.10928960033565921,0.08402190078586398,1.3007275402420593,0.034064028359658265,12.680011749267578,1329.5202484023457,0.02712245984784658,19.256511688232422,1886.8112311141085,0.012359917953071758,19.808252334594727,3493.465975907631,0.013423686251234778,13.616410255432129,2767.237826855213,0.7958788242253274,1.0489039047598152,0.4157950824031064,-0.2530250805344879
COSJ095950+021936,3,1.9682197372255157,0.35848839215671324,0.9003162785326871,3.0300970169183508,0.33383994358034563,0.27733791112817846,1.5155351755743665,0.6618541408854334,-1.9673125472412614,0.4278407635614637,0.29288278216964647,1.4607917897804097,0.0303488975714511,88.7202377319336,1384.608886887172,0.024973957496597386,325.7443542480469,2339.340390704331,0.010404642878170268,94.84971618652344,1853.0927951785125,0.01165239739919155,27.451187133789062,1407.7042420125163,0.017960761485769697,0.31642513197883715,-0.5514550000578354,-0.29846437049306745
COSJ095950+022057,13,4.477158601135158,1.0445262561257462,0.7513770062507227,4.202579228962978,0.12772370174754846,0.45169139754210746,2.3379040495578574,0.7412436955680274,-2.508599754479777,0.10567498032248898,0.09274707109214882,1.139388867789643,0.025171367829623287,14.060766220092773,1352.0503878503914,0.021044583054299435,24.567955017089844,2058.2079016697508,0.01222433322849569,23.709379196166992,3820.8152677849866,0.01168822680491767,16.236339569091797,2964.3023695577867,0.8523240602418335,1.1279079086458401,0.39608315001312905,-0.2755838484040066
COSJ095950+023226,7,7.445736550214624,0.6625021370613169,0.7357982586895006,3.0423126753033087,0.7759729102866336,0.4961180294156667,2.5729827858995584,0.7369855126443368,-1.617058580111993,0.34916460503129965,0.2708311207767879,1.2892336893553389,0.025750687167514486,6.48197603225708,394.89514724675973,0.020552695027436393,11.333345413208008,577.8531690040342,0.007230976583397441,11.327686309814453,934.6090852068737,0.008435963878930934,10.198456764221191,1093.7414189802948,1.1060821547726432,0.9353705039425118,0.6927428985611397,0.17071165083013157
COSJ095950+023727,6,4.216020361719611,0.5849433341293301,0.5650907838579246,2.873586465992777,0.8867671796745185,0.21513535841287024,1.3185380933601694,0.5288108110523025,-1.7320530630690703,0.7152548362324657,0.5747805807500679,1.2443963143276064,0.0320214550161335,1.028901219367981,187.6179979274084,0.02552223328368024,0.9543203115463257,248.85170521581676,0.008034860117579201,0.9835794568061829,393.0400500348005,0.009761870982760832,1.9772987365722656,491.20777958735016,1.0449768477702688,0.8029057728015545,0.7383115384458043,0.24207107496871416
COSJ095951+020423,6,4.391894126151385,1.3077439061604017,0.5936554659256457,3.322708892993593,0.9268587222380126,0.2817015524477845,1.6481906837069358,0.5725767963353366,-1.9391997787959527,0.3643472014489931,0.20222818886097274,1.8016637715104764,0.035535563739819476,4.167904853820801,869.5891535827432,0.02722598934384062,6.067244052886963,1082.4737596450577,0.010900647417202817,6.141232490539551,1618.4181787723792,0.011990626814957458,2.719068765640259,1167.6278133737214,0.3199757934272359,0.6744415845808778,0.0822176353376644,-0.3544657911536419
COSJ095951+021800,4,3.6406135435016274,0.7100379474467906,0.7692961851185559,2.5339557256999123,0.6307741471971745,0.17747545959909894,1.0235788773955035,0.5903021413626044,-1.5910587812053796,0.1331080506834478,0.06845020763879171,1.9445967408287825,0.021123755966866605,1.3672147989273071,395.8476218608648,0.016941312347998956,1.5154513120651245,431.71596598994074,0.006698283093357025,1.190091848373413,404.9956180435838,0.007605503419698554,0.5909246206283569,234.75265576602487,-0.5672938150255494,0.024805710275534066,-0.6614689903675244,-0.5920995253010836
COSJ095951+022522,3,2.220987087610229,0.6721035766658874,0.6222036373279708,3.884147985601788,0.23016939966484734,0.40646355316740174,2.092593012547872,0.74894813477807,-2.298809778935057,0.41501204969148014,0.18410218639180853,2.2542483488395213,0.037268115608896035,11.8956937789917,878.9412425218034,0.029787693566494074,19.868125915527344,1260.4496968028513,0.010345844621248991,26.633359909057617,2506.4022496719845,0.011576222965194888,15.647045135498047,1901.6296603699125,0.837915248203587,1.137727320880335,0.44650106120534555,-0.299812072676748
COSJ095951+022847,7,4.721913138362387,0.5505183915283551,0.8533672384025613,2.7240395323560165,0.5796944074668177,0.20444104023105628,1.393296682296917,0.45668234435704746,-1.795242899524024,0.4127632027619674,0.1952816609771827,2.113681339540613,0.032324891696418195,0.7548803687095642,127.60864029556308,0.02517837947268021,0.7749903798103333,138.88995814815644,0.008823461500918327,1.3351514339447021,149.17226133393706,0.010843626725967719,0.7899166345596313,92.5588085410127,-0.34865581406294116,0.16951998042824107,-0.4406327287508028,-0.5181757944911822
COSJ095951+023722,5,5.010570890893722,0.6246914308376916,0.8644731502423941,3.5368672965948535,0.25970688365234706,0.34537481419778243,1.8130414270992745,0.7268146330929156,-2.2584551315743715,0.6954593666739922,0.38409913266065127,1.8106246735225653,0.02413014711417519,6.182732582092285,805.5186546866116,0.01997237766309024,9.625565528869629,1026.1952889261772,0.009131658888932158,11.091435432434082,1570.267761573079,0.01015336779821421,5.799281597137451,1046.3672514067584,0.28402134092958,0.7247452798988807,0.02113530584775295,-0.4407239389693008
COSJ095951+023830,4,2.605804241336444,0.5655619735480042,0.6728340067212509,3.648907658755814,1.1234770491228663,0.36820235037200677,1.9804797048958118,0.7060220591142742,-2.312919696696387,0.15157334914247958,0.10647195302654933,1.4235988430181608,0.02194167501037263,4.016550540924072,244.54625715695875,0.017578125014242333,3.9035046100616455,247.7336643284898,0.006786315047467411,4.214940071105957,346.6558485233836,0.007872485023579248,4.077480316162109,396.36829893632125,0.5243447315690763,0.37884377868693836,0.510284715808995,0.14550095288213785
COSJ095952+020313,10,4.967042968299968,0.11835728547183735,0.2987988023435861,2.2557130065716517,2.0,0.0,0.0,0.07004450173487628,-0.7003492219065064,1.2678587369871333,0.6475634121589028,1.9578912476852828,0.03220599373280562,6.001181602478027,381.0647799054118,0.02546571105070679,8.854840278625488,556.9702852675778,0.009259216008283198,8.765864372253418,906.0295361301396,0.010881580328604918,4.776630878448486,666.7382662285236,0.6073914265748842,0.9403588623712584,0.19530838871817904,-0.33296743579637417
COSJ095952+020314,8,3.548744904013434,0.9551972694880942,0.5098979084321027,2.8573954010100926,1.6268753280868273,0.42094464347554794,2.2706294914143963,0.6237083595780243,-1.5012353228170434,0.5354361282806206,0.20694863210678363,2.58729000926346,0.031738188316565684,6.001181602478027,403.651505254471,0.025239336680833127,8.854840278625488,587.1366964230633,0.009371409073406506,8.765864372253418,957.5567281551193,0.011014813085072817,4.776630878448486,707.3663732852438,0.6090945854314287,0.9378948394795789,0.2022629640205993,-0.32880025404815016
COSJ095952+021514,8,4.806537299113232,0.7485234105782042,0.9608076148132362,2.2640251170228898,1.0708051078619287,0.15340739001833692,0.9771264853159479,0.4079540663596106,-1.3487385835670154,0.1858805225626044,0.16875713333248016,1.10146764697874,0.03149019779264591,0.9062243700027466,266.77965576915994,0.024674351767025596,0.863746166229248,294.33914752719284,0.008512648174944218,0.8102783560752869,382.0438355099177,0.01008817714616848,0.44724151492118835,273.1171536435186,0.025490674628246505,0.38990122163629226,-0.08124762509636571,-0.36441054700804587
COSJ095952+022216,6,6.24667738259999,0.823635080407042,0.8417324780192061,2.6737633900615805,0.4173848295071836,0.18175309713942234,1.4009892680469451,0.4762387066986535,-1.8390542239872971,0.2434009512497269,0.2131030084629221,1.1421751058576743,0.03621000155518509,1.0938864946365356,189.81664186076068,0.028129267190373855,1.5060368776321411,249.29460660037694,0.00895821311356966,0.7016347050666809,301.70013611223476,0.010870326651668833,0.5390597581863403,272.9168014688239,0.3942399674488312,0.5031030507373906,0.09829347498051674,-0.10886308328855927
COSJ095953+015437,7,3.732904093103988,0.7447209292586071,0.8910228125467327,3.740282091423419,0.31709348439851137,0.35904741716331834,1.8981761629337588,0.7193121597824575,-2.3117358368975984,0.255073046095329,0.15774454740474553,1.6170007159794575,0.04182700346923444,4.701213359832764,400.93039631221745,0.03297306191046893,8.636000633239746,685.0331684214439,0.009920683644324866,10.82807731628418,1342.9331495680672,0.01155700077934943,11.633759498596191,1705.4980757494923,1.5719556261374397,1.3124635274737928,0.9903490844143272,0.25949209866364686
COSJ095953+022000,7,5.2583304619123306,0.7241372493848319,0.48330271032681615,2.644323260058617,1.5516898157743808,0.28178675812572884,1.5979140633765723,0.6023888795334756,-1.4004224344611735,0.48559194651708465,0.3020221517251358,1.6078024202642327,0.025795140149626954,0.7331965565681458,146.401405824412,0.02098823568502801,1.2728996276855469,216.45087710178132,0.007220485399460565,2.0253171920776367,329.07426037443656,0.00807509413107907,1.3539880514144897,270.6872007876336,0.6673061848594475,0.8793716669546343,0.2427709275339962,-0.212065482095187
COSJ095953+022016,11,5.244570722721177,1.1869210544639173,0.7770114832058241,4.069585216040084,0.5596898646119192,0.44443882953915637,2.3113332334358834,0.7236173644643716,-2.3982769579751047,0.7212207237173484,0.20928536430810352,3.4461116098667524,0.028878050325154864,14.407712936401367,1618.198947191581,0.023973893638427713,22.037275314331055,2419.112037230033,0.01287410439086485,28.92361831665039,4618.081095408881,0.012234233577343306,16.469213485717773,3658.1568760899827,0.8855760287628216,1.138574101889793,0.4490158582975686,-0.25299807312697153
COSJ095953+022126,12,5.64668211736248,0.5179260256910904,0.8829895287136067,3.613619599669075,0.2885414343600327,0.3484622326637004,1.8361039520386648,0.7015841119699983,-2.198994366491358,0.32275761626894606,0.22618627280097336,1.4269549264510322,0.03526693202650384,4.527395248413086,318.42310502051623,0.02827953011165951,7.856780052185059,514.1595377429403,0.010848838323518623,9.259808540344238,935.1194983483001,0.012210497892373301,8.251315116882324,1155.8546561305411,1.3997466346658989,1.1696563492523158,0.8795133259046638,0.2300902854135831
COSJ095953+022159,8,6.013228668334303,1.0334634198886916,0.8308485334295405,2.7754958575704283,1.9451323181127917,0.3168188594761865,1.7038033134611783,0.6139702963283232,-1.669679067666704,0.12436045346499504,0.06178461745072311,2.0128060769200338,0.030504590389672216,3.4116928577423096,1186.2653429999446,0.023966577371581744,4.4486002922058105,1494.845936539743,0.008112707103779485,3.2118489742279053,1395.542430026806,0.009729607566601853,1.6549311876296997,1050.9907875452282,-0.13145733335172394,0.17640300680336013,-0.38249381497835694,-0.30786034015508384
COSJ095953+022200,8,4.760934850140789,1.0246751083417898,0.8304989919027836,2.78316364874563,1.9999999999999996,0.317277669395884,1.7098296188864472,0.6092886297991832,-1.6642712223994391,0.49852687777944743,0.3406535822031784,1.4634423467829778,0.03182336473121956,3.4116928577423096,1176.155113778139,0.025053060772203647,4.4486002922058105,1486.1899939088762,0.00852848192922672,3.2118489742279053,1389.9739465790917,0.01028274614285912,1.6549311876296997,1048.109711757288,-0.1251446400281778,0.18135514704452732,-0.37916896958803636,-0.306499787072705
COSJ095953+023319,6,5.149998430029683,1.8301827456461592,0.8850441808178809,3.7362088449301583,1.3510318389675233,0.33299548616309776,1.8223307568357148,0.5787730084696904,-2.0240948575567876,0.10800571620984548,0.07115847063876704,1.5178195264781886,0.04062916186128375,13.201224327087402,2969.6425145271983,0.03634112438044496,18.768461227416992,4562.887275473273,0.033256927583886715,24.885414123535156,8217.526391912252,0.022908856350586346,10.466425895690918,5087.3223006129265,0.584462701377558,1.1050923386378126,0.11812378211498815,-0.5206296372602549
COSJ095954+020539,2,1.2898740620917457,1.0003503501588349,0.8159287607356965,2.65709642012836,0.36294819021525165,0.2101532591290233,1.1861603070028135,0.5244119240406484,-1.8227633412719702,0.0982621001604949,0.0673693590394974,1.4585577414041548,0.030052164013435568,1.4894983768463135,604.9615963173308,0.02414262359279635,2.2184462547302246,750.4707550808162,0.00964111415013892,3.2618818283081055,1205.4326654864126,0.010946311332036447,2.1915481090545654,920.7078002856288,0.4559850413414309,0.7485378751220452,0.22197012386018888,-0.29255283378061436
COSJ095954+021900,6,5.67489279419412,0.6835214184967924,0.882858528346198,1.7649224688046714,1.985534040489194,0.20492763089759664,1.247860259524807,0.45577616457393777,-1.0672643623341214,0.4263620962512251,0.2081060098924434,2.048773586460017,0.03083372901105108,4.226056098937988,243.67928550142187,0.024297918144638418,4.001689434051514,285.1560508650582,0.009393200463476775,0.8254653215408325,388.2676814030856,0.010718499870332009,0.9102748036384583,334.01402530266205,0.34236522675573344,0.5057815742269689,0.1717052794117123,-0.16341634747123526
COSJ095954+022203,4,3.0354879705703466,0.6853137268744798,0.6630242867397064,2.6532172426254337,0.51037585755624,0.1957277799657011,1.1650893601153298,0.5330505683152839,-1.6543480012552636,0.13266746062731158,0.05419414185847805,2.4480037154893575,0.035845486334372685,12.808377265930176,313.49317751134186,0.027637947190176364,1.713207483291626,365.8571742079512,0.008482898118881503,1.5607119798660278,401.283087905962,0.010590256298589427,0.7256344556808472,261.3064168668934,-0.1976950475912393,0.2680569073805817,-0.3654037522485407,-0.46575195497182087
COSJ095955+015520,11,4.523356882430784,0.6980812565316057,0.7035754978540318,2.4902155796182206,0.4073682233972364,0.20985646376288267,1.25788550365852,0.5171510257764654,-1.5353298733612089,0.704172746528753,0.3467317217006689,2.030886424451987,0.025673310120091504,1.2349194288253784,280.4366929440489,0.019818482063929485,1.348185420036316,343.1323595908925,0.006579058263490143,1.0915385484695435,415.98970082361484,0.007703568605564252,0.8759910464286804,428.84568535852304,0.46116551982705234,0.42811935336612256,0.24209842054992037,0.033046166460929685
COSJ095955+015522,8,4.003691489004503,0.522618387071367,0.48949487529091323,2.9311728097155276,0.37685159738852425,0.209297322284419,1.2200085684749835,0.5674786754695802,-1.9114564521766282,0.8168750848638731,0.5734825972132883,1.4244112878634794,0.025512080522919416,1.2349194288253784,298.64390664150915,0.019832761279414995,1.348185420036316,363.0243977525188,0.006710565464324543,1.0915385484695435,435.4566507964628,0.007785466570102651,0.8759910464286804,442.26524939712544,0.4263228958116506,0.4094781747645046,0.21436750697713403,0.01684472104714598
COSJ095955+021900,18,5.418348081580288,1.6109546850325227,0.6742123678171346,3.7837470990883393,1.9187127436692106,0.4019914031660111,2.1964362769306964,0.6188512470709575,-2.2024800093047405,0.9978003498228918,0.4710912363922165,2.1180617951299627,0.035916183069764136,9.743407249450684,2068.5089814207868,0.03285781025133492,17.792957305908203,3226.409087265769,0.031135001186429014,25.401161193847656,6313.845327274874,0.026294391914026254,15.050443649291992,4849.40095616132,0.9250767070594508,1.211591319182176,0.44242165388369015,-0.2865146121227254
COSJ095955+022901,3,1.6830572987133388,0.9121242099141773,0.5636081569607309,3.052928360280909,0.4678432230670286,0.24596806162558532,1.385871267475876,0.6324236866474213,-1.9834074319919615,0.12274045642550278,0.09241789511204591,1.3281027043160234,0.02865313745451571,1.6726635694503784,389.4604065417434,0.022353678437648995,1.9281224012374878,508.51199337805156,0.006374296779974985,2.141796827316284,742.364158567043,0.00763797427176444,1.200176477432251,468.1955669647177,0.19990996118656063,0.700384207671769,-0.08968475746967405,-0.5004742464852084
COSJ095956+020100,3,4.998444847553968,0.6095330552649798,0.6186328417491792,3.186910655479548,1.9999999999999996,0.32481137592018766,1.7297882731275167,0.6816953619345447,-2.0415067134313256,0.37327061667129235,0.31374888571994797,1.1897113700173374,0.025847655423579297,0.6077215075492859,173.20808603910882,0.020042639992215408,1.5106014013290405,283.28316249714044,0.00718182018637554,3.2246296405792236,526.8101526823593,0.008494658897677303,5.189894199371338,775.9004955303171,1.6280946662274574,1.2077149333776935,1.0939631677677417,0.4203797328497636
COSJ095956+021920,8,5.727356453986538,0.6851133693929132,0.9647805649501497,3.8368372452820236,0.16258343121916388,0.35643080196760735,1.8509854652980318,0.7284219814595903,-2.3248401254231283,0.5047255332642998,0.2639942994967497,1.9118804240336031,0.024035079093670645,9.491070747375488,682.3085113677876,0.019796325115124948,14.79754638671875,1023.7195146039667,0.010081994843427177,16.87991714477539,1900.567242585239,0.011357668637257453,10.659592628479004,1531.509583565101,0.8778473248163082,1.112256127011445,0.43734684176568756,-0.2344088021951368
COSJ095956+022028,8,5.044048576761429,0.7389239091192683,0.7653639147575557,2.960075613682121,0.5533175291265084,0.3902409134165132,2.0530939935879733,0.7062635139538296,-1.7751627804056225,0.299313206037359,0.21853411231834635,1.3696406609570357,0.028531747636216295,1.241461992263794,384.117438199587,0.023096545196052254,1.789071798324585,545.9475626526564,0.008010751023427323,5.475319862365723,1173.744061047677,0.008617302198958702,5.101750373840332,1078.8285647525045,1.1212210330965509,1.2127734601661442,0.73950376385378,-0.09155242706959307
COSJ095956+022539,4,4.07207490329138,0.7219586881831039,0.8489718967346448,2.5980404159348023,0.22245687456691668,0.17058655991236393,0.9943251537161722,0.5895015187019126,-1.8686431091164586,0.7320259328084082,0.3174747863607514,2.3057765978826303,0.023686263761774053,1.2943669557571411,239.853506740782,0.019202727790643616,1.831132411956787,348.37591678155513,0.007464232715286349,1.7799263000488281,669.8398448590015,0.008629738395327833,1.7878552675247192,633.6952240644368,1.0548359040785886,1.1150622630765892,0.6495807735197348,-0.060226358998000384
COSJ095956+022902,7,4.654623765392949,0.501272552833963,0.7326834215470311,2.584024882804783,0.6569369811727337,0.25474716462631003,1.4952806888382975,0.5479451058875862,-1.4927060732845256,0.919304722322199,0.43640118996578386,2.106558697500979,0.02965972627757387,2.450423002243042,278.41564999840375,0.02306773110090463,1.6574876308441162,260.6622478394129,0.006074683048943695,1.046210765838623,239.6414854110444,0.007513234996543746,0.6125465631484985,147.07421359615546,-0.6928927720397193,-0.16282910206487478,-0.6213540030223264,-0.5300636699748447
COSJ095956+023353,1,0.0,0.6132029425282861,0.9475241675134872,3.5058235477280015,0.2793230070428066,0.260128708953726,1.467183062381229,0.6081712560253523,-2.188970230847269,,,,0.026308278527041408,2.6693804264068604,240.21150272658997,0.020926026550983662,3.490030527114868,312.7794592170103,0.008534928015452596,3.2130470275878906,447.27693298459053,0.009013763816916012,1.334183692932129,270.05006066861097,0.12712619767246858,0.6749567528792046,-0.15948486312325588,-0.547830555206736
COSJ095957+023529,2,1.9063415438832931,0.7016457849795887,0.5720487765328947,2.784408600738717,0.9526278908450452,0.24585491897124997,1.393027818842912,0.6417153399441847,-1.6747441026074785,0.12989707876933054,0.04512422990544209,2.87865475026455,0.023469131538598698,2.857332706451416,1579.4624303374617,0.01858311937674941,4.404795169830322,2205.479398428355,0.007105746930178618,4.386902332305908,2746.3216419872915,0.00818487431444583,2.319340944290161,2023.08892610387,0.2687641819735236,0.600605248077704,-0.09372008120773781,-0.3318410661041806
COSJ095959+020105,4,4.33326200689163,0.07023889727787733,0.6776667026396092,1.9099106592068706,2.0,0.0,0.0,0.0464304788995538,-0.509082968226119,1.7986749313146897,0.8321613281938013,2.1614497938983748,0.02150497920810129,0.6683277487754822,286.0216902434113,0.017402391852740985,1.2199170589447021,369.5447506377527,0.006447633256363551,1.8825958967208862,599.9979672637419,0.007829710362383769,2.126521110534668,742.2408732982585,1.0353647434349174,0.8043770256468953,0.7571945715573347,0.23098771778802224
COSJ095959+020634,7,3.611955953245637,1.0562245963206045,0.42457241088448916,1.4769418038429785,1.982709619609628,0.3636724795525465,1.9597142346584626,0.6431281217781115,-1.0171459158794522,0.1497585963667552,0.10279527478917475,1.4568626493182555,0.03010983106866928,2.5959010124206543,458.5398799513696,0.0247527064567839,3.7689931392669678,674.9933232376407,0.009457533809958013,6.0121331214904785,1333.482776241377,0.010991119261830577,4.65739107131958,1546.5594986216165,1.3199737993159002,1.159025744036558,0.9001678891977192,0.1609480552793424
COSJ095959+022254,5,5.387910396009627,0.552984129060655,0.8679158135784463,2.7261400763584644,0.4958134761200767,0.21349615220013177,1.2457760850185997,0.5259846116127228,-1.7209093924892556,0.23577320300167362,0.14629719176695327,1.6116044344668814,0.021617954959205318,0.6612579822540283,126.56924162391078,0.017051180962684723,1.0666921138763428,160.4105416658258,0.006136520846980673,1.0860919952392578,204.78340788041533,0.007381847669378927,1.0809669494628906,234.93592785963847,0.6715531473854655,0.5224164701929601,0.4142913288446865,0.14913667719250526
COSJ095959+023441,11,5.794664530631465,0.5775448672463894,0.8751343517311291,2.435014480774284,0.40324587150138413,0.15528611793174055,0.9121533667088164,0.5234641529643442,-1.7238366405770993,1.2149607307969184,0.6099870035183018,1.9917813392567882,0.02724126023169125,1.377165675163269,145.27185582738275,0.02122403201515593,2.806645154953003,205.77473445967547,0.006804475583979874,4.8011932373046875,618.8810797263868,0.008159341825844971,6.551205635070801,1105.20615802455,2.2031545286290126,1.5735643028504287,1.8251281153464707,0.6295902257785837
COSJ095959+023537,8,4.860343155599061,0.7734307995947117,0.8320836674283232,2.423571856536436,0.32042319679769177,0.14409662332386358,0.8472091091693111,0.5382076407187135,-1.8046859329108182,0.352156124705787,0.1998037922389354,1.7625097139530816,0.02155219792784965,0.3319382071495056,174.46657502570815,0.017285099662436982,0.44941043853759766,237.41334708031354,0.006088660324086581,1.0219014883041382,409.4292905857146,0.007362742978725223,1.3743188381195068,521.8723963065931,1.1896302265321077,0.9261666835378213,0.8551479882063366,0.2634635429942864
COSJ095959+023649,6,4.2992096155778405,0.8987203926187012,0.8255295221294957,2.707814228779478,0.42598438760393126,0.1951930942717221,1.270491439027543,0.4159536922022901,-1.7888933740149804,0.42113752979782165,0.20228794143790338,2.081871646941935,0.03171405108082772,0.7097795605659485,308.4003850946683,0.025065063167153134,1.139466643333435,345.33454859349695,0.009255892934888274,0.8274093866348267,404.2018516632488,0.010802730489124602,0.41532066464424133,247.6937403519405,-0.23799970080507823,0.2937084675665673,-0.36081249413934324,-0.5317081683716455
COSJ100000+021201,8,4.87138380471011,0.5197536527659333,0.9916347736511426,3.5631291143089916,0.3625775312702567,0.4069121396586953,2.1050541977699266,0.7601645637550127,-2.264359205139155,1.3875283956485966,0.22500036517700298,6.166782860805838,0.030692378002870356,1363.46875,9475.328904816106,0.024425158320826083,158.1951141357422,5714.7701837097375,0.011166442565478836,191.86541748046875,7225.543657653849,0.011573516553154929,68.63249206542969,3823.6538958564543,-0.9852892986987063,-0.2943094114072383,-0.43630048912135894,-0.690979887291468
COSJ100000+022042,5,2.3128021829471965,1.116910725227349,0.8415451296643048,2.373634619737067,0.6116105307779642,0.18521673908721,1.3421441193949124,0.37215878093239446,-1.4391557165128908,0.1869315799623193,0.10582414391409757,1.7664360234660668,0.036109740903752935,0.7037652134895325,384.52212724030505,0.029179941633085776,0.696929931640625,434.09597874513565,0.00958134005607324,0.458709180355072,318.0032388262043,0.011207628220930915,0.23107917606830597,182.8053924014348,-0.8073308345290013,-0.206224482474759,-0.9389919008482692,-0.6011063520542425
COSJ100000+022327,6,5.064008460095484,0.955843860469292,0.9575867763563891,3.7884006163962742,0.18816197941435503,0.3178577192944409,1.6688776610107494,0.6650060642309525,-2.326772298126488,0.35686898649081206,0.11668536755385489,3.0583867880957993,0.02635164296583261,6.233792304992676,662.4919393682003,0.02098739798621331,10.269309997558594,1030.9047781709123,0.008682967826543472,12.679040908813477,1946.0880824303458,0.010471474503387012,11.829690933227539,2220.7299990393512,1.3132879020362722,1.1699547364506095,0.8331930169514905,0.14333316558566278
COSJ100001+020942,3,2.6118715938605668,0.07745145268391666,0.3365533607925393,3.029776474568782,2.0,0.0,0.0,0.0737723484672175,-1.0823389064412685,2.907080139432636,1.027030808054573,2.830567609689625,0.02630566166541074,4.336397171020508,975.2428183259744,0.02167471581982403,7.000861644744873,1627.6445822272763,0.011291447810227437,15.643343925476074,3529.8566770383622,0.012446361875264874,7.90246057510376,3466.600794528713,1.3769776784070404,1.39661077801536,0.8208606381800753,-0.019633099608319854
COSJ100001+021455,5,3.9499043474429274,0.9413250066487658,0.8271094708996868,2.7255544494493282,0.4126930084768426,0.1802034162450096,1.171520488479349,0.41705451781611336,-1.8118581612660245,0.1836724555463666,0.15186568827814084,1.209440115333833,0.02394506153526934,0.49118462204933167,267.765616559489,0.019662803396043763,0.7425577640533447,298.5205401881394,0.008570603680628425,0.983252763748169,409.3800988824514,0.009202007744172546,0.5947224497795105,339.8951129131019,0.2589752779728593,0.4609297937672998,0.14092675354756598,-0.20195451579444046
COSJ100002+015753,8,5.92367478147509,0.5646403626629057,0.629317243606709,2.7208589290159346,0.33432249364046823,0.212445334104102,1.127582089894077,0.672736338549544,-1.871894620266588,0.2959459147264392,0.1930310338985965,1.5331519950408918,0.02204336725333544,0.6070812940597534,196.34984085338147,0.017887093271395926,1.3169447183609009,328.86681493802377,0.0076951074407603254,3.8948371410369873,782.9979919284233,0.008791383865924257,4.352954387664795,980.083475870415,1.7455812837166504,1.501825236677187,1.185607537189639,0.24375604703946338
COSJ100002+015914,3,2.9281255367128387,0.8515684562815595,0.7726690264333673,2.493095609423221,0.8670315456110291,0.2135496449847789,1.2888807519240375,0.41225759890116404,-1.5906600237930317,0.31846627863765686,0.2913585589096323,1.0930390369497684,0.030338463175231433,9.312931060791016,385.56265058052304,0.024422473865757254,10.201292037963867,505.11915326010785,0.0094768748789246,8.205025672912598,729.1897036585615,0.011011828251165099,6.315394878387451,774.1923086556781,0.7568847380793522,0.6918639261963938,0.46363753974743815,0.06502081188295829
COSJ100002+020851,5,5.946791123962365,0.6877329346517438,0.66032921061505,3.0588789874386233,0.344957103927763,0.21698326314862434,1.2758407335214403,0.5339407161911405,-2.063532539816269,0.5962658629417976,0.42868277043358477,1.390925654275103,0.03376092095456955,1.7243196964263916,348.0852348194785,0.02800499083507301,2.283808469772339,439.74992689310056,0.010049918135186051,2.3446052074432373,624.5905310641974,0.0112762762795045,1.545181155204773,498.43054598066374,0.38979762066555673,0.6347744857361461,0.13599718495568738,-0.24497686507058938
COSJ100002+020932,8,4.29090417574952,1.3451910133344298,0.6325263747032435,4.08941095753978,0.8631841927639989,0.516175286551284,2.704221106684804,0.7156833189070522,-2.2195461716432043,0.1575304550302739,0.0717189505748201,2.1964969337627407,0.026679764645557193,44.98781967163086,2451.8575893088396,0.02237040154784841,63.01092529296875,3362.610235613927,0.011261238193678176,33.236541748046875,3877.2043030341156,0.010544738873227785,12.780406951904297,2182.4966612318385,-0.1263541338826653,0.4975586112691777,-0.46930735653558714,-0.6239127451518429
COSJ100002+021136,5,4.2800588818775145,0.7224648877517285,0.49460492629082237,2.6156248720980306,0.5464945387095498,0.22551429257044567,1.3383632863803578,0.537259545628516,-1.3749345185121833,0.21741835265949205,0.14193409046626787,1.531826159207071,0.02996003001984522,0.858049750328064,150.72798212048156,0.024299226826211145,1.1215471029281616,280.5470613274192,0.009388935694899535,2.361405849456787,523.376589995687,0.010966676990339581,4.2193427085876465,902.1768024212215,1.9427444272288033,1.3515510205617232,1.2682148300449088,0.59119340666708
COSJ100002+022710,4,1.9104634910765532,0.5547502126249405,0.6324121874316012,3.5104212580390066,0.4750756076326631,0.3613467012919859,1.8801455740385065,0.748673254807698,-2.269364595075226,0.2578535597967332,0.18113886518081393,1.4235131678634632,0.03120865035576353,12.17775821685791,740.7820665373911,0.024647678179847237,16.630220413208008,1138.105941717129,0.008764800478063465,13.625338554382324,2206.4989468073472,0.009665051263303578,5.5074968338012695,1432.8468274696206,0.7162732659774422,1.1850331611149059,0.2500426894034405,-0.4687598951374638
COSJ100004+015307,7,6.190899834974188,1.6323450590027715,0.6454142989977909,4.001569577268842,1.1733180677391368,0.43072308524321423,2.247250844635744,0.6907600796469316,-1.9479510971965754,0.1380409903123304,0.10338788680747525,1.3351756629805653,0.03852594577448132,46.87544631958008,7491.655719530536,0.04185943521275582,67.37842559814453,10691.998276141123,0.03765254459196655,46.319862365722656,12493.724842846394,0.02356977758781093,18.83273696899414,6930.63766807504,-0.08451154109321185,0.5552853147477972,-0.47071421356267007,-0.6397968558410092
COSJ100004+022641,7,3.5639849575002276,1.265462184307315,0.6418003514275061,2.6313719268112354,0.3233254997719311,0.17276874359371133,1.1550116486709903,0.40030733781598293,-1.8649444669249566,0.21797281625286843,0.12907605944056222,1.6887160732795843,0.03523018616235184,1.541482925415039,1192.170015215872,0.028560062302083418,2.1619226932525635,1565.2762914491614,0.011727080647782221,2.537421226501465,1928.9666840153513,0.01258271207946025,1.1169394254684448,1030.4656555092392,-0.1582616819729799,0.5224663308150087,-0.453893713779753,-0.6807280127879888
COSJ100004+023543,15,4.524955885320076,1.0601432410372613,0.7946314116901017,3.9548369962702705,1.2298525037935444,0.5359436243294321,2.756530032587076,0.7506874824427424,-2.1592978163852408,0.30119273269812086,0.1837361684051572,1.6392675177266125,0.03680563629731559,38.96086883544922,3261.3217541996246,0.029827509344931422,58.76974868774414,4418.685471261066,0.012593721136993424,36.39451217651367,4596.487828266108,0.012309152002012587,14.210502624511719,2619.836449733848,-0.23779866799344326,0.3725811676160054,-0.5675472718637241,-0.6103798356094488
COSJ100005+021159,5,4.629336381299083,1.2950869284129785,0.6451378345866547,1.7699892709953517,1.7656585981844748,0.19845476277109086,1.187953493732835,0.41297347358724223,-0.9401756220227051,0.7786729371649984,0.20738758140007,3.7546748552068103,0.029745641101816073,8.848468780517578,604.7985516133915,0.024131160574469387,7.995105743408203,781.2423671893011,0.009173134526749952,1.5857090950012207,1191.3321248075517,0.011078884780382804,1.5097784996032715,1293.8004261389797,0.8256413685321795,0.736055276131665,0.5477037564318175,0.08958609240051443
COSJ100005+021223,7,5.837084738356489,0.9487684136902406,0.9112939184494849,3.3375143263821365,0.34513690912881967,0.29794963813680697,1.5565407866990963,0.7165193931347554,-2.1652204180946404,0.267501176594111,0.12291395175758853,2.176328828168165,0.02072136172964857,7.184496879577637,1068.7300354225576,0.017100913854415076,10.96425724029541,1520.2345408484161,0.0092663019766501,14.434281349182129,2890.807690480724,0.009899986823482565,10.486088752746582,2418.7590209739137,0.8868114679972384,1.0803779662610276,0.5042050157659462,-0.19356649826378888
COSJ100005+023753,8,5.242508682871309,1.537825708669821,0.7167151457478134,3.740945397024777,1.0263580855128351,0.431695524081832,2.274334454896172,0.7113560340003531,-2.119440762969442,0.17264973699086614,0.11291945496001389,1.5289636055363838,0.026052110540277493,25.72803497314453,3975.977875807632,0.023195380534132833,38.52688217163086,5386.710506850373,0.015541441101412368,27.203516006469727,6013.948801002931,0.012468100652361709,10.765731811523438,3454.693818440952,-0.15258599054874927,0.4492894183837399,-0.4822851834466399,-0.6018754089324893
COSJ100007+015240,2,2.7871460096798106,0.9520291487689853,0.2214366393259306,2.7024716284191137,1.5177650021742486,0.2518738911165272,1.6772205282672286,0.3953838282339683,-0.7597679743070702,0.11730256050259283,0.07492685201859789,1.5655610417674655,0.0319505193291322,0.861839234828949,271.92402229187473,0.025774149605518933,0.7918843626976013,313.98295723083356,0.009424374651460694,1.691481351852417,426.0788303406589,0.010816041001743288,1.9365373849868774,467.46387253899593,0.5882511920328374,0.4876059529762393,0.43210494246423237,0.10064523905659808
COSJ100008+020758,7,4.773775006265479,0.7741854489970683,0.9360567558856061,2.6123182836070202,0.3998957788222383,0.1768695208516531,1.2305443887355796,0.3564965192703217,-1.8349457601148857,0.34907819524568556,0.2463082532872053,1.417241162595743,0.03173414035224631,0.5494462847709656,186.45767639142377,0.024765264869075997,0.616891086101532,209.31956679606265,0.008496489656382777,0.5569853782653809,229.6926186348428,0.010167081200671854,0.32200896739959717,161.38004296114377,-0.1568261026476442,0.2264169279946927,-0.2824000012903694,-0.383243030642337
COSJ100008+022122,8,4.6066351430353185,1.0232453341006846,0.7183323186340831,4.3360778930886665,0.719661414640255,0.4910951649253255,2.537132134521658,0.7451094376509099,-2.5892458208187956,0.5297086746953166,0.12306876136197505,4.304168408238993,0.02855016165837816,22.437847137451172,1637.9373942530713,0.022464791345729335,33.93696975708008,2372.3347277904204,0.011692873318442324,35.43153381347656,4146.66410724516,0.011552331096824856,14.913692474365234,2429.035026702273,0.4278411984385871,1.0085038989344939,0.025644527485958194,-0.5806627004959066
COSJ100010+021022,11,5.47490751143449,0.10452852166101448,0.529293822285414,2.5494171814230904,2.0,0.0,0.0,0.07502410967404309,-1.1497410209200036,3.326906760203619,0.9223980256243501,3.6068016927418203,0.029548100153713983,16.788434982299805,863.7320303559654,0.024187079379930188,14.174545288085938,1138.5944738969897,0.01037172102090498,94.42806243896484,2291.4983312877157,0.01213359183823501,8.95602035522461,2093.1041328778374,0.9610295252308992,1.0593513004716777,0.6610544089147719,-0.09832177524077826
COSJ100010+022601,2,2.4895800199088494,1.1569631583574416,0.4319230388478601,3.020233905821095,0.3212202805894313,0.27889159821723924,1.4813691760051644,0.6812632025957084,-1.820332913847892,0.15206298892049014,0.08191502830948594,1.85635031884474,0.03783265060096246,7.916669845581055,2684.2138429794763,0.030185129270607576,13.120356559753418,4080.3577983564137,0.012857653191738691,11.721830368041992,5629.02300049481,0.013475765644071432,5.763795852661133,4166.316765253301,0.4773379363215329,0.8040397786177865,0.02263509782063977,-0.32670184229625365
COSJ100010+023549,8,5.693758787608202,0.6602480378161951,0.7944393925080666,2.0154058912669357,0.722210546905615,0.1849363961129772,1.1759203323278957,0.42989635621991934,-1.2312569921647467,0.8306060452899231,0.43374477503648184,1.914964958874863,0.03280703938229984,4.924996852874756,578.3274478168557,0.027119114504554735,6.127473831176758,861.7796518550731,0.010734157357097915,6.354773998260498,1649.6034081445541,0.011983572237572923,3.3538548946380615,1308.9180267355987,0.8868466106248457,1.1380143512580814,0.45379053386328794,-0.25116774063323566
COSJ100010+023634,4,2.792918502314438,0.567487908858379,0.8537326139138365,2.7305791337096124,0.4092999349583928,0.157866885709088,1.0154126665588872,0.4336898234568933,-1.8427299374194417,0.3420395049923096,0.17906505799130576,1.9101409779730272,0.024099315061064094,1.2198662757873535,388.63897357423366,0.019579805114144967,1.8894411325454712,457.37219563294275,0.007894220577640769,3.8908724784851074,763.5556924393313,0.008924881680775152,2.572618246078491,581.6535254129267,0.43779503561803246,0.733235921958595,0.26098651267006956,-0.29544088634056254
COSJ100011+021301,1,0.0,1.789527665059039,0.6950468269700406,4.112578431622326,0.8539347625855849,0.39137244025324786,2.0531540969090982,0.6755240800309514,-2.361868816241579,,,,0.07532505885108684,77.62781524658203,19371.320693206042,0.08579333608067269,99.70903778076172,25548.58351002261,0.07663596835427845,60.58080291748047,23898.436506789178,0.04373798499302008,27.599227905273438,13278.440008506179,-0.41003043789836685,0.22802564583819412,-0.7105494268963328,-0.6380560837365611
COSJ100011+023501,2,3.7976003912889147,0.5485750011499302,0.4932287000804212,2.6219181816428545,0.7139566642291713,0.1868939753225601,1.3113246722815908,0.4206118808739653,-1.509086276371233,0.11000287241309344,0.05271418754679232,2.0867792435470656,0.03171210622939218,1.027551531791687,85.88020201848576,0.026053780089586764,0.8404570817947388,128.974925358154,0.010303910939190402,1.2157280445098877,222.8260247946746,0.013111525180138937,1.2924911975860596,264.49928472256215,1.2213286113860686,1.0351821379651225,0.7797980417944561,0.1861464734209461
COSJ100011+023531,6,3.437446706230436,1.9433252250576787,0.45715814555409884,2.901942898478411,1.7614190748814933,0.5143379460976354,2.811936713126922,0.6550884852172846,-1.1597753813919625,0.1736500200486107,0.13579961643798816,1.2787224633134853,0.036529614888816155,8.494089126586914,1868.1013189791356,0.03036822545529971,12.387276649475098,2413.065880562361,0.013869033499113654,15.865555763244629,3912.0349312650505,0.015552409943081392,7.277784824371338,2404.9796514384943,0.2742774476959386,0.8025057423758932,-0.0036444321269779737,-0.5282282946799548
COSJ100011+023713,2,1.413903642762732,1.7335676674641074,0.4026333408551268,2.7337546668097983,1.5002787796264927,0.41515644198057944,2.2243394124665645,0.6775467837853288,-1.4796023884853728,0.12531861421044668,0.05037435270432946,2.487746392415204,0.026994646248243714,15.152435302734375,2697.98779417055,0.02395427513967321,22.595903396606445,4015.370180907252,0.021725905659985913,25.661317825317383,7867.680965183768,0.018146180947768157,15.763387680053711,6681.5465873174835,0.9845925507930999,1.1620169009321906,0.5528785284855366,-0.17742435013909047
COSJ100012+022015,9,4.58887796428348,1.243750290973276,0.8677561096164568,4.171682863736635,0.3637664905124575,0.4199737347935413,2.1814141722174463,0.7218185587124102,-2.5334495529461214,0.18824611114245002,0.1201151922510766,1.5672131694129037,0.040280571782218756,57.753700256347656,6721.973243010121,0.038490881003761204,84.91439056396484,9295.19009465765,0.0321507620502523,45.453086853027344,10724.769177912734,0.020409515604580833,21.892650604248047,5487.179087098688,-0.22036911189734343,0.507227936272849,-0.5722728530954294,-0.7275970481701926
COSJ100012+023351,3,3.8025312906793522,0.8948530042064204,0.44706237518956415,2.3263498890472376,0.5257502426692862,0.17714931773810405,1.3131755365758104,0.32495956645986374,-1.039993765969631,0.15444149512476496,0.118507466927755,1.3032216376620065,0.025367512007629288,0.33904188871383667,314.53029437049827,0.020894469784569627,0.4722934663295746,463.9829797557768,0.009192777865929452,0.871891438961029,947.7135644074078,0.010690540614894719,0.5001552700996399,700.2982207902642,0.8690513539004906,1.197536538065258,0.446952433244251,-0.32848518416476763
COSJ100012+023421,4,4.540113099206133,1.1974501732073608,0.6906867546539839,3.5315870114108394,0.1514556775016032,0.3292978312039153,1.7143753279559328,0.7246094464448689,-2.2779076687771345,0.1174019413020647,0.043786020216850616,2.68126540664419,0.026100039243523457,16.438844680786133,2612.4480263184505,0.021815228766461577,24.18943977355957,3780.09668519492,0.011613223185211623,26.215669631958008,6356.704924645484,0.011402556480549475,10.071170806884766,3378.9809588671037,0.2793452134513629,0.9654609826697482,-0.12179290915434929,-0.6861157692183856
COSJ100013+020223,5,3.63942562876666,0.48139770185333275,0.9162237835375137,2.539987618789414,0.378738167470511,0.1388789250519336,0.8097380435416396,0.5584905515048968,-1.706602956553456,0.4156659965493411,0.31956300724460796,1.3007325226200903,0.02787297022385565,31.947595596313477,401.8697954562531,0.022299006837990562,25.757097244262695,481.1719911690561,0.009662056517726798,3.7823450565338135,608.3397969680955,0.010711183547092726,3.533249855041504,610.7563422827516,0.45445654920611045,0.4501521566474618,0.25891911555815333,0.004304392558648621
COSJ100013+022023,1,0.0,1.6140477961269786,0.3672797485742041,3.196387755536419,0.3194009096855221,0.26231009980355774,1.402385986381281,0.6346056003455716,-1.8398203880755097,,,,0.040994784626255706,1417.9542236328125,13899.110652721669,0.038007387590494525,1265.684326171875,17779.390190293896,0.025174574447426636,195.7218475341797,15968.365072521847,0.01803107320935736,75.93115234375,9499.6262069081,-0.4132012387272263,0.15068360146279358,-0.6805258605911633,-0.5638848401900199
COSJ100013+022949,1,0.0,0.5180350651456433,0.8168899843128261,2.4657950782191556,0.3598916928215198,0.12460449181069025,0.8024910077561216,0.4825279301894142,-1.7348276844428336,,,,0.029875212778799263,0.35336732864379883,103.51210026806422,0.024248004187092203,0.4922371506690979,146.60132627152234,0.008944265115805863,0.8738300800323486,223.043457810767,0.010700816534998743,1.0478378534317017,273.9923877832688,1.0568684415578913,0.8334959218340877,0.6790014946764176,0.2233725197238034
COSJ100013+023205,9,3.995076286312093,0.7907018693505152,0.8416331472516617,3.9380718015861897,0.30990982317486115,0.49282345623319096,2.558470616412777,0.7615026067249002,-2.4478959346944693,0.20732243496095654,0.16906351855684876,1.22629906635501,0.03428865708704143,22.45613670349121,1257.335885603104,0.02920032170952275,31.447837829589844,1855.9682895995538,0.014564012600704612,27.44839096069336,3170.3671114370227,0.012850653716844325,11.44775104522705,1635.7153013234802,0.2856410134782843,1.00414560792366,-0.13715708858725556,-0.7185045944453755
COSJ100013+023424,9,3.759881673653913,1.3408140497042034,0.7999936937337283,3.211748327388522,1.6405017343476103,0.4359127298319421,2.374925829439771,0.6671406453793886,-1.899995903743715,0.23852361801112829,0.0613342022382791,3.8889169387820623,0.03367954899237609,11.563810348510742,1027.852952289517,0.029234708864489086,16.693248748779297,1608.2856570554359,0.013454991150510331,17.182437896728516,3084.381646255497,0.013060829479134718,8.814915657043457,2370.750978577882,0.9073873771423314,1.1930928063350879,0.42130687409972245,-0.2857054291927563
COSJ100015+022850,12,6.027106711026544,1.0937485073136937,0.7818514779106467,3.075410514559762,0.6705175923069048,0.24150269084036022,1.4876502212589628,0.5028876292323315,-1.9384370616001825,0.18372997758388987,0.1271637749609966,1.4448295329408327,0.04381740212106275,7.677679538726807,456.9095822844565,0.03493606063563515,10.830397605895996,653.8010128884962,0.010491267814475711,6.523182392120361,1001.8739879895002,0.011964404101017826,5.198188781738281,904.2729185721837,0.7411731462645538,0.8524570871425636,0.3521348389790322,-0.11128394087800987
COSJ100015+023341,4,5.209199277247604,0.9546713039809455,0.2931387571724681,3.4659656024856216,0.2018573941301025,0.49231263715891377,2.550942333514296,0.7149908689177126,-2.0571230258273645,0.15628366456050755,0.14182280201274883,1.1019642987060627,0.024801788850600113,1.0740233659744263,606.5054055586979,0.0203823627391452,2.6400768756866455,1015.2974854652894,0.008065121827600047,7.564064025878906,2525.536670797039,0.009921964529970259,5.467724323272705,1867.56956262514,1.221105278306235,1.5487975073116025,0.6617086916446362,-0.3276922290053675
COSJ100015+023621,5,3.4142364183207756,1.2433594375823953,0.7043810621738035,4.072444082992642,0.789567236728472,0.524747773943709,2.7790668966185224,0.7240286662256674,-2.324836777011285,0.151665888663251,0.0820096030575892,1.8493674278211958,0.026450684793829348,15.637312889099121,1255.075145351846,0.022290457497421836,23.87881088256836,1828.4676431343241,0.008672316217020568,24.025257110595703,2985.29572781967,0.010242035903451569,9.795031547546387,1716.040810358063,0.33964470675714736,0.9407940756506465,-0.06889916875246643,-0.6011493688934992
COSJ100015+023708,6,6.357661155597921,0.6819178392317979,0.6116909128011069,2.884305954851456,1.4292121952857306,0.3362982756377543,1.8544905189683163,0.6356505539141297,-1.481332954684466,0.9805394618433273,0.44986285954605615,2.1796408417284368,0.02597621234278528,10.785961151123047,1424.447590267333,0.02127025583730456,14.365140914916992,1867.4125254261162,0.008562230934506986,15.83392333984375,3491.09242999414,0.01067026788223201,11.512413024902344,3333.7226006043493,0.9232074611121582,0.9732871811584988,0.6292229796332458,-0.05007972004634044
COSJ100016+020956,10,5.911280802625448,1.111264894849573,0.5902525835351313,1.8407472863932395,1.7651852076336179,0.3806844960031528,1.9704676543699748,0.6884052810428402,-1.1126900924149346,0.8180410883144887,0.439595688924445,1.860894246519985,0.031022059434401058,9.015989303588867,1351.5572767522408,0.025832574085717153,12.17972183227539,2262.237314835962,0.012212901517420058,15.102462768554688,4903.307036154496,0.013918114225985349,15.901506423950195,5599.681228743313,1.5433221241594834,1.3991365843088333,0.9840628577945666,0.14418553985065038
COSJ100016+022131,7,4.912233084121566,0.5655211244033431,0.9930895916692853,3.0121572066992512,0.416689618694663,0.24598868517323455,1.330665823354984,0.6657814584637183,-1.9952628526274838,0.25441102141214117,0.1339797925814294,1.8988760656389048,0.021412460623551066,7.335954666137695,433.2919648694733,0.016912899226987486,6.497291564941406,462.14026342604984,0.006501859942687161,3.004265308380127,494.1841343835563,0.007718973307979515,1.4083744287490845,287.3796939673175,-0.4458113935651889,0.14277040755808665,-0.5157943240020393,-0.5885818011232756
COSJ100016+022827,6,3.375576629156244,0.9217992047344132,0.9006182058948433,3.7630377148887284,0.11666239944606559,0.3795474997879556,1.9752817015340611,0.736627042201143,-2.363862638512287,0.19205173987435215,0.05649875868113673,3.399220520192996,0.030965153445157233,12.944269180297852,1447.8335291101885,0.025009566711135103,19.844297409057617,2103.386237177365,0.01199087693406913,24.286640167236328,3647.3523837178946,0.01228044152494133,10.55738639831543,2156.8188808252453,0.4327376170936743,1.0031477355605638,0.02723662191108971,-0.5704101184668895
COSJ100017+020443,9,5.193576261581902,0.6166679498795877,0.8257221798463428,2.234347596865416,0.41887318740602086,0.1409196624671422,1.02102980359935,0.3336636151937468,-1.6716603839011854,0.25811766969668526,0.17159682115273378,1.5042100894569694,0.04219940986899569,0.7456334233283997,130.3830866505523,0.03265974893396012,0.44163405895233154,157.5327246122688,0.008854504942227587,0.3685852885246277,166.60900765029874,0.010551193281063588,0.258858323097229,122.98961945633346,-0.06338200107223264,0.2661930487017294,-0.26875581667481374,-0.329575049773962
COSJ100017+023020,12,4.731199368778131,0.7991001148969242,0.9134997945759489,3.5632733472778035,0.1377385779549836,0.3676762077800751,1.8994028571373698,0.7657774971134983,-2.3024741407953835,0.7499108811038842,0.38164945939185957,1.9649205904780576,0.02797517703207082,15.348953247070312,1258.335112566845,0.022773094134914927,22.077404022216797,1748.286509099638,0.00896261498380634,20.442228317260742,3065.6358853317797,0.009667526317072421,13.258755683898926,2590.108298082836,0.783804019852619,0.9668106395429087,0.4267632924350495,-0.18300661969028978
COSJ100018+022034,4,3.234109307452649,0.6561173229457482,0.7782876242759441,3.604965078484902,0.7694415478648985,0.35727395969868286,1.9298388493770058,0.6620022908063615,-2.055296016368297,0.14067436435355443,0.11353917946409907,1.2389940196638067,0.02536488917112699,1.0499385595321655,135.54460962774374,0.01958011812983017,2.4343931674957275,210.03818449909886,0.006228073219723163,3.614845037460327,370.20965680463314,0.007736772355991583,4.271507740020752,480.17008644630187,1.373282124583143,1.0909137296870957,0.8977421130695439,0.2823683948960473
COSJ100018+022138,7,4.793345709912034,0.6070589473435786,0.6439157648125544,3.1447833806568584,0.18496026690530934,0.3026189566769815,1.584253447292161,0.6926134904838182,-2.0691285643759807,0.6353099005817752,0.43112012711192044,1.4736261673462678,0.024682270128198413,1.7356305122375488,243.13170563601852,0.019493093180371353,2.9752614498138428,386.96293717291974,0.006951145656556214,5.4309563636779785,838.7070060716069,0.008596354289480366,6.011495113372803,1100.0501027799037,1.638927172886323,1.344421685215857,1.13435773779355,0.29450548767046625
COSJ100018+023741,4,3.714087700761377,0.8585481693340314,0.8929634477596682,4.050458000525338,0.5040848300788722,0.4266497170899411,2.200710206901115,0.7097816865408062,-2.3583050759049424,0.3529036370940458,0.3162426544488018,1.115926748430387,0.0341130241194322,24.00835609436035,1788.814574963878,0.027899911952079998,35.08976364135742,2513.7266467144,0.01164649872587131,34.194271087646484,4056.0914383415948,0.013907163306195354,12.53677749633789,2498.6075992903206,0.3628318293224363,0.8888560303915114,-0.006549980966605034,-0.5260242010690752
COSJ100020+021308,5,6.6940322029342205,0.5667528005840513,0.72045638764916,2.3398047128823922,0.2428519593700538,0.12539868749444671,0.8270805072196806,0.44614854680400706,-1.6710112967337802,0.19802076119998402,0.16900431172493777,1.1716905869376388,0.035670783321016614,0.5490145683288574,268.03498464961535,0.027683624242666082,0.751724362373352,315.80342356890014,0.009363093838476689,0.7752773761749268,423.22899386740755,0.011114561743884335,0.7260770797729492,382.2081978499873,0.3852712870824446,0.4959598223833004,0.20720791010532907,-0.11068853530085569
COSJ100020+023047,4,3.2037305834588206,0.6406136616188003,0.6865931323395249,2.835683549536872,0.5960174375910712,0.1829638698885371,1.0844158644745656,0.5288458924043885,-1.7420787332483298,0.1423726391482526,0.08505472588200269,1.6738945152297315,0.0229593026876671,1.1843210458755493,213.04895384034535,0.018400888255427114,1.5553028583526611,267.81717060600386,0.007174834373479895,1.3592101335525513,350.39750186377205,0.008269181155133785,1.1934043169021606,397.32308377147,0.6766609788979027,0.540203988147498,0.4282634499281957,0.13645699075040463
COSJ100020+023332,7,5.3571805748051595,1.4208634233785054,0.424867085780116,3.5927948344473792,1.0421135128402381,0.6020466450095392,3.1422533185482027,0.7524046253456548,-1.8924658936627559,0.17218751804624868,0.12004985087250124,1.434300141106549,0.026569675788046383,11.590725898742676,1629.3246264052032,0.02123549465901196,20.060970306396484,2486.396675175221,0.008244605593276963,23.85546875,3705.4197053929965,0.009311919896177336,9.830147743225098,2377.6074123096114,0.41033131079317114,0.892074462646836,-0.04857567590674239,-0.48174315185366495
COSJ100021+014905,10,5.109754861086631,0.9820020889348129,0.6027149455040184,2.8991808689634335,0.47125705586217487,0.1958159470582171,1.3153180420424089,0.4651500694238955,-1.9646961039125717,0.18840150223699484,0.11569092890810015,1.6284898393948657,0.03312109638903437,1.217315912246704,378.8583430795261,0.02653098010953782,1.2792333364486694,432.7062050937893,0.010551286118971277,1.0382736921310425,448.4078203908866,0.011361304388310924,0.8860983848571777,253.5844885600236,-0.43588542695604937,0.18299080668413706,-0.5801760958279782,-0.6188762336401864
COSJ100021+014915,7,3.8023446851707656,0.787991301338733,0.7439520211461707,2.5278468909216367,0.6634733698937303,0.29874542922358827,1.5494313452557278,0.6707423156177884,-1.6568849504749326,0.436163590177094,0.2852753364991189,1.5289214817154062,0.030357995696498632,3.120811700820923,1044.5940967453716,0.024201300681860848,3.0033209323883057,1440.076488877021,0.011108698185585918,9.27452564239502,2807.12785004382,0.012371965464604234,8.845953941345215,2848.8145866859704,1.0892915429258339,1.0732865643267613,0.7406965608811065,0.016004978599072475
COSJ100021+022333,13,5.95611909254377,0.5530777467721678,0.2496986627971525,2.9573590973879478,1.6775889753254267,0.17113071706878713,1.2810189700891266,0.3583720369222593,-1.3872366457639094,0.5080798377329643,0.237842633829536,2.1362016958536953,0.03196939106533931,0.6115455627441406,1976.711957127276,0.029460633677290553,0.7295141220092773,2583.7726902004797,0.029684949253840652,0.610835075378418,3275.3957065604627,0.017700150364805937,0.3958512246608734,1785.8307379856706,-0.11025773871800185,0.5483009652207514,-0.4010350242728131,-0.6585587039387533
COSJ100021+023600,5,3.411736372691566,1.8656616814613292,0.21247002914412275,2.8663357696888285,1.7212810371712082,0.6178273457524647,3.2181795423593527,0.7418880963768092,-1.332299751721058,0.4614131954076656,0.3631985230990417,1.2704159462725608,0.025878745195595076,20.25459098815918,2154.498610279963,0.02238013344159377,32.62321853637695,3191.4834760518243,0.015033106683929333,33.71141052246094,5985.408386496361,0.014997801820676544,21.22530746459961,5265.144346324028,0.9701601594362064,1.109368923815539,0.5435442046475991,-0.1392087643793326
COSJ100022+014924,3,2.84184844125695,0.7257517010314887,0.8591883650651215,2.045057363277612,0.6835246842285575,0.18177992044718586,1.0838070733121752,0.41015057870138794,-1.1928071127892754,0.08175551746779627,0.06206740333472388,1.317205377948489,0.023124039794690167,0.7618294954299927,261.08950623314377,0.018410396657219722,0.7740018367767334,299.01116886500085,0.007042160910522699,0.7934831976890564,400.7347514403227,0.00799883631712288,0.6707062721252441,429.2597691700066,0.5398269269548251,0.4651689721708273,0.39258194252798717,0.07465795478399806
COSJ100022+021312,6,4.239133928860978,0.9941033303915825,0.9411372584165163,3.9716621731915263,0.45191287517297823,0.5200592725374775,2.641895371546379,0.8103348445169213,-2.384855798338832,0.12114749119553975,0.07635425207768116,1.586650224433957,0.05352825414419902,292.8016662597656,19164.726385019836,0.05328248102052471,343.5672912597656,23532.031157270074,0.03675449400734268,131.1314697265625,19212.021496083587,0.028379344346761474,83.7898178100586,16253.730965716764,-0.17887389060428854,0.0026761017137574804,-0.40176586942771536,-0.18154999231804614
COSJ100022+023102,9,4.423684239202148,0.907847704035744,0.8451007656248268,3.3250097650162385,0.2719885776560332,0.2375358706297679,1.3696082520797734,0.572838669389235,-2.132908328848835,0.10877677354914203,0.08896885147225536,1.222638842124018,0.03325108555983122,1.235794186592102,271.6552801430298,0.026733190598336135,1.8558703660964966,419.4341575706303,0.010244350897197269,3.4399991035461426,825.5049291364849,0.011598450634465492,3.4327266216278076,952.0820417164941,1.3616405567999215,1.2067538000069713,0.8900264454906173,0.15488675679295022
COSJ100023+020958,9,5.304722810732689,0.5720717711905936,0.6663816547467677,2.7471504618765237,0.46519637407283215,0.2094445117052505,1.2484311003967243,0.5109050940243952,-1.7266472042591445,0.48061092294665136,0.13585599697697126,3.5376496705413674,0.01928493254964064,7.9607720375061035,1040.0598245979784,0.022972130972059406,9.124951362609863,1316.4345205721775,0.007512152407848749,5.307726860046387,1824.764475821401,0.012801180859647128,3.950000762939453,1264.4566844423643,0.21211408961359188,0.6103712420026518,-0.043738263874471446,-0.39825715238905984
COSJ100023+021652,13,4.744856303860511,1.4852427083438444,0.5519918135008797,3.8297693677201776,0.16942890954418655,0.3292843720325152,1.7905226972777961,0.6241151503630472,-2.282004704617914,0.16919125935718146,0.0792681395392291,2.1344169339744656,0.03253217267327938,6.260976791381836,1718.4560932614304,0.02772890647666042,11.651996612548828,2638.1969228641756,0.019493988574030032,18.559207916259766,4802.8220869954675,0.015936344739566143,9.058115005493164,2875.157417809125,0.5588079684988141,1.1158951470887177,0.09338604572925688,-0.5570871785899038
COSJ100024+015334,5,2.704680427985713,1.0855358336978156,0.7967119577625964,4.120443741892668,0.7538151420208413,0.44436442561825357,2.361841137047775,0.5841810310230225,-2.4406309359621168,0.08746142140328982,0.05455299827253331,1.6032376619586362,0.024647270267847108,1.2804460525512695,169.7420251022238,0.019721274065344612,4.135809421539307,358.2755215369305,0.007675721573286067,7.083176612854004,990.7908728330513,0.009259532302110534,7.341729640960693,1545.6335214312421,2.398292872169421,1.9154815450044604,1.5872234780114485,0.48281132716496056
COSJ100024+021749,8,4.355275724457031,1.0889329695286194,0.7477365977605974,4.126399718429431,1.9585928574921696,0.3918200778177571,2.0246368484542248,0.6948971155806181,-2.412495922330146,0.5485490134387775,0.4164642567876364,1.317157485902791,0.02543238401056044,30.90161895751953,3054.323998040785,0.02180678936153152,43.515586853027344,4272.869082455323,0.011594827961166296,32.24054718017578,4941.44766353583,0.010934539556675088,11.598162651062012,2974.5045088397455,-0.028751182210193585,0.5223477387771263,-0.39326238745529873,-0.5510989209873196
COSJ100025+015245,3,3.3781502542959054,0.8270686764393217,0.5361000080454434,2.5339384811350403,0.4143408033450272,0.3096854703917922,1.6630741350378417,0.6115228753150248,-1.7009136317464901,0.18526168202835322,0.13218161038364892,1.4015692613415942,0.022008448161461136,4.805574893951416,338.8809974876822,0.017779487545987238,6.491469383239746,517.3840019926233,0.00660318198714821,5.020774841308594,1050.151322375401,0.007844272021492904,4.196910858154297,1424.6780130596817,1.5591737628942814,1.2280116670442978,1.0997593153344885,0.3311620958499838
COSJ100025+021538,5,3.303459757587582,0.8219144614962454,0.8286340717816636,3.1534618383997874,0.4798927738575723,0.3556305239759114,1.8647979179336591,0.7284582236350711,-1.8315848596366187,0.7486175840734969,0.24213522621792308,3.0917334737562587,0.029133127364513844,32.214378356933594,1423.1659074868003,0.024007251449656444,52.838199615478516,1842.2846593874456,0.009904797986469135,11.626344680786133,2466.6111769153504,0.011502983109044459,6.047543525695801,1572.6538365794695,0.10844401816195261,0.5971129089474485,-0.17180899250639825,-0.48866889078549586
COSJ100025+022001,4,3.4532366520797204,0.4607128653674011,0.619107555257995,3.3760455092112087,0.8705137659778716,0.45505940146980745,2.3805277354659866,0.777124941672453,-2.164238843014063,0.11263484004849543,0.09423918729879112,1.1952017337689869,0.026639552669750294,13.393254280090332,641.2206409613573,0.02086711044165664,16.020170211791992,803.5768699925552,0.007294561537702833,10.533356666564941,1064.0982398675405,0.008766191032508256,4.311713695526123,917.3269212523169,0.3887916131474777,0.5499355773235889,0.14374177886948009,-0.16114396417611118
COSJ100025+023225,4,3.3762115959523045,0.8345970852302066,0.6149820244529441,3.644474787800026,0.2538397271314196,0.3553247698533782,1.8639543172084518,0.7202165635562948,-2.305158695779088,0.12015424725865326,0.09618893549235727,1.2491483208918572,0.03204516401063925,5.921001434326172,680.4603752847106,0.02483003811164642,10.716490745544434,994.1386931278439,0.00688503723938106,11.974501609802246,1701.8185525807203,0.007887379870992738,5.621399402618408,1028.8589376290038,0.4488824856800194,0.9952760337865438,0.03727214301018784,-0.5463935481065245
COSJ100026+020345,10,7.175030612840528,0.7427883324352259,0.7837205297940808,2.6508429111352347,0.5918696149852021,0.23975695074599274,1.273570960381044,0.6490788783287386,-1.6779671314747542,0.4096047247109375,0.20251206594434354,2.0226188637249365,0.038630701941755684,15.188483238220215,3075.569575350648,0.030925117236016413,23.23638916015625,4103.593529443079,0.014567039515505588,28.901065826416016,5992.946799908299,0.013895148903467694,15.071234703063965,3808.300533886504,0.2320141439254544,0.7242871659397456,-0.08108280680748553,-0.49227302201429135
COSJ100026+023013,10,3.5165451136477515,0.5614398070240728,0.7563376007608565,3.7361204260945513,0.4077743158608592,0.5177942280040944,2.6696775916968383,0.7830214984299092,-2.3518960078871665,0.14583636690467325,0.140652936728739,1.0368526267313631,0.027235535696716467,7.488463878631592,285.90947675409916,0.02192472052521692,11.629520416259766,474.4905776603191,0.007439809063812323,13.653655052185059,955.3039125173818,0.00867756668609907,11.838539123535156,1128.133599884226,1.490329958881961,1.309782514287641,0.9403323538918672,0.18054744459432007
COSJ100027+015014,3,2.915696376434472,0.6536370621125016,0.682208766534972,2.618962386916603,1.3117161854434247,0.23734445816118813,1.3772379446325436,0.5826560322871648,-1.4463677073692627,0.4922283813539925,0.17941982811850388,2.7434447269054547,0.022728955185642843,1.7640831470489502,298.5118841422627,0.018227575088513588,2.1694681644439697,350.8143433302939,0.007360824670241372,1.582887887954712,374.1626514771124,0.008381647667188519,0.6892856359481812,229.53566014369426,-0.2852786487583969,0.2452470221915978,-0.4605679385309252,-0.5305256709499948
COSJ100027+020051,11,4.947050156071652,1.0065704913286615,0.5217524451509031,4.202353726669862,0.5013185716132265,0.4267210959218659,2.2591610248181007,0.7047893239047492,-2.529530689738882,0.13212882018358088,0.09057762773441325,1.4587357108865973,0.03443498114364342,13.27055835723877,1110.6565552110424,0.02751979115803326,19.413055419921875,1596.4806967407349,0.013692136422644632,22.019256591796875,2718.921685724519,0.013102054090834581,9.854910850524902,1761.5592444558279,0.5007936741966331,0.9720422859875245,0.10683395521148778,-0.47124861179089145
COSJ100027+023137,9,4.105658047100738,0.7411318621958007,0.8810726547717979,3.7176937939908945,0.4163473788253852,0.32123788635157385,1.7337410668395237,0.6621241522252712,-2.2886317611207416,0.14816587732792644,0.12151050920339598,1.2193667716420489,0.04577874583780148,4.849296569824219,473.8229657277261,0.036071860817248114,7.469531059265137,600.4437285573622,0.008897710263166493,7.971347808837891,958.0959696493228,0.010837908141149297,4.385263442993164,712.2864614546561,0.44259645749596577,0.7644822663431714,0.18545594149790987,-0.3218858088472055
COSJ100028+015805,15,5.789453904473914,1.3680019753526107,0.6944726225237507,3.5191996591901265,0.41197631493047954,0.27363277435081435,1.5220197095595644,0.5934192220011836,-2.0928322844197944,0.23011242456918468,0.10787584485148345,2.1331228032187255,0.02545881472433743,0.7149816751480103,427.1890277371185,0.020271619473947768,1.2935411930084229,762.7099086511498,0.010945083485370214,4.631003379821777,1805.9965021818643,0.013391637324289721,7.041766166687012,2372.330469229957,1.861387743467925,1.5652420386166197,1.2320394956941474,0.2961457048513054
COSJ100028+020024,10,5.249604823771605,0.5596929757406732,0.810542362426614,2.4636850890846778,0.264578444069879,0.1973171288010727,1.1637359080283394,0.5422595685954149,-1.5999690652821297,0.5919554211886027,0.273267842792134,2.1662095881471277,0.03338141065252287,0.8573024868965149,306.2917700716207,0.026223010919230988,1.0594182014465332,359.9655986546495,0.009999322778303728,1.465419888496399,554.2491141194332,0.011349817695812791,2.6290926933288574,522.9674316839519,0.5808482898307384,0.6439241999454883,0.40553411419641505,-0.06307591011474999
COSJ100028+021600,7,4.836453314086729,1.070398183069552,0.8417598019794258,4.226960605592799,0.37398060085669643,0.44774030520102526,2.2988531168496773,0.724266969068595,-2.485712681975318,0.2058701620839619,0.16369721937162812,1.2576277280348425,0.03167211647363059,31.742555618286133,2559.2611463069284,0.026376255070530326,45.231773376464844,3486.486098923491,0.012033179840903291,43.79176330566406,6139.5475496975705,0.012466840148740652,19.485923767089844,3788.991366974544,0.42602253079926855,0.9500544095217079,0.09033919450661113,-0.5240318787224394
COSJ100028+021710,4,2.8243485625183484,0.7001878940174608,0.6928723228764982,2.690263473213949,0.2677812444256011,0.21638681155652323,1.2015315810975902,0.6070473233871064,-1.7639231588352242,0.15369792496608148,0.05179371231757,2.9675016153252733,0.022719039780974247,2.1197683811187744,687.9627319801157,0.01893564311664073,2.4827470779418945,808.7012579718466,0.007855713438110761,2.586641788482666,1166.8482238894794,0.008803517259233206,1.340610384941101,839.175263002573,0.215719402227378,0.573623642567409,0.04016138668633331,-0.357904240340031
COSJ100028+021731,9,6.192640237770139,1.1476381011234928,0.7214212793498329,2.776044533859779,1.1674377193541114,0.3035901757080104,1.5978526067039336,0.6681760377720948,-1.5696741969522274,0.1408540631510164,0.07903553473088709,1.78216119661389,0.02649028887531972,3.5005125999450684,1121.3584614858091,0.021786077454159457,5.875580787658691,1612.350849825441,0.009260333546391507,9.535048484802246,3152.5941600040533,0.010457791654435918,7.97934627532959,3842.570691661327,1.3371935036774025,1.1223090055948513,0.9429057877553482,0.2148844980825512
COSJ100028+021928,5,2.9182498090198465,1.1693551153750719,0.6879727680507755,3.93148904874514,1.0617527480944746,0.4460752944250033,2.3461156795119824,0.7113875942284651,-2.294338860685607,0.1359887189252519,0.1065203916104784,1.2766449397081894,0.04242521247289525,17.588666915893555,2411.7008762240657,0.03371580695749524,27.967193603515625,3639.6866092139244,0.01807593458407428,36.054161071777344,6171.998611479532,0.014206098709774208,16.62483024597168,3986.7042690797243,0.5457264500676332,1.0202559462917753,0.09887507584198113,-0.4745294962241421
COSJ100030+014754,4,3.5602912666130138,0.9351414265831381,0.38873752742944817,3.061672889608942,0.3669305535750639,0.28539514357102863,1.5328196405610808,0.6308255595531942,-1.8859688822958705,0.13330539609776315,0.11952203290525062,1.115320689060226,0.041986495292679005,2.7413463592529297,472.25091380188906,0.033393845035145746,2.699129104614258,692.4326675724951,0.009915790226519942,4.296173572540283,1426.0917646200396,0.011221757885997243,5.365676403045654,1781.5071875615977,1.4415369297943967,1.1999366624458538,1.0260250751178526,0.24160026734854279
COSJ100030+014853,13,7.263252445960599,0.6361028883441531,0.7064748514672312,2.460603188279477,0.45568598264385896,0.23707733375902912,1.3182142944745008,0.6067906294232616,-1.578243766080566,0.22003027323717586,0.1738242813716184,1.2658201230630939,0.022589102881478317,0.8781697154045105,153.77348083195375,0.018335443765255116,1.049617886543274,222.21715349391525,0.00735417078685667,1.274208426475525,390.60757048701635,0.008219329652694216,2.1897904872894287,551.7209375910243,1.3870950509118014,1.0121480275518926,0.9873547135141181,0.3749470233599085
COSJ100030+015427,9,5.812306539414453,0.08976474274898555,0.3306892026783665,2.3234219993901615,2.0000000000000004,0.0,0.0,0.03355001663339719,-0.7445721566027531,1.40630876349899,0.8513809773307834,1.6517972575661657,0.04549659342817394,15.345433235168457,870.3685449101349,0.03865439017304237,22.892242431640625,1482.2247396110347,0.01437077990709787,23.46340560913086,3157.9094036300667,0.015901086982709717,23.43975257873535,3678.3733681482263,1.5648815558603855,1.3992411981240607,0.9868543796317737,0.16564035773632463
COSJ100030+021410,8,5.501045731199016,0.8294691764487021,0.4819107055803002,2.5193754099595154,0.217726276835508,0.1628794329254665,0.9403395086755667,0.5512370305130913,-1.5994422475274916,0.8003931764670847,0.4006911351314656,1.9975315306251487,0.030295914174925435,1.1237751245498657,693.2604706761435,0.02406028067728109,2.3267784118652344,994.6640574014809,0.007564319328189916,2.6982920169830322,1512.6913788286038,0.009218027820839726,2.89654278755188,1573.429807169081,0.8898773388521043,0.8471347352130033,0.49792737100869705,0.04274260363910092
COSJ100030+022026,10,4.005172249125733,0.7056056309598053,0.6791466300452904,3.922910663588086,0.5193496954464841,0.461220911225448,2.446711150957803,0.7387088817694866,-2.4564475772849264,0.466061672682578,0.4064985959357224,1.1465271401731336,0.029618364434344742,9.609843254089355,412.91712449310353,0.024054731616425667,11.832866668701172,582.4896657888148,0.006711133233562529,10.519458770751953,899.2286811052472,0.008185773134009264,6.852297306060791,797.7557070379553,0.715017563646802,0.8450181401633882,0.34145423752208864,-0.13000057651658592
COSJ100031+015335,9,4.66000082228172,0.8651667474334245,0.7127940983734157,2.7490098115131727,0.2659414069631933,0.17803133047976938,1.110979158668975,0.4282428387406425,-1.9041917302181341,0.3363891323036335,0.1734781769815414,1.939086161479702,0.03633048100551715,1.0793193578720093,321.4961333289732,0.028301115916746052,1.258814811706543,358.15348711487604,0.008763721421267866,1.2762243747711182,445.98714762743475,0.010297728773695556,0.7854124307632446,326.3023799029761,0.016111218415970234,0.3553664737375596,-0.10112235654679808,-0.3392552553215894
COSJ100031+020046,6,6.215106981603496,0.42565934306990705,0.5871346760861611,2.1802136380526775,0.6124944932006352,0.20463376389252932,1.2411042279127227,0.49763376758954275,-0.9769917659932549,0.29323261148219854,0.16878778179759193,1.7372857700911029,0.03011567721314799,1.079123616218567,150.9665235271923,0.024083925698723464,0.8184702396392822,142.43920178429107,0.00985596324753178,0.917543351650238,190.11573257342252,0.010761072848945213,1.3377383947372437,190.82842457648076,0.25440602679385793,0.2503435079242066,0.317533834097343,0.004062518869651434
COSJ100031+020113,6,2.9893730647544836,0.9742832750281547,0.741244296748644,2.014061714313429,1.6547985722978267,0.29060796041812964,1.53182723442393,0.6393395541563827,-1.1806949951901544,0.26747010306673114,0.2164697494944751,1.2356003722984754,0.028280500202660052,62.053016662597656,949.8202231316754,0.022984374471168086,61.30754470825195,1230.0303896258156,0.007937035852928695,13.089024543762207,1930.9041103689378,0.008769113828120461,9.783330917358398,2491.9221899617987,1.04723266313246,0.7702982372499078,0.7665465899197952,0.2769344258825522
COSJ100031+022615,1,0.0,1.6207953403537179,0.9193131666207607,3.8595825359333515,0.786002656127338,0.3589566541124997,1.9156265897078115,0.694387189185877,-2.3750215746658805,,,,0.04156905924371125,57.58349609375,8417.814094739966,0.0436479099304448,75.45409393310547,11160.09610972926,0.036122075645054035,41.240699768066406,10763.580411587842,0.02266306596968371,17.786081314086914,6250.333755502477,-0.3232403045084621,0.26689357354139015,-0.6294118157238928,-0.5901338780498523
COSJ100031+022639,10,5.135492153128475,1.3346625337343219,0.40928703755701284,2.46092018836884,1.7438090565809987,0.5500940937614313,2.8553584370250205,0.7143777692379538,-1.140376179015803,0.2015896366176767,0.18639164607951397,1.0815379383026604,0.0228192070130691,6.755884647369385,543.4387465100399,0.018965453633279356,12.195732116699219,924.7012769056154,0.00806779849155935,13.452123641967773,1926.464641080238,0.009850472235912951,12.987743377685547,2497.255352268461,1.655780881908113,1.3740261060097547,1.078653738171002,0.28175477589835807
COSJ100031+023300,7,4.540551657962839,1.4916027800182527,0.8134371093232967,4.084728795129538,0.5961868462181276,0.35362260835335807,1.857672338255273,0.6859632790939593,-2.521916724024501,0.124736417772915,0.10416246903554736,1.197517867307335,0.04657803013747201,53.35280990600586,10269.427250306355,0.050517118976189074,81.02377319335938,13539.954453993589,0.04347976760992394,48.042755126953125,13095.010267317295,0.026784705408597415,20.374990463256836,7101.761993482709,-0.400450273207888,0.26389905152526805,-0.7006277251985994,-0.6643493247331561
COSJ100033+015039,7,5.293252081961103,0.08350769912385286,0.7059627198968914,2.5102194939164777,2.0,0.0,0.0,0.056453082549907455,-0.4835243499302522,2.9828032454327666,1.1455344960732654,2.603852835211341,0.029915563378126373,25.1533203125,2699.2231706596085,0.025518739090733936,29.507579803466797,3490.3959172462055,0.014748053719014765,24.1224422454834,5263.998897213489,0.013233117468689399,14.623544692993164,3182.909558993866,0.17896376293896948,0.7251924907328638,-0.10012598368676252,-0.5462287277938944
COSJ100033+015709,5,6.97700137362342,0.5375159291416106,0.8500319288781947,2.186466148481739,0.31677430474717,0.12671681091373072,0.7797819010856331,0.46979417655216116,-1.6297884523525368,0.19616506073566575,0.13457381821144268,1.4576762652855013,0.028540981589685443,0.5738244652748108,161.2850723742813,0.022617756464570628,0.8574219346046448,200.91986224658785,0.008767849580340596,0.8891534805297852,266.86979277415594,0.010566879154277627,0.8743220567703247,274.59984047066473,0.5777652679148487,0.5467631124140195,0.3391935221679626,0.03100215550082923
COSJ100033+021339,7,5.49047432649082,0.9496517434372829,0.7552959458659096,2.925370168479957,0.43022536565685465,0.2361096003291271,1.3903021778516313,0.45437132985959844,-1.9366002104644795,0.23777632062646806,0.08994828624293243,2.64347805342596,0.021826177121673014,0.8074913620948792,137.26481236416953,0.01738286439708376,1.328688383102417,210.40057332713695,0.00619949154691038,1.6217434406280518,346.81720846533426,0.00773309801022522,1.829527735710144,444.34849869303434,1.2754112410658487,1.0063535438282256,0.8116919956575152,0.26905769723762296
COSJ100033+022752,4,4.464290088734862,0.9647299080703235,0.8201272635951878,4.088360773493073,0.6738591268205036,0.4258204712660484,2.2291541522905143,0.7243723813443177,-2.5237806598902015,0.5481371288787333,0.21161853327516478,2.5902132502071447,0.03227688751925725,21.693086624145508,1757.1799214832572,0.026807104103043294,31.00126838684082,2351.8429406470277,0.011348894142142879,23.576393127441406,3062.94668932911,0.012222601107144931,8.313882827758789,1526.8130914162975,-0.15257589262215765,0.6033080145852223,-0.46905610124741365,-0.7558839072073799
COSJ100034+015047,9,6.409399351337612,0.5262074700939039,0.7815634094837236,3.429217256250805,0.9069844769935862,0.4439967207679515,2.538375001477916,0.5076740039547363,-2.13347492447433,0.34562501211713753,0.16113567499548176,2.144931667843442,0.042651306187352085,0.6626704931259155,172.77882553248128,0.03394272410443201,0.7302206754684448,209.3420300253456,0.00902890593105034,0.3209986984729767,211.7389389781165,0.010703083690494638,8.116924285888672,267.934050035994,0.47634347822097134,0.22077553737512884,0.2679286939048635,0.2555679408458424
COSJ100034+021133,4,4.122732747299707,0.9228903412231938,0.5781525137590052,4.090074656915672,0.5657772405157135,0.45013944861034316,2.3414944287778474,0.7419042334049321,-2.4408109255410286,0.41640203910306123,0.34570821765707577,1.20448984963415,0.03359317384830679,13.326607704162598,1960.3588077613222,0.027520037675372422,21.222835540771484,2831.0964906328463,0.016187209933364498,28.448427200317383,4726.594641673379,0.014285608862103547,15.167400360107422,3026.0162427206524,0.47133921643137144,0.9555319750345885,0.07229145856442244,-0.4841927586032172
COSJ100035+015102,4,3.8201798231740542,0.6817119825253471,0.9112078164809182,2.6267343007723505,0.3381202577390268,0.15238662355796398,0.9223400120557261,0.5159484819226301,-1.711579928751843,0.09900150871827924,0.07100742293876072,1.3942416809530125,0.03390427844113551,168.60919189453125,1795.5102907566215,0.02640609158613456,209.08712768554688,2154.6161910190212,0.009121291859135072,30.943737030029297,1307.1736717840686,0.0106593380773067,49.0051155090332,1416.752166127946,-0.2572350331330003,-0.34463651642258497,-0.45519008433832875,0.08740148328958461
COSJ100036+015220,5,5.834482896934831,2.568050780591166,0.5911963024476398,1.4621044579627573,1.2816168873601006,0.5778389034821475,3.0339028783255118,0.673946417860444,-0.7587320974305195,0.3810445392188248,0.24719362775083545,1.541482046628271,0.042701685528270104,26.059904098510742,7488.736753780907,0.0388522747116841,37.01430892944336,10006.984486091169,0.02750917251450105,30.28523826599121,10263.002737764735,0.01776711524402549,11.07916259765625,6147.214257960673,-0.2143255347937936,0.34216470086645423,-0.529062190004492,-0.5564902356602479
COSJ100036+015439,3,1.5562900426990964,0.7131797139256768,0.8297543421228154,2.310837934044145,0.6602829657519528,0.1663253176309691,1.0300452297740261,0.44908458949614505,-1.4322415209787982,0.5532976967444512,0.1673545571484091,3.306140604547684,0.02272029952013438,0.5093376636505127,164.9154665430524,0.01812348955797693,0.48682358860969543,193.060346935908,0.006840536042690363,0.6613478064537048,230.81119966236292,0.007858437133080114,0.6632677316665649,241.67797136206354,0.4149391977618274,0.36498872641378344,0.24385996132156487,0.04995047134804405
COSJ100036+020354,6,5.192747171848122,0.705318426241744,0.822572450254133,2.738848446113615,0.6984144005752148,0.21464939656105958,1.2902333820747929,0.5141682908994325,-1.713430370831717,0.3297848956315673,0.12755887669431948,2.585354341288688,0.026166446422006454,0.9020206928253174,445.68766725418936,0.019899664445960846,1.0251282453536987,505.2186535443161,0.006381503814286081,1.0561308860778809,650.5299024769338,0.007616294474216961,0.8108698129653931,466.69828498562856,0.050013970450077536,0.4105916187812237,-0.08610793032558184,-0.3605776483311462
COSJ100037+020928,5,4.026032050520387,0.9305429216438084,0.8238323447356494,3.1294613148687986,0.30059635469962415,0.2697392166679511,1.4612685184993273,0.6327139361906874,-2.179673798015184,0.28098752236927155,0.1707731478413141,1.6453846867680328,0.034377270977777,9.161093711853027,1266.9471456759834,0.027672009308842904,11.072649955749512,1756.536549926368,0.011188816970475595,9.488003730773926,2638.3566454946995,0.0122804164783214,4.79739236831665,1778.1144045369874,0.3680030069389091,0.7964375110948911,0.013256273000131685,-0.428434504155982
COSJ100037+021117,4,5.865270867004072,0.7449391250339996,0.6993587160292004,2.91526900413855,0.7515131821113766,0.2326295476588669,1.3892844863825409,0.4658345231372983,-1.7305156137116229,0.1746986314341482,0.14294488030994293,1.2221398279907234,0.03776739494347841,1.3348302841186523,388.74172366732114,0.028651766280365747,1.7548599243164062,478.9330844376382,0.01004779927200368,1.6764367818832397,623.7732029527542,0.011354597143653007,1.5052940845489502,549.3587840172913,0.37548729278654264,0.5134138943118989,0.14895308547114805,-0.13792660152535619
COSJ100038+014850,5,4.116991395846553,0.6459670189326844,0.8220223509837091,3.6034840525096614,0.4999612161636672,0.31495593227216306,1.6407061812230213,0.6947765078017718,-2.178419728461718,0.33938552279243184,0.24155412553922842,1.4050081820577955,0.022386843267136594,3.776394844055176,286.9505449817887,0.018111753645082017,6.209838390350342,456.40665145751336,0.007040024690717747,8.532416343688965,945.2244107310835,0.008080931977833992,8.09872817993164,1147.1091677342702,1.5044942419213805,1.2943196874975407,1.0006319641876573,0.21017455442384012
COSJ100038+015132,6,3.9735396963981398,0.8355155801713261,0.7509736847065092,2.444485922235467,0.3215691917687495,0.1882980600153505,1.0408436859998031,0.6203162669643275,-1.5550462903062912,0.22944539609510425,0.11418642797426387,2.0093928864016855,0.02571246431138702,1.7298803329467773,675.5816828058319,0.019792176333790504,2.2025020122528076,846.3879005453527,0.006544365215581574,2.0653254985809326,1024.4185298519806,0.007627207925665784,1.1862187385559082,619.4054399012966,-0.09425712681820184,0.4519988988019142,-0.3389860777793021,-0.5462560256201159
COSJ100038+022455,7,3.5403550501588867,0.8768220081959763,0.45916359562227677,3.903736345073922,0.5306363572262135,0.4919803739950484,2.551373165291288,0.7817808971007696,-2.5332715110114137,0.27204196912034817,0.22961234513641082,1.1847880781790294,0.022515193814590675,2.104335308074951,409.895537616203,0.017098840130038564,3.993807792663574,690.5126079916017,0.00675402072021384,13.315444946289062,1830.4247396097053,0.007126328061897056,23.688045501708984,2226.3012568140985,1.8372768528624142,1.6246967166082085,1.2710307969002488,0.21258013625420547
COSJ100038+023226,5,2.981124050967098,0.6487592044382301,0.9327201877785543,2.260586370627516,0.38431239991520455,0.20387636327318556,1.1129547492462488,0.6160024421222472,-1.3680960927804107,0.29416360628381616,0.16154705230903532,1.820915962744333,0.034703541024045576,18.63644027709961,788.3788118257435,0.02680605108421642,16.732044219970703,998.9367114741326,0.009026077458245251,3.8395373821258545,1211.5619769410696,0.010922338625245947,1.7500665187835693,682.1694661247711,-0.15710666830885467,0.46652672841106446,-0.41411424369741023,-0.623633396719919
COSJ100038+023304,3,3.8951479618457214,0.9080683829609655,0.39929276730437796,2.42498526830581,1.457704793882119,0.2909082908706764,1.6130868439021486,0.684983880599213,-1.5157758152842253,0.38616746332394836,0.3214889722483527,1.2011841669817247,0.03352776862313405,4.039271831512451,807.099799066953,0.026486302901814442,5.067378044128418,1044.757167326905,0.009637793556358328,5.7561211585998535,1449.0349734350457,0.011122256131054133,2.544865369796753,840.3541313111709,0.04383775070793161,0.6353790709978252,-0.23638254934043407,-0.5915413202898938
COSJ100038+023326,17,4.32318049535889,0.7549265527478513,0.7682979740082069,3.28655403097276,0.6345587756368289,0.2479535017653748,1.7006560721719017,0.4244009537098894,-2.0969848431131073,0.34744106274155884,0.2577036154188296,1.3482195900778675,0.03017767522552248,0.6700961589813232,102.35866219365198,0.024360381125204805,0.8688532114028931,114.08894735165086,0.009842589931895981,1.0776978731155396,191.3642096818803,0.011503581371197214,1.0299609899520874,228.83044316241285,0.8734730013847773,0.6793402875684944,0.7556755714041279,0.1941327138162829
COSJ100039+020305,2,2.1175659039708328,0.7429571857348518,0.9456272290686191,2.5414507219543045,0.2707499694330056,0.17639618544000876,1.0196749513748926,0.49215616414104185,-1.8324725498562642,0.38563383594184525,0.13915546488894018,2.7712446381435267,0.0233716633742084,2.914219856262207,263.4407574618235,0.018527847447563067,2.487184762954712,350.6729779218804,0.007412781356195069,1.5005515813827515,477.7587621533021,0.00897100013205295,1.6628884077072144,536.2999602279706,0.7718119958466858,0.6463142359903907,0.46126365837445404,0.125497759856295
COSJ100039+020800,7,5.266032444040739,0.9596133616012448,0.8499909744676789,4.344352054647972,0.7101878570315494,0.5081526863829873,2.6369881359552,0.6904898664258821,-2.3225161712599203,0.2589086349726768,0.17432553360207262,1.4852020218889985,0.03367951217524721,302.922119140625,8697.88641035999,0.02919123860713497,185.2467041015625,10149.96154159162,0.012920496499376688,36.76205062866211,6248.008314384264,0.01485310863437887,111.22732543945312,9489.044000270427,0.09452182181531794,-0.3591803323038144,-0.07310484064445551,0.4537021541191323
COSJ100040+015213,8,4.673585698234873,0.9447351045862977,0.664706422690655,3.38524486870417,0.3345305154017099,0.2796588265028599,1.48067100318089,0.6601936736706954,-2.203792127867232,0.16329591171055988,0.14717186989987255,1.1095592644277552,0.03253523382067866,17.953502655029297,941.6305768218499,0.02525674203694834,15.522773742675781,1364.018854765209,0.009905957158475729,13.662137985229492,2522.9107014846522,0.011735867010582709,8.919891357421875,2168.9905473460676,0.9059427669004043,1.0700533158915364,0.5035932143279674,-0.16411054899113192
COSJ100041+020145,3,2.901129942306416,0.7474693194853461,0.4804769875857074,2.7417762270961896,0.5136408004762832,0.18869072044328475,1.3241716017198137,0.3338207647953049,-1.7012624963454974,0.29750506444714286,0.10691590740301735,2.7826080484516074,0.03307113738354087,0.2888854146003723,101.99905740601935,0.026148961869189313,0.34729328751564026,119.66437168049379,0.009112113248763577,0.4156642258167267,130.34301022122963,0.01060650548769934,0.37498700618743896,132.09597457619384,0.28073356243919073,0.2662289706520936,0.10731179635472315,0.014504591787097083
COSJ100041+022807,8,4.740207131051187,0.8067802858387971,0.620335797747569,4.17667209621326,0.15648205929303913,0.4588459702326909,2.3608919103121293,0.7474074554760618,-2.4421425461006385,0.10276470079302995,0.09958926080758775,1.031885365547369,0.026509574430434574,15.627724647521973,1688.9227823762658,0.02073635301763767,22.636926651000977,2358.6299863746535,0.009914447691814446,26.40268325805664,4071.4669472709065,0.00767365836647795,9.94636058807373,2264.92538902408,0.3186102650779107,0.9553527985466371,-0.04401478883992854,-0.6367425334687264
COSJ100042+020212,8,5.18184090813626,1.0872948738943162,0.5985720771802162,3.9197784249998135,0.23593460853154632,0.41681765246562635,2.1408199223452336,0.7617959985930187,-2.4653725498729147,0.18220808959333115,0.1186954606827128,1.5350889456539136,0.039352577331164706,68.58721923828125,7012.051257832551,0.03266610834130286,84.86714935302734,8962.036546850126,0.015193151312519918,41.40034866333008,7465.116809657775,0.013659562354548979,18.055028915405273,4238.228238017298,-0.5466518534535973,0.06797881395815125,-0.8130559247223863,-0.6146306674117484
COSJ100042+022746,7,3.4599333348554855,0.4674148056216001,0.7708328501619788,2.426853236595285,0.2936810378147785,0.12952431125111508,0.7340593713384447,0.6284886199771614,-1.7550755682251884,0.30981462904376705,0.26204838539357317,1.1822802440795552,0.026604533557216405,0.3415276110172272,123.87670257206628,0.02178539415087675,0.6418433785438538,173.7472646376109,0.0069844433205407935,1.5632359981536865,337.47977185610216,0.006435282892628176,2.0379998683929443,429.072140981345,1.3488517020886035,1.0881452758183727,0.9815308532014566,0.26070642627023083
COSJ100043+015638,5,4.256232517837673,1.2865253951579327,0.41867184870353574,2.0778371672653124,1.8290156249278058,0.23885595313249358,1.458949992166594,0.5051917235683108,-0.6667591444742298,0.3733347148560082,0.24110725523349646,1.5484175890703007,0.025554451131003766,0.9831904172897339,260.7703866312868,0.02000823442626323,1.1172754764556885,340.0315422431158,0.00747144671467616,1.083876609802246,479.30199437914416,0.008856423213726516,1.1678876876831055,519.9105797623051,0.7491759604017771,0.6608774129794114,0.46102362457115414,0.08829854742236569
COSJ100043+022143,10,6.06618302329312,0.9501050212577852,0.8727992722882296,2.112089395868955,0.31904286782582914,0.17826889646582794,1.0607199359369637,0.5052609261381095,-1.3116486366713174,0.6642944843374518,0.16942569397203625,3.9208603415671637,0.021986350750472252,0.4750950336456299,351.25528682806,0.017725741642134432,0.5977312922477722,448.3786396963005,0.007345087721110026,0.7676706314086914,641.1395049566345,0.008465291049736276,0.7477510571479797,644.2503926061399,0.6585795556217501,0.6533241697641246,0.39352444203755543,0.005255385857625629
COSJ100043+022356,9,5.531891895882368,0.6765344008174758,0.3397010329929699,3.3786434071708538,1.2753031293311663,0.27213271029666525,1.6770680554440385,0.4960927581899783,-1.0230580489162988,1.4940701958646572,0.5306069264390482,2.815775900046197,0.03535892549516367,0.4319102466106415,196.25190549013223,0.027399228969855877,0.6046896576881409,251.1109821923501,0.009020181749272022,1.0228890180587769,418.0744654289447,0.010818350166590284,1.293404221534729,406.9783687730087,0.7918936113938573,0.8210994023624397,0.5242640499854156,-0.029205790968582567
COSJ100044+020652,13,5.356511080690529,0.6555711261563517,0.7875942229287948,1.9259358287730461,1.3836494452414803,0.18625149008562863,1.4858521413188444,0.2641812573561011,-1.0721802534715887,2.645499869090056,1.8451108702406525,1.4337891081553333,0.05365698331589209,6.254992961883545,7531.514779122255,0.05677385760621269,7.056517124176025,8723.362222548574,0.03939215002672784,3.9102041721343994,6317.994522359222,0.025322202051634806,2.0937976837158203,4069.338365096599,-0.6683963243732141,-0.19075771902141997,-0.8279002581975883,-0.47763860535179425
COSJ100044+021508,15,5.507077943278237,0.7836607893439101,0.6158951498066557,2.83238084585924,1.148266150781268,0.4644521567648141,2.3855174189213737,0.7510650866717081,-1.4962337409037754,0.6805804136682415,0.22597310568999243,3.011776165088933,0.022675466803537967,2.312624931335449,642.656727968098,0.018575119244123195,5.261470794677734,1079.4146146419498,0.007651992437957466,12.44348430633545,2165.482970586105,0.008885361247078796,6.928893089294434,1755.908461743733,1.0913070329563095,1.3189392856241553,0.528283944617797,-0.22763225266784554
COSJ100044+022404,8,3.0940493279843144,0.4836933479711457,0.5312431342178551,2.373796825089852,0.6031350476292118,0.23926828310717388,1.4460555921290206,0.496994866918208,-1.2866723513447411,0.3515989083920007,0.22217514492856225,1.582530343369656,0.03594750343594993,1.1720218658447266,221.38311559103568,0.02821035790440117,1.377317190170288,259.67089893260527,0.008870308557851522,1.4243093729019165,329.35584379557986,0.010701552395617518,1.5774966478347778,336.52498622215353,0.4546820500859645,0.43130219617280663,0.2814850843794846,0.02337985391315788
COSJ100045+014712,13,6.038248945102167,1.2388003258551121,0.6986443538154341,4.197563248448879,0.4871921383742202,0.48675993131373907,2.5523275749704917,0.7291677614419549,-2.4666202860944493,0.6145518800503158,0.3854162163399976,1.5945148491317878,0.026456919752869824,27.53497886657715,2201.7612809936613,0.022277561248909863,36.32033920288086,2992.504273739143,0.015841012098110056,33.04523849487305,5133.351204616949,0.013341098039149174,15.474228858947754,3280.242513164878,0.43283930687000033,0.919076869733106,0.09967793403557342,-0.4862375628631055
COSJ100045+015244,4,4.7228064939415155,0.6910044792725928,0.7811079600413178,2.43867640242177,0.38737923866176466,0.1439754797986902,0.972034904692643,0.4116014054721504,-1.6773801596150013,0.2925291861226924,0.10095084672323797,2.8977388067350884,0.0324359733519592,1.1456235647201538,214.31173640079305,0.025877332034466828,0.837090253829956,242.6812341793567,0.010107936987898736,0.6836228370666504,295.4615559494996,0.0110737489046322,0.505501389503479,246.2791508417431,0.15095423109719522,0.34863756376561306,0.015978631428014672,-0.19768333266841795
COSJ100045+020601,5,4.042755207631282,0.6980920301493807,0.9049835309698262,2.6175217655872194,0.38734745398163506,0.16202808732471635,1.0677570188538088,0.4287859758229029,-1.7350117912705798,0.21095975059475922,0.1329785240524861,1.586419702714509,0.023607380102316573,0.5123184323310852,132.8939104410092,0.01906710938517974,0.656045138835907,135.5001715017861,0.007185897905255553,0.7340123057365417,176.62983854976483,0.007933548792534597,0.3938352167606354,125.15293806436966,-0.06516007844512664,0.308897477788796,-0.08624698855964816,-0.3740575562339226
COSJ100045+022738,14,5.451482584844905,0.6651754777569228,0.6026751062539141,3.1977690876306086,0.4609097719910417,0.3965676658658862,2.075945755435672,0.7576756614995847,-2.120084253207889,0.21589169979443748,0.18399656567325245,1.1733463557022337,0.022231289795018955,0.6521132588386536,161.38959579094808,0.01710303085732573,1.271048903465271,341.44947215218417,0.007082502791148388,5.152696132659912,831.1184857338085,0.007228353676133305,8.402175903320312,1233.2555172017328,2.2079438328947605,1.7794685202867542,1.3943165533981743,0.42847531260800664
COSJ100046+014924,10,6.350521594325132,0.45440506798676594,0.9379484690396385,2.790033297438765,0.3356218278695402,0.28686436806516374,1.5364002347637467,0.7019092441227661,-1.8230215356990096,0.25009484175909763,0.227724672714285,1.0982334007913117,0.027141737140255074,2.929922103881836,390.64472140750877,0.021792854536967943,4.189223289489746,472.6184077714861,0.010296099409037881,16.252351760864258,626.9667990402668,0.012178772782415428,14.049690246582031,452.0620510830522,0.15854022723421626,0.5136564578677347,-0.04828145392486555,-0.3551162306335185
COSJ100046+015029,11,7.573354570109021,0.7572795925256792,0.8089154646353718,3.7390377577392546,0.31237616553731634,0.3426345874836709,1.785911233023214,0.6712203195791853,-2.2246716228570276,0.38565034982325674,0.32572254842383314,1.1839841966404028,0.028440950773192235,8.614290237426758,698.3283490294889,0.021970070911230547,10.008353233337402,941.3612160336543,0.00670963971729114,10.901630401611328,1546.400503932964,0.007800532920545067,6.1363325119018555,1114.6957335531843,0.5077416651581272,0.8631557743003231,0.18350009357340025,-0.35541410914219584
COSJ100046+020424,12,4.8484019852893185,1.2433045199731299,0.8902561936525899,3.8420666144821385,0.25655976143249887,0.3570737313437769,1.9045485206925792,0.6921776437242017,-2.3614580888397776,0.12955455314227005,0.08218262165350056,1.576422734340353,0.03826222553446723,10.153912544250488,1725.9668219749701,0.03050267863223613,14.518832206726074,2473.6984162756635,0.01558638093705554,19.83586311340332,4390.847882227972,0.015021027533098866,13.553001403808594,3465.4963306719437,0.7568325006724709,1.013789871171861,0.36604673081130734,-0.2569573704993901
COSJ100046+021906,6,5.166657849726939,0.6547042194208017,0.6181882751485034,2.249418782711736,1.7053457020052543,0.36363810809372243,1.9386296964085035,0.6321073773192568,-1.280403429588415,0.3060686436084483,0.1297452132753067,2.358997575956814,0.031153860610371897,4.84937858581543,268.98902090550655,0.023719848259202887,4.89388370513916,332.65746213793363,0.0062127446415251,3.8995754718780518,492.4279029041354,0.007656167485877041,3.7773900032043457,545.2349656563019,0.7671228625346888,0.6565202491346533,0.536466073029201,0.1106026134000353
COSJ100046+022321,3,1.6312200191655204,0.49163030628764937,0.7938031518257096,1.8250532769749783,1.778202827491056,0.18717713187589707,1.0644671245970612,0.5217773998515772,-0.9771543083540908,0.32890874713458573,0.17151134384181735,1.917708413724132,0.029817389620285743,0.9436800479888916,172.00188443766092,0.02346000096565746,1.0724636316299438,196.012002057043,0.008239207999423898,1.1376771926879883,257.00926513876766,0.010153671488397001,1.1902379989624023,294.14485492842505,0.5825701281186262,0.4360389370675184,0.44069647928814304,0.14653119105110762
COSJ100047+015023,6,5.127441125332125,2.5920771490232313,0.3631148818942809,2.5547674851283113,1.5004795330030922,0.48058684100572047,2.677293223194564,0.652758009310536,-1.1290423201678434,0.4979629829168417,0.20169794852001866,2.468854971360398,0.027284236965422485,14.083145141601562,2962.5512454492155,0.026977818077822693,21.277860641479492,4275.921132204996,0.03489768317963717,29.254348754882812,8043.201401922852,0.027416054509095386,19.89007568359375,6112.071506176144,0.786306387714691,1.0844076804595133,0.38789685068708807,-0.29810129274482206
COSJ100047+015313,6,6.121983336658207,0.6642716582596975,0.7212377687661468,2.5020089454304206,0.7571749250563617,0.16858727592058093,1.0189722885868617,0.49665316679709004,-1.5192052277305916,0.14092602695627257,0.1023809232088686,1.3764871671333498,0.026068313129025272,0.902272641658783,185.2908269054351,0.02048739747290382,1.003603458404541,210.10755437446642,0.006995116846097051,0.8561795353889465,258.0324072497451,0.007885607023059122,0.5100414752960205,184.404019945654,-0.005208837925677983,0.35955083645806357,-0.14167820840518378,-0.36475967438374146
COSJ100048+015412,5,4.3618602068984,0.06444141449147402,0.7166388205736132,1.8699510444550147,2.0,0.0,0.0,0.07760985359478993,-1.0552049042006257,2.2395555214764715,1.00054298700983,2.23834013186129,0.03431363126977836,19.172462463378906,2327.02563831279,0.02814515128020059,26.97456932067871,2992.014563252761,0.010805760885639313,44.5121955871582,5096.7531707642775,0.014738196232721108,111.9508056640625,7624.691851976328,1.2885528209350194,0.851231083904558,1.0156464837823163,0.4373217370304614
COSJ100049+014721,10,4.802818891739893,0.05186925018629726,0.7702534146595114,3.5867677085161893,1.9999999999999996,0.0,0.0,0.14644383121354015,-0.9535928010231672,0.8845021871743449,0.7777589655677891,1.1372446044754108,0.026769127270344254,40.87953567504883,4221.826808949314,0.022899555710377904,50.92293930053711,5512.3664903379395,0.01420453158373023,31.921905517578125,5742.6145090931095,0.011095762397883567,12.379354476928711,3028.5286734496476,-0.36067180886995953,0.3340231262897707,-0.6502659853878155,-0.6946949351597302
COSJ100049+014829,6,4.711735797321554,0.781383004930847,0.4023618721913614,2.6963918931485247,0.5918341282676903,0.26879329057345946,1.4960993109432685,0.5952840529264155,-1.418208200629567,0.22879038936366516,0.1358230743251142,1.684473647062493,0.03530816439178105,0.4646178185939789,165.89527069256292,0.02925994983327068,11.284584999084473,276.93540464188686,0.009613544321240675,1.9087127447128296,568.0679984024027,0.011121533309742387,3.6129531860351562,861.904946576884,1.7890634194054664,1.3364157973844337,1.2327022294325345,0.4526476220210326
COSJ100049+021945,9,6.4352619964371165,0.47541067533377246,0.8240193273950531,2.7173339543017425,0.45698945752869,0.19409585598346327,1.1031431372099731,0.660195665528526,-1.9256925621165188,0.331487685739264,0.20885216121604497,1.5871881995818085,0.02700547105634759,1.9165819883346558,215.67727730335218,0.02219957996854429,2.2676470279693604,250.37300314512038,0.008873026213640008,2.513437032699585,331.0480088056356,0.010768380034008365,2.362738609313965,368.8114811037085,0.5825000994972156,0.46521646909686487,0.4205423339770422,0.11728363040035071
COSJ100049+022656,10,5.260938909645636,1.32480706882686,0.43465568805355603,3.3039403492195567,0.3563944757646128,0.27134944629265284,1.4818850869050044,0.6281069424916966,-2.1509189210438393,0.14420039694086123,0.11366848049909678,1.2686049493026086,0.027961104914512227,1.23065185546875,400.8744923332222,0.023323834505652296,2.7808239459991455,770.0098861147671,0.008041078956434784,5.751434326171875,2032.8564848163514,0.009202261302613153,6.58165979385376,2768.4832638808,2.0980836987465805,1.762745741351944,1.3893640033858277,0.33533795739463657
COSJ100050+014728,1,0.0,2.8473477309513195,0.5132096592755795,2.76009786219888,1.5503874332435963,0.3941767033479206,2.1643873474184248,0.5886924700953439,-1.4290351142642306,,,,0.09622058972108832,77.7462387084961,16427.649520810694,0.12256192417861707,102.97547912597656,22821.336155444384,0.12355664757310238,70.28202819824219,24556.395574487746,0.06833544769575298,30.650346755981445,13558.54162888974,-0.20840612466001163,0.4364729800068787,-0.5653202231431097,-0.6448791046668901
COSJ100050+015421,5,3.9948845367983985,1.3886136203589157,0.5687836696751831,1.2849107706069443,1.8215867963285939,0.8465623082583237,4.303824173612202,0.7939341979641438,-1.0290876114533551,0.09470536569719842,0.07346317624012878,1.2891542476687283,0.03688378393911876,1239.0101318359375,12146.518084159958,0.03392362189767352,105.82319641113281,10308.94665246515,0.028323828510094764,157.96018981933594,11802.809262944385,0.018431250549723634,54.547306060791016,6378.032641375903,-0.6994126589043399,-0.031166030627655765,-0.5213188866819444,-0.6682466282766842
COSJ100050+020357,7,5.126498298059983,0.8168076928088104,0.7686804760610784,3.7466420871490476,1.10955667030672,0.29439846414743753,1.605229850619198,0.6177541877866655,-2.2854974827042405,0.634393956925012,0.39715067099104234,1.5973634271898804,0.037500062645729325,20.155834197998047,2412.8388567740094,0.03399842623027935,25.47309684753418,3471.261318243218,0.02605088768754137,15.287328720092773,5387.531787823886,0.020872371975381696,11.672477722167969,4263.133572543738,0.6180015549498976,0.8721538185653597,0.22310407844274074,-0.254152263615462
COSJ100050+022118,1,0.0,2.0624790734216845,0.39520949557059104,3.7211320789086417,0.3007996980183099,0.37773836399022437,2.0204432314540597,0.6433946055287676,-2.3082376298260643,,,,0.0730624296236824,35.524234771728516,15097.638457734138,0.08952094155044094,61.097412109375,22659.483423553407,0.07068096327831119,52.33841323852539,23084.619526345283,0.045206074162454576,26.418750762939453,16798.61569470167,0.11591118407692139,0.46103424975403146,-0.32494127526382866,-0.3451230656771101
COSJ100051+015724,7,6.4717432973024955,1.3391920493324432,0.7682906718352874,1.7783392704983427,1.5712921404975433,0.3095525873560075,1.6699392465354015,0.5773351152298618,-0.9186301618174059,0.4401690044834628,0.22283157434985235,1.975343959973931,0.03345460568040038,32.33272171020508,1263.7659024063805,0.02612802606747357,2.7400169372558594,1491.246514309003,0.009590127833737049,4.490947246551514,2371.4051886836533,0.011142095859890289,6.344217777252197,1847.018070959275,0.4120112775591995,0.6833478306621854,0.23230425747777106,-0.2713365531029858
COSJ100051+023219,10,5.995922884855723,0.7248581706750773,0.7469773740276209,3.219849829094716,0.30328575491721743,0.20714694832437894,1.210500160823987,0.5540413647988625,-1.9820783300277125,0.16761471981920023,0.08918564187157683,1.8793913044944792,0.06981723657234563,3.415055513381958,7592.553535653029,0.07738952471740435,6.913891792297363,10111.131911633536,0.1419139028102289,18.01642608642578,9962.193096145988,0.08235330209434401,12.979907035827637,6674.162133648992,-0.1399777754898186,0.2949177312975467,-0.4510075591539915,-0.4348955067873653
COSJ100052+014856,12,5.426575716389787,1.0017745496107269,0.6374054201429669,4.173079278241224,0.13410643811846792,0.49873082426722026,2.5397261075550865,0.7965262665653475,-2.5329043127456154,0.48224400909475584,0.41510397996557774,1.1617426774244508,0.03788994607817966,485.9022521972656,12681.418584073544,0.03388655566198749,744.76953125,17279.277143476567,0.018337034639539913,106.69145202636719,11981.502347056521,0.01396715373016999,32.3895378112793,6689.17482044514,-0.6944882288017407,-0.06164140167856721,-1.0303825601344443,-0.6328468271231735
COSJ100053+020042,11,5.278879323322659,1.2100637801228138,0.9120906695479057,4.0522572322295405,0.9830144811061293,0.430095270851848,2.2613404011778293,0.7135159448493,-2.4165594310282015,0.28272665353313153,0.15554778019937085,1.817619339670108,0.03248912900470793,11.414822578430176,1432.07495759833,0.027112394284374404,18.73996353149414,2109.8457411845984,0.015707650500353602,21.039880752563477,4222.918845694512,0.015857199512140523,36.32248306274414,4538.947436576527,1.2524735075587068,1.1741174625650534,0.8317611246689155,0.07835604499365349
COSJ100054+014602,14,4.992995832202698,1.1117466156538927,0.5146858507706473,3.770802949952847,1.0046136794791185,0.6299181097889165,3.2228757209100394,0.807254609827203,-2.1975260473279614,0.15704087842817904,0.08279021934165252,1.8968530301884383,0.0348374127355463,30.68800926208496,3507.637957184601,0.02930140833742179,64.64274597167969,5568.667707732321,0.015430347558716629,104.14119720458984,8428.226197634824,0.01468376429772879,79.01103210449219,7080.074406525295,0.7625576519486028,0.9518035541875653,0.2607162957419663,-0.18924590223896257
COSJ100054+014936,4,2.9633246572145193,0.36354645868486735,0.8220638199652996,3.4055711400195827,0.24604940259697886,0.5785730161063255,2.9734356974517,0.800376690434266,-2.15192362502087,0.253266933028809,0.13769933556092037,1.8392749100576427,0.024782430089540952,13.54851245880127,183.94602642557948,0.01921612899173242,22.038652420043945,298.36975725838056,0.006519891965890188,10.400917053222656,383.98155819873955,0.007895353673989474,9.008246421813965,493.44615395367873,1.0713733940376908,0.7990498898555556,0.5462124183799377,0.27232350418213513
COSJ100054+015225,7,3.995902304322635,0.6092239367002028,0.6796202000122178,3.76756220665617,0.4142531338355365,0.4243922161740029,2.1980092752729194,0.7647466958681414,-2.3668987853378916,0.14470020457149232,0.09768132991159949,1.4813496571191689,0.03159613240388541,14.97374439239502,889.6307875362472,0.02526486273501769,28.427574157714844,1326.0831418081798,0.011064669894476808,26.926050186157227,1830.6531228674576,0.011719114050427406,9.188735008239746,1027.1862016780433,0.15609843165837986,0.7834906415738198,-0.27730394293618277,-0.62739220991544
COSJ100055+021413,8,4.84390262628471,0.5884622220887219,0.7340937851073848,2.2083481335138138,0.23359795936829073,0.16311713457130103,1.0215933500626615,0.48412123610029295,-1.195950523886818,0.16074562554905708,0.14597584587230794,1.101179613575721,0.02201022032604076,5.854445934295654,239.54939867360372,0.01761193321729568,6.781888961791992,258.3972680441766,0.00639262014181644,1.179413080215454,151.3982928681653,0.00761625487983377,0.40860703587532043,90.8469143261973,-1.0527122605220074,-0.49818526705979754,-1.1349443422004484,-0.5545269934622098
COSJ100055+022022,5,3.1764918234508843,0.5720732181404609,0.861399332636522,3.7390907278292147,0.3250078735998006,0.3958259426835599,2.0493853970048903,0.741846083430274,-2.273954895990539,0.25319138859671836,0.16942470070022794,1.494418390885655,0.022368824324284442,13.031159400939941,538.1293026628517,0.018030685994768092,15.770419120788574,717.4750617497548,0.007002602105917116,11.811701774597168,1160.7932035223548,0.008257582065145768,6.760038375854492,926.326475654485,0.5896935892367452,0.8346705384422926,0.2773931666000083,-0.24497694920554727
COSJ100055+022059,5,4.02488486139087,0.33073366571015295,0.6969513085050775,2.993473202746001,0.7521112103370442,0.22511043028518182,1.253797550546573,0.6491641682238712,-1.9595745430641467,0.26168541755894553,0.21993456944501066,1.18983304088707,0.02253485720739329,3.160066843032837,195.45318023375148,0.018137405178598576,2.9882607460021973,227.8136970836349,0.007052720641504238,1.8257116079330444,233.3113928269886,0.008426651497076096,1.3585577011108398,180.52939751842996,-0.08623702120759805,0.19223301269407,-0.25257974823109297,-0.27847003390166797
COSJ100057+015056,9,5.474237072871987,0.8598636904026,0.7859245914191074,2.3856167616727615,0.44898892602239904,0.15875774863302874,1.0697429310212567,0.37481352149450226,-1.66305501035305,0.3084505106369756,0.2745316603285051,1.1235516889668868,0.031259606776293525,0.38043212890625,163.14734699057513,0.02462924421733949,0.4368910789489746,226.93171349933982,0.00867175901490109,0.5743091702461243,276.5459445809538,0.010358973007932228,0.4410633146762848,234.93929260058485,0.3959391020790098,0.5729681954795278,0.037651160950556165,-0.17702909340051795
COSJ100057+020245,10,6.36007082516587,0.65276316586107,0.7641645428917866,2.5229513566353505,0.5431642969939744,0.16685603572952765,1.006567668222119,0.47405314712582863,-1.739548774236605,0.5020584465000794,0.4433830459191367,1.1323356883421378,0.022484178284171454,1.6992599964141846,231.31991310978447,0.017570033732619773,1.791528582572937,284.2943310354967,0.006136861201097263,1.2904887199401855,340.6077863434766,0.007336156377741498,1.119781732559204,350.9249428224175,0.4525030433102933,0.4201038781913756,0.22861509521204887,0.03239916511891764
COSJ100057+021443,6,3.821022405509907,0.5175050134412514,0.9206398097249135,3.815885892336274,0.8461232003311017,1.0423510497493786,5.266819685081337,0.8939336687537512,-2.633056987334787,0.11617778682016672,0.04141768145953578,2.8050287395654925,0.023896041607784503,447.7056884765625,3991.0807865400757,0.019407365190016592,646.8363647460938,5079.914153927188,0.007775853318855701,99.65245819091797,2760.641012854234,0.008546369789307107,41.985599517822266,1982.1986078051682,-0.7598583799673193,-0.40020145766389115,-1.0217730159418021,-0.3596569223034282
COSJ100057+021924,4,4.459073514347726,0.709801198826115,0.7998930539593112,1.7852150849723838,1.2320773952468156,0.21809902815893897,1.5764976788039782,0.2816526487134523,-0.8609866554859896,0.4583402389988646,0.1849262744258899,2.478502529842219,0.03366678750773129,0.5822926163673401,369.6728227860367,0.027993457557447244,0.8758772611618042,449.4682993743445,0.009960778550400905,0.34273725748062134,501.26458214514423,0.011590071023889561,0.2228544056415558,340.75816162122646,-0.08842814292916722,0.3306237400070928,-0.3006320003647645,-0.4190518829362599
COSJ100058+015400,6,4.240003166518511,0.12754631472725939,0.46321948235868965,2.446724968169796,2.0000000000000004,0.0,0.0,0.06494783801147298,-0.873978869829262,1.9479185461710948,0.8691129438636211,2.2412720463138758,0.032251914553777926,202.734130859375,2082.0634185029667,0.026237750515337225,135.02090454101562,2432.400213696318,0.012240846702777614,56.458412170410156,3709.3322481843643,0.014791149700124276,73.50283813476562,5827.131324390881,1.1174021300614871,0.6270044536677588,0.9485494321892439,0.49039767639372844
COSJ100058+022721,4,4.328106652255757,0.7030648085261288,0.730979710176735,2.00074515016395,1.3640128179258635,0.163715438867811,1.0360153830135324,0.39968655387129404,-0.9961796817542149,0.34597279152995136,0.30728970772133624,1.125884736249268,0.020837937487986662,0.7738918662071228,174.11800206432054,0.020437011006150203,0.46379777789115906,167.41582955061313,0.005280011070426381,0.34192827343940735,191.16050483190338,0.007522390812165141,0.22732499241828918,144.1563689254108,-0.205024601461836,0.10138623403600729,-0.16240671141819138,-0.30641083549784326
COSJ100059+020519,8,5.516604297216826,0.7651922839875667,0.6175661138542756,4.050870558503501,0.35416968595201764,0.36820221618935284,2.0162667807721104,0.6395279061922976,-2.476835101528856,0.3656374663000906,0.22347061337921784,1.6361769485978146,0.023142838888056582,4.55963659286499,245.4802559555137,0.018704335145076207,6.251272201538086,322.03977897736513,0.007106670560057437,4.7968292236328125,490.1296554694418,0.008167760045153427,3.4067392349243164,459.23274841504826,0.6800407077344541,0.7507360325273499,0.3853083265695737,-0.07069532479289584
COSJ100100+015653,11,4.640410789836854,1.1579058238434363,0.9012858383903332,3.5736029349512495,0.8349375745791184,0.351167252847083,1.8312431126737765,0.6603505561509105,-2.015573539859392,0.26653323175655796,0.1564613454264388,1.7035084993684277,0.03914944305006766,15.997966766357422,1791.2354745405446,0.03141492872749982,21.272310256958008,2657.8034285096337,0.01227328575376167,24.91352653503418,4969.131271156948,0.013390399193172501,19.15637969970703,4974.125091095746,1.1089100530509706,1.1078194703754494,0.6804846138706687,0.0010905826755212783
COSJ100101+020120,7,5.930702725805436,0.9948142513134,0.9735300126465621,2.4464053489491784,0.3490622916767881,0.16503162019058415,1.0197707905740727,0.41463591913657133,-1.5266442607776274,0.5643636419578703,0.21949622962943094,2.5711769305134258,0.028542539177632893,0.5169491171836853,247.61244961974177,0.021874210615897796,0.6202888488769531,313.20861086520927,0.006123922835975244,0.7194337844848633,400.7262171644252,0.00733284626154738,0.7418517470359802,423.28119913773844,0.5821412555656704,0.5226882001594698,0.32698821375949827,0.05945305540620059
COSJ100101+020230,10,5.811564403037657,0.6798870360834559,0.582671471337929,3.0866563769376913,0.5294422750878144,0.2287301580249869,1.299874957921168,0.5761322407669212,-1.8014534850214656,0.284531201089305,0.21126895847760743,1.3467723944853105,0.02527461529861666,1.8644849061965942,324.2799601863844,0.01987446265902878,2.095942974090576,411.49328956361023,0.006489036504954866,2.303615093231201,516.2729224635405,0.007803800372744949,2.306586265563965,541.5580643821813,0.5568122907647781,0.5048980917434678,0.29820567497946315,0.051914199021310385
COSJ100101+020814,16,4.7494310744313575,1.1588992139369367,0.68129008755477,4.267166776981041,0.16236294741612098,0.41626277834851455,2.1881289074765955,0.69858785128813,-2.595915965753746,0.1875339597195433,0.07982923460346777,2.349188998880829,0.0271252146605323,15.920653343200684,1335.8579268011817,0.021303417878438598,23.458847045898438,1899.925709440648,0.010104214763132818,20.371667861938477,2918.880220227409,0.0087972212151507,7.877743244171143,1544.1278320774436,0.15730744779804437,0.8486400042719726,-0.22513342153211893,-0.6913325564739283
COSJ100101+021108,4,3.306113439798902,1.0364332890690349,0.549292082803873,3.3550070600202,0.9697811437148552,0.40374048723734574,2.086214680704114,0.7384157651363527,-1.8282699053589524,0.4510853395537585,0.32249780947089135,1.3987237317792494,0.026101103170704548,5.8766584396362305,995.5324168853222,0.020342666979394613,9.96519660949707,1585.4689171237528,0.00893196131663356,12.872467041015625,3473.6532801978756,0.010671840740917144,13.051161766052246,4226.601021890063,1.5698396186404069,1.3568276532152699,1.0645838038344082,0.21301196542513692
COSJ100101+021819,4,4.174328844067673,0.5140678841326768,0.7449825708632958,2.832981971030339,1.9999999999999996,0.1746757774477211,1.074959251595522,0.5239129759332927,-1.8543595187380773,0.25339563430169626,0.18533364996994914,1.3672402952339362,0.03553397160779952,0.6195397973060608,162.05056527046327,0.027400825080686333,0.9785091876983643,198.00425525525498,0.009021852412286525,1.204304575920105,234.67582710642637,0.010722245935252464,1.3527690172195435,250.15994751713515,0.47141806707249134,0.4020445172590106,0.25385813363860316,0.06937354981348083
COSJ100101+023258,4,3.3390534188872865,0.7610693085317493,0.5684944235495526,2.393780478155511,0.3525563447633131,0.1397551723581083,0.9735845129032766,0.3691097416891873,-1.656075028940507,0.2008175009063474,0.14020691554969555,1.4322938359996142,0.02348781752479594,0.38144803047180176,158.17223584101066,0.015861132458419178,0.38573122024536133,194.0830631266217,0.007347605294314661,0.548292875289917,288.0026180417044,0.006348030718951096,0.4832112193107605,280.8007192527657,0.6231699056177402,0.6506654550812729,0.4010264450577473,-0.027495549463532568
COSJ100103+014547,9,5.441908883762499,0.8179911878601944,0.6849577116014149,3.84613971730342,0.4345525372088024,0.36296576995596225,1.9669738717123284,0.6608562726430612,-2.2476829678763353,0.33194952785108806,0.18679773621533866,1.7770532693630707,0.02870118562655089,6.697473526000977,467.09325690744527,0.02268543415474537,8.193224906921387,629.8225921006706,0.007835039567871226,7.167199611663818,943.2828096925223,0.00867978098162083,3.052872896194458,579.005555090931,0.23319783179847373,0.7630958055782213,-0.09133876130445054,-0.5298979737797476
COSJ100103+014614,7,4.79112708779727,1.2240228331240015,0.7272758947829943,2.8179882522700828,1.4275996999176437,0.20920139768600224,1.276152924690838,0.4931421250152473,-1.833082790120059,0.8708996360639565,0.6900992694704848,1.2619918243533286,0.024566667077177157,5.28607702255249,1264.0692145435096,0.01995955506587044,6.520280838012695,1500.9449030902706,0.008919951538980706,8.214402198791504,2133.747780910111,0.009494714200111488,5.360278129577637,1438.3916202624569,0.14026572439085827,0.5684305697939286,-0.046219015230054006,-0.4281648454030703
COSJ100103+015121,8,6.776428306036006,0.628673672102251,0.7763672480971817,2.6976630951493634,0.4232102322796563,0.21423026596338982,1.213610550921858,0.6339438880128727,-1.862614756920451,0.569258324145062,0.33866581592969064,1.6808851007957766,0.0350738932569036,3.1749918460845947,438.5209119680694,0.028181033640072017,6.0432209968566895,733.2153792399549,0.011000169578712606,10.389413833618164,1576.4364987728186,0.012137034156049822,8.175359725952148,1536.73173060696,1.3615193752737287,1.389215431967328,0.8034162324625305,-0.027696056693599307
COSJ100103+015207,6,4.050864738759429,1.1579070686851312,0.8630877459172581,4.289633541005325,0.1960237145537549,0.44092512068176093,2.2883476773500804,0.7172899030587762,-2.5753966007841074,0.11234889756766307,0.09204303260748911,1.2206127328156045,0.02934862862033986,28.937881469726562,2789.1820176745205,0.026479987268146106,39.68723678588867,4095.353516542784,0.01811023689801601,33.88108444213867,6085.368962307461,0.012544017620172388,14.005667686462402,3236.1569220330566,0.16138178980776297,0.8470251463057532,-0.25565456028885036,-0.6856433564979901
COSJ100103+015747,8,5.086086224101316,1.6739263425903759,0.5280605380595303,3.722965297078091,1.2035331127982554,0.49607705137591224,2.618082857616916,0.6615371221240663,-1.608209443063442,0.13182202253521377,0.0878996161130784,1.499688262183437,0.04163389271635011,27.10222053527832,2928.100325488256,0.03661814880297414,38.53402328491211,4364.915294957871,0.02837380406550276,44.73491287231445,8104.481918931007,0.023754437536742085,24.880874633789062,6095.833717355505,0.7961178972550182,1.105348262038571,0.36264322879590666,-0.3092303647835528
COSJ100103+015816,7,4.69948069930072,2.7923303281469893,0.25429601963046433,2.083425257017123,1.7109654923065856,0.522887387107402,2.7523313008661976,0.6800664214306902,-0.7218868519281354,0.10286756285924377,0.08672397335949925,1.1861490989674108,0.02672970204267189,11.71212387084961,1977.2465502974114,0.02285112947968808,18.867021560668945,2889.201305212362,0.014113766712235343,25.37320327758789,5810.796446260996,0.012950787088215211,16.55158805847168,4608.1868754962925,0.9186731404686133,1.170437089385911,0.5068807007609142,-0.2517639489172977
COSJ100103+020159,10,3.9775620119754254,0.8779141094129697,0.6175983987539805,3.713061388410213,1.2205692388892577,0.45141461241168157,2.362871800525029,0.6927360290723892,-1.8887738069893008,0.32674833804261655,0.20868674912643598,1.5657359147640524,0.02609549242887828,9.118707656860352,533.0449441393412,0.02012572365811032,12.6116304397583,824.8246769914335,0.006991827736607111,11.365155220031738,1477.5727458542096,0.008390408118718544,8.212421417236328,1705.0462502080773,1.26243083864228,1.1069626084276918,0.7884362957616208,0.15546823021458822
COSJ100103+020433,2,0.5760040877591087,0.6050431000266794,0.4708635547908007,3.4058851873471534,0.9621124614484226,0.32818679483886165,1.830325563552883,0.6107699176292524,-2.006358934327924,0.09623378181442341,0.045783959492333715,2.101910426304157,0.028285985502252232,2.580386161804199,300.83539948235557,0.02319464330810718,2.92592453956604,337.2095730722431,0.007447361751188316,2.0443320274353027,318.79003612318775,0.008029120799480068,1.226729154586792,245.3179893789511,-0.22149885514429354,0.06293950078603716,-0.3454262469757969,-0.28443835593033073
COSJ100103+021610,4,3.378930073005956,0.6093834901596648,0.533881140572157,3.244703042644449,0.117914513855703,0.38985838759527425,2.0173101750162847,0.7475756488867327,-2.06855484424922,1.1574668980633298,0.3308304412146881,3.4986710830283205,0.03316946113364517,4.683413028717041,823.921790298743,0.02571246932404474,9.525289535522461,1294.813224682688,0.009458469654650841,12.053973197937012,2319.3722408646718,0.011466148397227973,6.32750129699707,2116.772813414689,1.0244706505997851,1.123711165595445,0.533667806500627,-0.09924051499565978
COSJ100104+015032,4,4.232895199245589,0.7229921774199355,0.6462550469027123,3.173722800108048,0.42628671896081044,0.4062649600105143,2.111984921196061,0.7042849550134863,-1.9273873299347017,0.188881062540829,0.11081688661764369,1.7044429626734916,0.03748254910342694,4.296335220336914,1414.1750788494046,0.029108660533046414,6.182902812957764,1981.6998159519644,0.009760676008807966,9.515872955322266,2671.4620520531316,0.010876233191514418,5.593357086181641,1716.9442214494193,0.2106325168798131,0.6906145744266043,-0.1557042065649283,-0.4799820575467912
COSJ100104+015548,11,5.587586849184348,0.7693871780479783,0.7847740501801532,2.9092812862651534,0.6295924290711753,0.2288703865013363,1.3752182233572288,0.49938483395978717,-1.6742257000516778,0.3083161625402278,0.24954571030394948,1.2355097675880513,0.027829307374416936,1.2158583402633667,330.27919152307845,0.021788747187132012,1.1758110523223877,356.81780620836435,0.006396496248657029,1.0479615926742554,410.3037039452465,0.007666631494219285,0.5850545167922974,303.09447188524064,-0.09325799363601855,0.2355605616723654,-0.17717125844342113,-0.3288185553083839
COSJ100104+015631,4,4.679193409165557,0.787938005016509,0.9214563368680297,2.102128379579887,0.44627738719730564,0.14279073565089334,0.9238874329442782,0.41323651967896374,-1.4687214100041466,2.0789110443863343,0.8375066281698915,2.4822621988427045,0.036123166101890127,3.0021207332611084,841.8369622907943,0.028637252806658447,4.305611610412598,1136.3536735335429,0.010440105706165293,5.559517860412598,1911.5668082966295,0.012456955905189127,3.329256772994995,1555.9262518572505,0.6669025452041742,0.89040372680342,0.34118872026653374,-0.22350118159924562
COSJ100105+015027,1,0.0,2.5442896989943087,0.5623596360002701,3.3336814775194257,1.6428553113850222,0.5204390104387893,2.770027024485496,0.6654606664707988,-0.9739854468240845,,,,0.10918609192691903,147.13206481933594,23123.151561256498,0.13418227077062914,204.3345947265625,30737.80453503877,0.11497899049476963,97.75263214111328,26798.768654063344,0.06580989066157998,42.78494644165039,14804.808256926015,-0.4841105968702058,0.160169534503537,-0.7931751437655785,-0.6442801313737428
COSJ100105+020959,4,3.0450636098189734,0.5596548876874242,0.6054758606176367,2.981838669414506,0.8141210766292885,0.3293884848158973,1.7448627779949093,0.6559290682513276,-1.7280416735294875,0.17403732662593163,0.13150980159453937,1.323379128519331,0.022982313262658923,2.566117525100708,289.25572303673107,0.017931533813598882,2.790846824645996,310.49720170808723,0.0065598898578911845,2.8077828884124756,407.70972856423714,0.007959749124246513,1.4957616329193115,279.92107853842754,-0.03561589393760867,0.37267278524594305,-0.11255521930572446,-0.40828867918355166
COSJ100106+014743,7,4.969212978462566,0.6009950880384329,0.675208074348729,2.7432019796798817,0.15981364178510052,0.20656229177239227,1.1679131372212521,0.6166781875019788,-1.8360993506613916,0.28593358151512327,0.1412473354251619,2.02434672947598,0.04200955372058555,1.613852620124817,408.1826864163959,0.03401324485797705,621.388671875,1839.9339785693755,0.008836656993713575,2.1200592517852783,531.4195404115599,0.010381881267239193,1.0846816301345825,328.5098384930752,-0.23576549727479362,0.28645734961905656,-1.8706346475125193,-0.5222228468938503
COSJ100106+015025,10,6.133022286657618,1.4984474823190455,0.8260112809837098,3.6155719965112008,0.8987137482930625,0.3843847801893523,2.0450745659915004,0.6566815261801432,-1.9819928131287068,0.11871662336071853,0.07378771855107938,1.608894077386838,0.034116518007519005,29.11073112487793,3527.556806180146,0.029100037459459202,36.9200553894043,4580.2763199781475,0.018429982475433346,24.93960952758789,4972.576347026043,0.01391495047141729,12.996199607849121,2890.175675757695,-0.21637443638080195,0.37276860918377647,-0.49991859350155177,-0.5891430455645785
COSJ100106+015848,5,5.18341573672926,0.5857105071841558,0.9080639550964558,2.4220527436307075,0.48305475139609405,0.18181892885183404,1.0977075541659933,0.5539503305577225,-1.5575278453198178,0.20014678760794768,0.09322990687831069,2.1468088332340756,0.026220815724664847,10.838079452514648,600.6043021079304,0.020989487230794104,14.140917778015137,795.7128549893941,0.0070507105973131555,14.800837516784668,1274.8386970163847,0.008004413467577942,7.576306343078613,907.806154904571,0.44851171053189265,0.8171669976440277,0.1430918716067245,-0.36865528711213513
COSJ100107+022736,5,5.220880251328742,1.3341140349357508,0.6445725460733701,2.596351166077448,0.26262560596560897,0.3392117643478732,1.765279493015261,0.7424821611427608,-1.7048500384302359,0.2314119243388093,0.12805630396670115,1.807110756523037,0.04191716321776496,14.995389938354492,9942.416969282871,0.03591139310137072,17.648780822753906,11636.1489588275,0.0170718017903274,9.608577728271484,8073.518730853684,0.015342078913423242,5.016085147857666,5315.559657026897,-0.6798574404219048,-0.2260727890466665,-0.8506506888501341,-0.4537846513752383
COSJ100108+014922,4,3.744339521321967,0.771021958140185,0.5361904504296728,2.9364301722070074,0.8469889233125991,0.2982358541630593,1.7574224966246834,0.5790769440132378,-1.801313405424506,0.12540204894302576,0.10529021758465015,1.1910132946795964,0.02712859215720423,2.1642441749572754,411.7921540467996,0.021502712830828635,2.875723361968994,461.5720859384073,0.0064669289655724885,2.1923580169677734,561.4608723593119,0.007620339853903072,1.457750678062439,528.1503968530305,0.27019885697243307,0.33660357110494377,0.14629518483314927,-0.06640471413251063
COSJ100108+021907,5,4.1417176051727145,0.579910131427258,0.8109012319427057,2.541314667833745,0.5720165225094026,0.2048133719090926,1.1698871386345966,0.5421843039343749,-1.5207782900666083,0.20221923886216306,0.19120670582390162,1.057594910130421,0.023619321385924926,0.9770526885986328,146.96992519740616,0.018988191202666812,1.1506447792053223,176.43468609238562,0.0066818450409011345,1.1918951272964478,243.32810409218655,0.007784151612954851,1.0607285499572754,248.18501840205863,0.5688677219775535,0.5474094979073117,0.37047898205404173,0.021458224070241876
COSJ100109+015436,10,3.848234714940599,1.1670522181688954,0.5783681432878292,3.728381340698146,0.14649026205878252,0.45581449761739956,2.344323433615047,0.7848013792018622,-2.432266202784318,0.1722736561491907,0.10160767055811866,1.6954788472456097,0.03653637255302868,48.101539611816406,6473.5761679074,0.030240720909397476,64.66500854492188,8349.272465682825,0.014700395794073107,36.367515563964844,7367.3828596025705,0.011860363524464295,18.860132217407227,5552.416588134598,-0.16665554809242697,0.14042244272268833,-0.4429164769785246,-0.3070779908151152
COSJ100109+015549,5,3.3005278060458836,1.2478491689625306,0.7870106490266986,2.883028460279753,1.1004102224315686,0.19751570626646733,1.2558407048996028,0.5369327707083799,-1.8204812812860138,0.24041545510386808,0.19619346555528186,1.225399910355963,0.03661921498998972,1.6349462270736694,530.0113959319569,0.028596268381317885,2.1717746257781982,686.6315139740709,0.00912451015869954,2.3816444873809814,1013.8993349912344,0.010702031142262482,1.091404676437378,593.0365602971433,0.12199065137767341,0.7042740765223809,-0.1591056599788274,-0.5822834251447075
COSJ100109+020148,3,4.047438702994733,0.7671219498816031,0.8007758341015698,2.2966979081559193,0.4737253864298941,0.13643336827504923,0.9192170997270251,0.3996594043656412,-1.6850222863684619,0.5904316384488856,0.34140688257600266,1.7294075444347434,0.031478549812935956,509.8833312988281,4130.904777065715,0.024369711570774447,516.3118896484375,4566.369862954996,0.008259929566587314,88.37498474121094,2437.5784366468433,0.009430157582678135,33.38457489013672,1672.3622928917348,-0.981787042897197,-0.5727164616254443,-1.0906017958410983,-0.4090705812717524
COSJ100109+020536,6,4.780706913701753,0.9035636129675588,0.6904413441874899,2.9261496323315157,0.47068039807496764,0.1958439115165158,1.1021371393451107,0.5373152374774312,-1.9700853933341362,0.6980970365596247,0.5012661335284148,1.3926674671710142,0.02598775333987941,3.0635719299316406,1046.5020426115525,0.02108573743050751,3.5995981693267822,1175.5746145870507,0.008814825546678938,2.550539255142212,1119.7686815201564,0.010295294511399954,1.2977948188781738,813.5915765581449,-0.27333409209953596,0.07347059080706578,-0.39960938953651165,-0.3468046829066017
COSJ100110+015415,8,4.259146326347571,0.7509507468367196,0.7279002448216221,3.6983900579101174,1.178941283167896,0.4407039848154391,2.26306256195674,0.7436018549711176,-2.1549173296445066,0.21025198239308318,0.1426460149695716,1.473942208886332,0.029231233853764683,16.47636604309082,1264.3595722239897,0.02276112088420781,23.18539810180664,1738.3070144995982,0.008304440845641099,17.886857986450195,2297.148946493573,0.009489854618011493,7.10017204284668,1268.3998629746202,0.0034639639325349464,0.6482963869381666,-0.34217574054948285,-0.6448324230056318
COSJ100110+020400,8,6.132293013477717,0.6434401020405078,0.8243612571128688,2.6150665231032333,0.3816232934153242,0.1342989379054945,0.850911529163047,0.5059103719041431,-1.8540289851997362,0.455181344167063,0.4306281695791114,1.0570171120295022,0.022726267512847183,1.434511661529541,422.29220549927413,0.01827250139207037,2.1629884243011475,521.4022612742076,0.007277483522325574,3.533629894256592,746.1361907736682,0.008056278987176025,1.9095368385314941,502.27045115810324,0.1883114091680495,0.618012600405309,-0.0405882029998068,-0.4297011912372596
COSJ100110+022157,8,5.932466131307586,1.3195847891931711,0.2697361874429987,1.0753829295978772,2.0000000000000004,0.26590232957648163,1.5702134074369487,0.560223999968327,-0.8558655475115919,0.580649338890251,0.32083165332086305,1.8098255981916624,0.023264347274444614,0.8913856744766235,343.5609725059131,0.018317183176022968,1.162218689918518,427.22615049641354,0.006530441955981694,1.432729721069336,647.4953433228075,0.007899869527543072,1.5948631763458252,732.0471472789795,0.821338072882952,0.6880820649472781,0.5847030614584463,0.13325600793567388
COSJ100110+023301,5,3.5812632127043798,0.4362112715076052,0.8673337716726598,2.534266232899472,0.37096044760828395,0.16082869880153589,0.9243051280177629,0.5526648629145497,-1.6259064592268584,0.34275005944852166,0.2878727745665196,1.1906303399640226,0.03299420975870768,350.4791259765625,2515.5186195108163,0.02649905889775737,203.65602111816406,2522.7387985217047,0.010845126310645157,65.46955108642578,1726.955327894888,0.012087409765543278,19.572975158691406,1255.5111199576713,-0.7545174317087345,-0.40836608170384453,-0.7576293072930768,-0.3461513500048902
COSJ100111+020157,3,2.7955923126252773,0.838841776485338,0.33048371752718125,2.8168074656515674,0.40981615592591597,0.2494088887641085,1.4391687418964418,0.5087588762595061,-1.631436360773861,0.07945334544797066,0.04804965487429309,1.6535674534153368,0.037438082974075484,157.34266662597656,1810.298619117113,0.02952697294097689,214.2279052734375,2525.75650513052,0.009974414895223847,26.229782104492188,2953.9566074216855,0.01121824041337458,10.102585792541504,2338.9069744525477,0.2781568219559302,0.5316347281293251,-0.08344632818699814,-0.2534779061733949
COSJ100111+022230,7,4.379811159801195,2.641417472685738,0.20606499975304943,3.1899786301255686,1.6788863643607328,0.6527742292150591,3.4593453987848135,0.7127789679851856,-1.0532547459417307,0.21294769540360328,0.06187204223202188,3.441743438903204,0.025155290784991607,8.900508880615234,2062.4895006634615,0.02170812688284194,15.282065391540527,2846.1409270353324,0.01429131461564173,21.87431526184082,4787.918819865212,0.012061636000103399,12.414752960205078,3129.0259493938647,0.4525435460398183,0.9143875796086266,0.10288191097560963,-0.46184403356880843
COSJ100111+022233,6,6.697365580390211,0.5048699839582773,0.8195477018816153,3.682106336273523,0.37575254354784143,0.353548339853465,1.874426219171984,0.7000409609546384,-2.2787632076423296,0.7624145892847752,0.6245143997909859,1.2208118652507327,0.026265769737858324,8.900508880615234,1777.6788696250114,0.02143760679812583,15.282065391540527,2492.146316948858,0.010457316600743947,21.87431526184082,4168.519879491068,0.009692560925440909,12.414752960205078,2618.61613938096,0.4205463250995825,0.9253214169042747,0.05374575888374648,-0.5047750918046924
COSJ100112+022310,7,3.4523546778733056,0.7981600832237481,0.589259662159538,2.69741610416545,0.34156982071632896,0.1803312282611392,1.1168847665799408,0.526348760322976,-1.684185638991097,0.2393348045174609,0.15965609926479007,1.4990645870692574,0.02890839099977675,0.2863891124725342,60.475313782007106,0.02337778162738315,0.38263624906539917,115.0310980682716,0.007915294070234297,0.6297234296798706,273.8026290060443,0.009640029245366319,1.9082032442092896,599.902489772292,2.491256334931927,1.6396487085518556,1.7931634971883357,0.8516076263800711
COSJ100112+023057,2,1.7865187809368166,0.8179197855114076,0.5604444660220589,2.774722491447343,0.30295059467710367,0.14422997359779768,0.8713347583193763,0.5157373056798472,-1.9094121906840207,0.0950165727802534,0.09097680776403794,1.0444043390343305,0.026047189990649686,2.0796127319335938,673.4094805438681,0.021157916916512236,2.179856777191162,747.2801094949227,0.008942237172819412,1.3488402366638184,594.1294539335868,0.010154539553518348,0.6465486288070679,369.0587432493112,-0.6529593194097615,-0.1359953581058877,-0.7659698104838084,-0.5169639613038738
COSJ100113+020313,6,4.230732923866528,0.5144260091209565,0.8349471511577496,3.320420757004674,0.31105858552834376,0.28965544944196187,1.52721920716286,0.69792537021009,-2.1424212153053737,0.24132098795639106,0.22079329478107548,1.0929724482605756,0.02676910538908218,9.663592338562012,1193.563243416632,0.02212579370272723,14.444503784179688,1720.0642694894548,0.011788976194907529,15.192903518676758,2830.4648051075637,0.011086225048594555,8.824018478393555,2205.363987083838,0.6665871061427844,0.9375308078897586,0.269839009891281,-0.2709437017469743
COSJ100113+020321,2,1.8421930533208353,1.1748681751194177,0.8448086738472471,2.0850503536402623,1.4921406415417353,0.24242888994200146,1.6793720572848765,0.3970588265201361,-0.6773764228558893,0.3920781488382251,0.2357600725104732,1.663038803234198,0.028187320030588922,909.5512084960938,6506.178536785989,0.023036031566522563,840.8860473632812,7097.4034918681755,0.008480299285474047,141.36529541015625,3915.62210750948,0.00893034040634792,47.77583312988281,2420.6174283389573,-1.0734995519227568,-0.5513130119372973,-1.1679333499539175,-0.5221865399854595
COSJ100113+022534,6,3.8365941076276515,0.5630516805401751,0.6851764324430106,3.1534399563435036,0.22407800501695488,0.20391039376340395,1.1411754782553387,0.6194950202794716,-2.0528318048586653,0.13429290795816273,0.05259780858748016,2.553203480612849,0.022763484801436935,0.6278811097145081,117.29848488355947,0.018278305953419876,1.400868535041809,176.56491855364038,0.006901555028513715,2.42862606048584,312.2605937476037,0.008018088691703134,2.8233423233032227,420.8409034767974,1.3870638545390788,1.063061946723495,0.9430338146592387,0.3240019078155834
COSJ100114+020211,2,3.08817965856026,1.0417529554546014,0.8271791245924608,3.0576764010074515,1.623983605644871,0.540096674961992,2.7928863184079624,0.7366433185775222,-1.6904171290949686,0.06643369027859912,0.04399305598624998,1.5100949181471492,0.033802821700049675,34.1724853515625,4230.24974536384,0.028385000759747692,49.53748321533203,6023.621970076798,0.02120808870818006,38.17680358886719,10632.667644226458,0.021245665244421553,50.045780181884766,10200.32967717154,0.9556205012409352,1.000690577303279,0.571891249648845,-0.04507007606234386
COSJ100114+022340,8,3.74739521980426,0.8761222989299537,0.40226265366100183,2.6716775138847892,0.2668838812808802,0.16616666842640535,1.0017504965083803,0.5230497659338426,-1.8137030139214065,0.28214262603476836,0.1691491764175249,1.6680106401365644,0.025929403348060476,1.0001909732818604,498.2970303373477,0.02103491597973077,1.2031993865966797,610.4390997392329,0.008439879154244835,1.2496659755706787,690.2485473006673,0.010194780966468116,0.6316404342651367,446.5579705914861,-0.11902613368635911,0.35379300586870743,-0.339411244299579,-0.4728191395550665
COSJ100114+023042,9,6.045817143672246,1.2329926636164945,0.8096645625749918,4.107715280798933,0.760842024552869,0.4181364417496139,2.1730073092311617,0.7236053706737068,-2.5221137569062595,0.7485934104361892,0.3622157491255823,2.066705857609321,0.03157148540170042,32.10179138183594,3696.638696690733,0.02727257041446207,46.53765106201172,5299.504657538095,0.02128194838865418,42.15462875366211,7886.671511581168,0.015536459187337237,15.207707405090332,3882.384460389614,0.05322883644506504,0.8227168673467489,-0.33784184542492574,-0.7694880309016839
COSJ100115+020015,3,2.967065004623617,1.2648306782490217,0.8553946405682528,2.7862859122863752,0.2156243540629775,0.14966163151455492,0.8995307785002492,0.49452034621330354,-1.89558291058368,0.10732004801365894,0.047499341301655944,2.259400763730538,0.02646217596741005,2.15750789642334,996.9542612288133,0.021631198550088337,2.0210647583007812,1292.054278970354,0.007126227991527458,1.5462759733200073,1352.966856016632,0.007999306296203004,1.402140736579895,920.5325967441349,-0.08659015546009409,0.3315298092879953,-0.36810396718290445,-0.41811996474808927
COSJ100115+022423,14,4.951762007445734,1.8205075274330853,0.8000108965869643,2.1881761546026333,1.600012698855407,0.17823703036243796,1.1335992857710746,0.45190895858712293,-1.049606291750412,0.2824064226042318,0.17156798150810434,1.6460322032225565,0.03449259542762793,1.756449580192566,2353.787023716941,0.02945212229641833,1.1561901569366455,2613.0752957428194,0.013822624223606507,0.9132089018821716,1836.1293799756095,0.013060210621384408,0.8436166644096375,1140.8557690937678,-0.7863410534826625,-0.26965971114597465,-0.8998029530288569,-0.5166813423366877
COSJ100115+023131,2,3.3397411308717393,0.6339174855458192,0.37908084089418376,2.580804964739372,0.38716892172084433,0.2159250712145628,1.227333220190668,0.5310494509520645,-1.2315521824482738,0.10374850216820185,0.07162562616825532,1.4484830041762828,0.025287661310600687,1.2087624073028564,343.4063977654878,0.0202522518741589,1.0482667684555054,394.70782059680823,0.007491591745683365,0.9453200697898865,502.2868940238841,0.008608688317236724,0.624102771282196,314.2877717940828,-0.09620224494963289,0.41285866123101583,-0.24737061868682092,-0.5090609061806487
COSJ100116+020041,13,5.489929816036445,1.61734812487737,0.7065607742931374,3.5413549425318176,1.2431229319262869,0.4930368650305491,2.556043492707643,0.7058647442198949,-1.3291892619346772,0.18362367483590727,0.08390584214960449,2.1884492203594768,0.030706255877080132,55.16394805908203,6822.997822973433,0.031514334043974385,74.1803207397461,9693.849827805825,0.028165108061767044,43.87410354614258,10585.607928983867,0.01844397698749197,18.159635543823242,6592.748883146793,-0.03727174716040555,0.47685142948308884,-0.4185743843121721,-0.5141231766434944
COSJ100116+020221,5,5.463523523113301,1.3915222032377008,0.32157257707146447,2.0517098231374185,1.8641196609717612,0.3701111086073976,2.001681995067601,0.5897383141497129,-1.1150491466424062,0.5428173071020858,0.45970375072573194,1.1807980819063209,0.03532277048096861,12.059408187866211,1347.474607545556,0.027900406211097652,17.342071533203125,2173.5438683522016,0.013384538066458304,18.17820167541504,4741.862619261723,0.01399401891329881,9.032783508300781,4285.30772915436,1.2561535607614722,1.3660709440188843,0.7370340106597075,-0.10991738325741225
COSJ100116+022235,14,4.753030842236562,1.0763432966256414,0.35594613173502465,2.646395433560516,1.6660530748768159,0.4239051674666446,2.2542910095446254,0.6624925586146582,-1.3424664552357966,0.2794093917032525,0.18466989651799068,1.5130207845003707,0.031241581489433703,1.8886744976043701,193.10309335143575,0.024527842399883128,4.9035210609436035,372.16175226395444,0.006548444329024875,5.691027641296387,735.691594849297,0.00819173323557091,6.411746978759766,1015.0588642629154,1.8017549931787558,1.4522664086450643,1.0893987257124653,0.3494885845336912
COSJ100116+022354,9,4.432138243952925,0.8601864646794228,0.7724582313165855,4.250066988723647,0.29901965255002433,0.4396560785244973,2.305178981386782,0.7015576074644286,-2.4976688901033786,0.3952541341027198,0.19624910970661455,2.0140429411048575,0.03149234207132031,9.865839958190918,543.4294237169042,0.025539035794912138,16.731327056884766,941.2180055342619,0.010204344598318031,13.281351089477539,1503.1698184906272,0.012026242728158757,13.21584701538086,1896.0015532019315,1.3567388484940255,1.1046622444680718,0.7603711553078928,0.25207660402595355
COSJ100116+022409,5,4.907346361050623,0.6244283250418259,0.9489329290570043,2.3416245883063027,0.5098507422599183,0.18584990976202398,1.147024440962592,0.4528021251644279,-1.5559986828869576,0.19845735684427804,0.16049019715856064,1.2365699610189071,0.03011626906010346,0.6982742547988892,110.68732485177134,0.024139744436921944,2.726208448410034,200.2318472584593,0.009428733253794567,4.2865824699401855,368.0388392150635,0.010852381440419978,4.193284511566162,509.86117662256584,1.6583851313856979,1.3044894023958384,1.0147969746728644,0.3538957289898595
COSJ100117+022524,2,1.9813412762667963,0.631105891977384,0.6771822371118861,2.441738066657612,0.6245711646496321,0.14485674830742098,0.8614069332903369,0.5243986202565962,-1.3992628930685342,0.11126220726038012,0.041595270777729454,2.674876378493275,0.025701523698679236,1.0867817401885986,402.22149713378894,0.02029581387637988,1.2650138139724731,458.5294240473595,0.007343687032145902,1.4830044507980347,578.0713655887375,0.00831045983322366,0.6719663143157959,379.6001158920553,-0.06284735460576155,0.39379044802180857,-0.20510218358629206,-0.45663780262757003
COSJ100118+014923,6,3.6577093880259053,0.7957391198196881,0.700578181181266,2.204219845537193,1.5299304748153235,0.26469566117601007,1.5084280935459027,0.5704241512724636,-1.3811845013517592,0.681187270019103,0.2191309170859589,3.1085858585253505,0.03187104005011054,3.148862838745117,387.2451814024171,0.02439967506339599,3.1934571266174316,464.3957390457581,0.008033189809947893,2.493910312652588,530.3853572819498,0.00972441767755515,2.004530668258667,510.03266609690036,0.29902992464248634,0.34151375817981233,0.10177441489843492,-0.042483833537325974
COSJ100119+014658,12,6.333578731397774,0.5832375159348084,0.5981474021086041,3.5515643029943296,0.3400076998341167,0.2779947349995325,1.6642707405616308,0.508058351042608,-2.1150443034661692,0.14093164199407884,0.09763435170963909,1.443463694143269,0.03770409058041693,1.2880438566207886,132.87922552306281,0.028958288075657198,1.7400039434432983,173.53165588309707,0.009616930789060407,6.358602523803711,226.6078577694425,0.011447792182790385,5.543758392333984,218.66065416154743,0.5407838871042285,0.5795446925623482,0.2509798302212045,-0.038760805458119454
COSJ100119+014849,13,5.1040164734916775,1.5475231897120423,0.5971376171310139,2.701915832022083,1.8139862183718165,0.491349597003882,2.6249296491320226,0.6679797447163216,-1.0098140072710116,0.25761314831435167,0.15629364796837386,1.6482637116927483,0.03736839697394695,1.8312486410140991,419.5915928485301,0.028961460593889616,2.424875497817993,755.3790443296439,0.010529477598380434,5.0170183181762695,2362.722197173396,0.012403020498862787,5.011554718017578,2797.9960154274013,2.060050784557888,1.8764647088454967,1.4217053979825143,0.18358607571239133
COSJ100119+015027,7,4.225314554198597,0.7902751301343682,0.8281248827674126,3.8116320497489555,0.3464075225767946,0.3344167488985935,1.7550112313968074,0.6838746653047626,-2.3102154748620722,0.7273438211056913,0.3396984337567924,2.141145642215219,0.027964388774433763,2.575535535812378,236.89143226239685,0.022408283765681183,5.242499351501465,455.3617884496763,0.007567105507123583,8.415489196777344,1113.1475250778021,0.008663276425649626,9.288021087646484,1559.0592026205559,2.045783133434649,1.6800084283317631,1.3362650574534278,0.36577470510288546
COSJ100120+015011,11,5.303482604656815,0.9364300501459351,0.7268702147182968,3.492327625862308,1.4794082605703938,0.31119849121116955,1.8546559966824439,0.4755226045875824,-1.9194292389763465,1.1805532787706225,0.7631844717009728,1.546878012519601,0.025751091809030634,6.897563457489014,758.5312366357985,0.021503922627969217,7.785303115844727,933.2219471814124,0.00984634772552916,7.582915306091309,1430.92477523454,0.010575629697698971,3.9062576293945312,1143.9268424641923,0.44606195249018876,0.6891083331489907,0.22103326772994383,-0.2430463806588021
COSJ100120+015538,5,4.810509617443414,0.5314857385728853,0.9586192133291241,2.5827401378741848,0.45983821832412763,0.1698591046846516,1.0740786821450943,0.4878242370860901,-1.7488450199431471,0.24203355804490695,0.23138716429171935,1.046011168276237,0.033089810083672025,0.9423161149024963,162.8397157912259,0.02578761254816265,0.9682238101959229,166.2979072051312,0.009016778622492018,0.7758320569992065,209.45364170678658,0.01020797205606249,0.6332128643989563,200.50549579686776,0.22591486320561605,0.2733189499686239,0.20309874294508645,-0.04740408676300766
COSJ100120+015834,6,3.3859198578905865,0.6834572216465957,0.9731656532460323,2.423381246218783,0.6478689310444379,0.2695902354206308,1.4536797174031721,0.6718046782825446,-1.488115278207372,0.5127468284424412,0.25965584753760296,1.974717046833255,0.023669797445773525,1.5591869354248047,285.08388447805055,0.019185327997248466,1.5471011400222778,347.9901289534629,0.009304525435031508,1.7958475351333618,708.0625522155897,0.01004331583203332,6.263345241546631,1189.770632525826,1.5512264428735654,0.9877473960490206,1.334740799803268,0.5634790468245446
COSJ100120+021646,2,2.1398306287983964,1.9070855913980396,0.67788428505735,3.805843347994309,0.5480194606129543,0.32033067678526933,1.7664514105709304,0.6391984806290482,-2.401446695807259,0.10860900953646026,0.04178538202976004,2.5992106392400016,0.062009733115739846,22.16839027404785,9931.349222510093,0.06171454808762302,35.96377944946289,13825.208760009671,0.052610101521997334,41.17140579223633,16498.72923016548,0.0323472337166207,18.262081146240234,9734.714865308255,-0.021712545501670538,0.5511056040227693,-0.3808711562851872,-0.5728181495244399
COSJ100120+022426,2,2.4044407744800376,0.6725184587312141,0.46092660135147556,3.04163001327818,0.2667082370372383,0.24027712193385167,1.393842177158638,0.5961860802856355,-2.0366478507971935,0.06840953904284493,0.05391883812833889,1.2687502442099166,0.024249814231287123,1.032655119895935,280.06774319248734,0.020223528435084487,1.2794442176818848,372.39547875666267,0.007186279957260391,1.605893850326538,544.6847324733681,0.008491398260054184,1.0500047206878662,481.4916244819615,0.5883141129270731,0.722205275824291,0.27896084353956385,-0.13389116289721778
COSJ100120+022435,9,4.603730305623635,0.6321023603699345,0.6492307571093033,3.486220771969195,0.5690503068351046,0.28680628163971345,1.651104850613024,0.593830411179061,-2.156839626832935,0.33344111826775047,0.2073802153499124,1.6078733340359186,0.022861527911799323,0.3986362814903259,133.5581372106135,0.018946667083439814,0.7243379950523376,211.85392970145313,0.006984680441930852,1.6914349794387817,357.3552863376826,0.008334246811367808,2.9138784408569336,461.3869242465007,1.3459873231623123,1.0685746445902808,0.8450718955539495,0.2774126785720315
COSJ100121+020944,13,4.634704513525853,0.9439410150458316,0.9218341209912998,3.4727026213395256,0.2353906179504375,0.3546347946570626,1.8180688204740412,0.7849723766456637,-2.3335048107405267,0.5014750535561172,0.3303995759764018,1.5177835869617888,0.025301742073943242,26.2071533203125,3080.852441502074,0.020656230612849467,40.29987335205078,4292.12926209237,0.008928391330025053,40.9282112121582,6012.111772367847,0.009210181278448934,25.915363311767578,4248.113358007176,0.3488129973751588,0.7258903697879854,-0.011191739141457099,-0.3770773724128268
COSJ100121+022213,5,5.304402891759497,0.6074371771158191,0.8581857399363026,2.170240279659266,0.4388115411336052,0.18796617102782584,1.0959004859837114,0.5017238512288349,-1.316167823962171,0.10007596624926601,0.07804797042089079,1.2822366258800124,0.019721950977003067,0.49978193640708923,94.04337086436499,0.01623916209837634,0.6503534317016602,117.67719139737346,0.0063633775966664185,0.7769336700439453,180.53091079788283,0.008264792825728421,0.776852011680603,216.44763813886675,0.9050616593062905,0.7080584643948167,0.6616513916300597,0.19700319491147392
COSJ100121+022740,8,5.206624377642474,1.0476526922507179,0.5335312185497271,4.077856534444236,0.3057992380342644,0.4482746539891854,2.28589452759907,0.7742402887178711,-2.493977207167378,0.712532095676888,0.4436136655185996,1.6061996080393817,0.023967241872596363,56.645626068115234,4899.2153692508655,0.019864648741721735,74.79370880126953,6762.619105463309,0.011174401584981373,45.240718841552734,7956.382669594139,0.01003061646903844,17.76456642150879,4261.141039555805,-0.15150155570570448,0.5264728282786494,-0.5014725449058262,-0.6779743839843538
COSJ100122+015013,5,4.651426645047975,0.6782322297129317,0.5583684839845762,2.502412581942333,0.4356540513419803,0.1983857385024684,1.1190148064083298,0.5690687953099599,-1.5351387114802024,0.6650118147162077,0.1806478860571575,3.6812598764969553,0.026403059371058427,0.667368471622467,158.54168442148148,0.021032878575257673,0.874010443687439,219.7935577213393,0.007039099037401761,1.0200976133346558,367.36559787587976,0.008146960281600626,1.5682740211486816,518.5636148115445,1.2866464326367968,0.9123875403302897,0.9319677055967589,0.37425889230650716
COSJ100122+022132,8,5.919874080217209,0.5574609193795711,0.6411675514032109,3.4332460583485744,0.20795751972063314,0.3412809355724163,1.794477887418767,0.6906361614162285,-2.0890551922663234,0.4086641319865132,0.2031521118593055,2.011616459441665,0.022050230578023185,1.0202343463897705,713.3076774369283,0.017757231919573836,2.9287824630737305,957.5132733000737,0.00722274075607897,5.08268404006958,1119.1803286426875,0.008806058828765988,5.701198577880859,1066.861988296514,0.43707835827452046,0.48905792429767053,0.11740859686389374,-0.0519795660231501
COSJ100122+022144,6,4.246903146133166,0.48390732281334725,0.6868619582055552,3.15833493668966,0.40415091264650155,0.2735447961977103,1.4595083343733064,0.6779480849059804,-2.0051748720044054,0.6282299457374668,0.379531924897803,1.6552756290702844,0.02087922153944124,0.856576144695282,155.83337783854017,0.01712852760693088,1.695832371711731,225.01597991309973,0.006144461957053081,2.9212052822113037,353.20148112165043,0.0078099639404647005,3.5485713481903076,440.19417724912273,1.1274595225565518,0.8884050789168635,0.7285773303405002,0.23905444363968825
COSJ100123+015608,5,3.578741597845523,0.7113708675813633,0.6218958705335862,2.9037311995514803,1.175478842239357,0.23772065339396944,1.4176768938081126,0.5021512584517904,-1.7741973268888533,0.23978382497888354,0.19889464117713573,1.2055821291099134,0.029239057963174248,1.34555983543396,218.3594573519108,0.023080940838961218,1.3678864240646362,247.44168504315076,0.008473011679317107,1.123957633972168,302.20550711658143,0.009747484295976655,0.9236948490142822,327.6496470540151,0.44059424525987445,0.35282591974052396,0.3048420999458977,0.08776832551935052
COSJ100123+022005,7,4.873208390111632,0.6868001546760651,0.5575826517061522,2.418084829839315,2.0,0.2401793627733752,1.4145149523436773,0.5195332174203906,-1.219684283235036,1.5860728706759837,0.40689250277833816,3.898014487477605,0.03649426585894613,0.6746115684509277,262.80482719340216,0.029068999024028035,0.7599963545799255,421.3959900659329,0.011276541514922116,1.4695277214050293,1004.2854909328744,0.013621267242027543,3.4641427993774414,1568.8111295145936,1.9398433089625415,1.4555596258647618,1.4272006575998244,0.4842836830977797
COSJ100124+021640,7,3.913709087340583,0.4959446491532591,0.6030074170887855,3.704907990250153,0.43065756499367935,0.47125383587352027,2.411957475355138,0.7845307194003551,-2.229695409973325,0.3618166687479171,0.2632980340303968,1.374171554604721,0.024674229534698906,14.349221229553223,763.96554312218,0.020049143060615376,20.556720733642578,1040.8059354436955,0.0081406931847533,20.38067626953125,1547.4014096484752,0.009548132868935825,7.04679012298584,863.5573915797881,0.13304358667284782,0.7663230424329959,-0.20269638594479977,-0.6332794557601479
COSJ100124+022027,4,5.019858318255043,0.6300031891397864,0.8225057019392045,2.922557400286893,0.6805199852422775,0.19852176599683682,1.4298379994356585,0.4073665602908694,-1.8603331220363797,0.4799407659084143,0.34848847212565837,1.3772070076836191,0.03748845969077481,2.6311097145080566,813.0254946511268,0.028589378793526708,2.953423023223877,1033.1680945329472,0.00923969028847636,3.464318037033081,1487.261399811483,0.011148742759279098,1.89726984500885,1101.73403380753,0.32993150295028334,0.6557078553932983,0.06976444827728383,-0.3257763524430151
COSJ100124+022319,3,1.6829075439657748,1.1688253005258886,0.30868535925157226,3.073107320261797,0.3859540345075155,0.28503893872638336,1.5624302691512018,0.5899343226215601,-1.8094041974087367,0.25360633067733995,0.07259944945140524,3.4932266373051832,0.03215070662612741,2.3601369857788086,1368.3899752430552,0.02622705649170369,3.104759454727173,1830.7762710617963,0.01084905154271799,2.9426493644714355,2464.72339716414,0.012134378706389995,4.252833366394043,2163.9124680905516,0.49757451335493275,0.6388957596911251,0.1815110360112137,-0.1413212463361925
COSJ100125+020326,7,4.956218450440207,1.006872684196726,0.4715204761588056,3.053883549651709,1.5752221398598831,0.44044257203734855,2.2953314746991915,0.6460820907574086,-1.5188586924096599,0.4761141472395373,0.2681917407708876,1.775275203744156,0.03097060522878081,19.255098342895508,996.5193535705621,0.02486776806637895,21.744863510131836,1133.7867247147296,0.00968755974559617,13.82169246673584,1876.8052249053726,0.01098001921423936,6.7934184074401855,1576.628190771291,0.4981088750959322,0.6873336654906842,0.3579948001174494,-0.18922479039475198
COSJ100127+022709,6,4.898774979103991,0.5326981476520036,0.6846014607614188,2.8757928557754466,0.43459894819125344,0.18151041108384466,1.144528677659016,0.45297132827361464,-1.8324243797770503,0.6235601248124196,0.28152208368170567,2.214959894646946,0.023667898076676613,15.548521041870117,3040.3571067996854,0.01930399748878492,19.62118911743164,3776.9019557845168,0.008237704711433414,10.539240837097168,3262.941397701623,0.008732004600144323,4.373054027557373,2019.7191768521006,-0.4440840196495235,0.07671169261655225,-0.6796118053189644,-0.5207957122660758
COSJ100128+021853,2,1.0435062518029479,0.5146344373074041,0.6786266554942969,3.02928287773575,0.5909462501506303,0.19765173867398853,1.167394818655083,0.5576374962229617,-1.90741501924517,0.11680472316920623,0.06093276885586706,1.9169442873259386,0.03261237585611738,0.5993194580078125,103.77595018550778,0.026027381285410614,0.7582970261573792,127.54801288030285,0.009466181509613626,1.2385759353637695,199.51791827369016,0.010980412251592212,1.8136544227600098,252.47239224845544,0.9652929415154489,0.7097129657535965,0.7413504954299868,0.25557997576185243
COSJ100128+021951,3,7.029448807050398,0.4584640636422348,0.7788005333871929,2.8594433061924267,0.2958441506396624,0.311612725398952,1.6327680445375679,0.7526054960111865,-2.001708110351212,1.4894634407050855,0.6625945126910385,2.2479260123296676,0.032498573240490006,46.9975471496582,961.6039719837281,0.025710888101449992,34.0799674987793,1111.251678723493,0.009849540675407364,7.196208477020264,1787.6145859368698,0.01161414276304813,5.975239276885986,1973.233276294981,0.7804554554359118,0.673194102630159,0.6234150016886862,0.1072613528057528
COSJ100128+022502,13,4.693282682367077,1.0052719944934219,0.6439158034747765,3.6954269427410056,0.2674086339703783,0.35471842858086994,1.8949609634758982,0.6741115192366215,-2.280357460128373,0.24425672459917203,0.1705437290975377,1.4322234296839857,0.0344400544650759,9.286776542663574,1778.5383016613714,0.02869326873763802,12.346649169921875,2181.8483378050314,0.0126882851289028,8.988815307617188,1900.8581748192664,0.014482128378286538,5.321125030517578,1292.4681832434508,-0.3466084037783989,0.07221623128026049,-0.5685117456569077,-0.4188246350586594
COSJ100128+022544,5,5.219897324103785,0.5585998820407543,0.35450032769419854,3.0910257988372054,0.3361688320216773,0.2316118983061915,1.3546381413796729,0.519828774279214,-1.8692202696520073,0.47959815381433546,0.2886189454563224,1.6617001806865606,0.03181076772645677,1.3841785192489624,162.05810210614618,0.024543270628030883,1.69020414352417,197.33299778804758,0.009377741052100617,1.660912275314331,324.6050682195928,0.011222886255970696,1.8748492002487183,475.7760578704474,1.1693295876862153,0.7542113697596299,0.9555071750987483,0.4151182179265853
COSJ100129+020455,11,5.993943577833248,0.771443687309892,0.6804720267776918,3.4951810119482642,0.44137935324850736,0.278628798909729,1.5450126585487343,0.5998421432828511,-2.128874754764213,0.4812925532232262,0.23333802871557954,2.06264086429685,0.02254070554299148,2.343761444091797,293.38304182483625,0.018793355122111766,1.5900439023971558,356.31000226076867,0.006480376252412265,3.11466383934021,559.2282510085788,0.007691395469262169,3.0645225048065186,548.1121605880035,0.6785860762531233,0.7003852396096741,0.46760355906332995,-0.021799163356550653
COSJ100130+021315,25,7.38945814108708,0.859086658604092,0.40201555526390736,2.987705556492281,0.9747471230353647,0.22045996924883157,1.3701734838224442,0.5620892549003136,-1.765164760885014,0.5120568235849579,0.39127245646144354,1.3086963192243422,0.033775524614777085,0.7343688607215881,363.20860822314114,0.007986430661192472,0.26354727149009705,34.19423553455522,0.00849741760558479,2.503610849380493,692.8329275443186,6.527695887825759e-05,0.07474669814109802,93.20099150551687,-1.4768390010142025,0.7011809669849091,1.0886690842784579,-2.1780199679991115
COSJ100130+021921,5,3.705565321047096,0.7526064344316423,0.8837200566583557,2.0973767254285742,0.4716450907323725,0.16402391382994402,0.9429070820032498,0.5588239461001846,-1.4239333370814504,0.14577232850647562,0.09644267863625716,1.5114919096790123,0.03380126777647456,1.545486569404602,704.7131060663014,0.026318688740563846,2.4482767581939697,930.9879710431851,0.008621378643701789,3.8616983890533447,1552.1511460665643,0.010566130989160946,2.302783966064453,1286.9523950439907,0.6538753349632291,0.8573041535947692,0.3515460319848365,-0.2034288186315403
COSJ100130+021936,17,5.4957041174131005,0.7762018327396589,0.7815065079051072,3.1432239135110773,0.49013316907391574,0.483282531682205,2.4995413829219664,0.8047610330003688,-2.1820102671984523,0.2494891002862141,0.13033068591523017,1.9142775052107612,0.03669739467831148,8.185341835021973,1237.3672177800763,0.029542991678520245,15.6787109375,1932.1975919323281,0.011568410987675545,26.675769805908203,4067.62486245099,0.012520929285779313,14.520916938781738,2834.4341194891313,0.8999194033254172,1.2921057183853482,0.41603707663802847,-0.39218631505993085
COSJ100130+022214,11,4.72348022403149,1.0548978189921605,0.5330274986865572,4.093510588514702,0.14487728860861349,0.5239187225450617,2.662119630302182,0.7991792190133546,-2.5315855446249667,0.2689069034270341,0.05137360723680277,5.234339535231155,0.028127725611377174,82.24465942382812,8185.595814399132,0.025036391589621156,101.61151885986328,10663.64261599179,0.012780265169344175,52.178836822509766,9022.114712104201,0.01198312056486455,24.68799591064453,5035.260594842199,-0.5275708611167456,0.10564512065729284,-0.8147090741249596,-0.6332159817740384
COSJ100131+015748,7,4.230535604181203,1.0515305101165073,0.6698585717817328,2.9099925065306427,0.8918916299169846,0.2204628492089006,1.5190846801119033,0.43800516217601737,-1.46128473711401,0.5957398998994162,0.30859093648880853,1.9305165170365317,0.035362051672819,0.7583333849906921,243.122883814327,0.028024203041324577,1.548000693321228,361.27951006968215,0.008930109563460294,2.1995346546173096,574.9563785610353,0.010582430973078006,1.5113645792007446,636.545507097384,1.0450090465424413,0.9345226447191052,0.6149653145643973,0.11048640182333617
COSJ100131+022056,9,5.26121127270358,0.6898488104601517,0.8230228466874033,2.9379042475270363,0.39155656751409484,0.1819135233430749,1.1742586036515237,0.4383357292171564,-1.91021332961458,0.2803591075249061,0.130523089653586,2.1479656072269777,0.021439985554611483,16.1662654876709,271.52521603217247,0.017062399706135527,18.641324996948242,312.67352360425775,0.00667811756795358,2.955504894256592,304.36384460664704,0.008000067385859655,1.8809492588043213,242.47235340604857,-0.12286985053251659,0.12395723350083647,-0.2760722004042634,-0.24682708403335304
COSJ100131+022553,6,6.950181512450328,0.9847055166089176,0.5938760528388025,3.2849398503658027,0.2902317149355718,0.26505673984806,1.426928301073699,0.638592600490344,-2.1182577514036196,0.22469821314220706,0.1785449908322141,1.2584963156617763,0.03733466431685292,4.048186302185059,892.1622208071084,0.029091747389513152,6.0004143714904785,1244.580955346115,0.010216720338364797,9.016135215759277,2235.0258621210232,0.01151071856146597,6.89005708694458,1801.0310222530752,0.7626934116832822,0.9970968100779986,0.40124510596437374,-0.23440339839471636
COSJ100132+020533,22,5.02182902957243,1.1501393292136468,0.7949679099292132,4.358244234209416,0.3357935443142311,0.4749695180950469,2.463052155338738,0.7169524606423546,-2.4883605064803085,0.8061801833405113,0.3703081184429226,2.1770524144335544,0.03906553574544644,29.573991775512695,2023.3396712415981,0.031328110297590674,30.785417556762695,2676.0198607541734,0.013283774908019857,33.72064971923828,4447.728429635987,0.011640955151292529,19.08382225036621,3344.0626294058748,0.5455140145063249,0.8551736634889662,0.2419626755266584,-0.3096596489826412
COSJ100132+022652,8,4.994961385444612,1.1717166277439435,0.4793526113811769,4.23218166229156,0.2735610532210154,0.5083082146349187,2.645988096570503,0.7477510110179627,-2.5367411225702896,0.11104391737223361,0.0573084579667494,1.9376532070826566,0.026326255166246846,10.6373929977417,1356.3903155112512,0.02064097677510436,17.93721580505371,2102.359719270218,0.008810833965403471,25.81538200378418,3948.425698829349,0.008865394438630535,11.620368957519531,2394.758863381954,0.6171927725701648,1.1600982240178328,0.1413869058750397,-0.542905451447668
COSJ100132+022807,6,3.78764387685531,0.9575767498398486,0.8087999646548886,3.977454157902675,0.20507190689758586,0.4861637805949968,2.5038008525284514,0.7619549951083736,-2.3929891441193503,0.20172610294148768,0.11221316937631635,1.7977043520175617,0.028628641569966435,35.31502151489258,3289.0199928142974,0.0235847652365323,49.489131927490234,4368.435757532132,0.011940605688202151,30.736974716186523,4668.069414786878,0.01145975668545929,12.142093658447266,2481.1508189183805,-0.3060333734319117,0.3801769800477109,-0.6141819732282598,-0.6862103534796227
COSJ100133+022036,3,2.895266735001935,0.6599069330994093,0.8685325786595293,2.943655203898862,1.252764904374741,0.19192703784384513,1.1547474899571988,0.5538980932891702,-1.9540579793174275,0.4465814337691696,0.23114513191102706,1.9320391049423822,0.026837173071456038,1.4186729192733765,646.7313662199779,0.022403835454245968,1.715417742729187,998.2691187234459,0.012359719933770618,2.299926519393921,1917.7784882695414,0.01358935799670604,4.250776290893555,2369.324645007262,1.4097516182120193,1.1801862956605842,0.9384423383938313,0.22956532255143514
COSJ100134+022028,5,4.805409178487047,0.10869083177909596,0.5788964938163376,1.5495374114728924,2.0,0.0,0.0,0.05806490232631313,-0.8417451371176019,4.613264502456911,1.5541856120315387,2.968284139773194,0.026690718274426973,2.6765921115875244,1149.1175942051962,0.021207961784253698,2.8996708393096924,1406.6064115954096,0.00866741089718351,1.589150309562683,1672.722759337863,0.009550107834475253,2.0398666858673096,1414.4410457822323,0.22555094118087343,0.40764872954916653,0.0060306449896858376,-0.18209778836829324
COSJ100134+022037,4,6.0514131498074155,2.0300885136280575,0.5132749500038927,1.2595502875774511,1.983540482378593,0.3633516705397196,2.1712687836433546,0.5512290401123747,-0.8555519445184112,1.0285390287307228,0.6911187182554493,1.4882233711264599,0.0280780416403547,7.291728973388672,1174.1361228624228,0.024789648643231774,13.317703247070312,1973.2581947252365,0.020342450349538223,19.908863067626953,4137.611296185292,0.02268169911618391,12.897818565368652,4689.438644987997,1.5035060213404945,1.367578098357628,0.9398423575339442,0.1359279229828665
COSJ100134+022039,4,5.241427428567237,0.5246614265282364,0.6486613326968204,3.0355460990406256,1.4259237643553322,0.184622175206056,1.1766974505422223,0.47377406408397255,-1.9123183635220478,0.8320913496832258,0.4830272993584869,1.7226590521660665,0.02801068816884005,2.1589932441711426,875.1455170547979,0.024079106525443903,2.9052560329437256,1516.973964296296,0.017608007953239555,6.603407382965088,3381.1838936749846,0.02097681414447717,7.973719120025635,4575.331107291393,1.7958556402171726,1.4674712977233582,1.1986110036204634,0.3283843424938148
COSJ100135+022033,10,6.449362345018845,1.0234400353292115,0.39931779166938414,2.7266779060737285,1.576315943583331,0.4037961817565283,2.2756919519218237,0.6594336349326192,-1.5487731727258793,0.3777804399975333,0.14955722899054374,2.52599250833552,0.030270805612459057,1.877721905708313,248.22574562500859,0.02388538104347258,4.342442035675049,408.38082622868023,0.0074962395600736585,4.701615810394287,654.373280602158,0.009145391428278223,5.373851299285889,833.4049888720256,1.3150231799042047,1.0524468349576779,0.7744768810385732,0.2625763449465266
COSJ100138+022126,9,5.566541837670607,1.1943492667722493,0.9739005953609503,4.088962571676305,0.14797089196460583,0.42164591431223536,2.1752245737508717,0.7185297262937203,-2.4895719704225754,0.2155756595077695,0.13509270550426625,1.5957609162025523,0.02909158015998843,38.33087921142578,4335.288215528164,0.024936672655856425,53.414710998535156,6221.801372898857,0.016417212410762452,48.6605110168457,8257.306644494645,0.015884858496056316,24.809551239013672,5824.109719516469,0.3205289319069359,0.6995510942227692,-0.07171648606433474,-0.37902216231583324
COSJ100138+022225,4,2.9224266337414204,0.5879018351876211,0.7454602279295136,2.544136630015909,0.7207469877427497,0.22088017826972361,1.327723911707991,0.4670309457914373,-1.3730253497023963,0.5795585845707943,0.259889715803004,2.2300173855671104,0.027363805525247194,0.8560439348220825,159.27690367868854,0.022555257178197327,0.9715642333030701,190.6389106194547,0.008194137106004454,0.7181175351142883,211.6698486803798,0.009700848112845115,0.6573055982589722,201.34984552610604,0.25449624070172805,0.3087654871381392,0.05934938282187024,-0.05426924643641112
COSJ100138+023003,1,0.0,0.6240063317809164,0.31315725960159674,2.4676178730889147,0.35392950671099377,0.17797602105926758,1.1568910624417383,0.4060855517273637,-0.881913689414239,,,,0.03342706372747097,0.23925447463989258,35.06902189551329,0.026647409188979974,0.2549210488796234,59.80556218718084,0.009959839347315955,0.39755311608314514,110.34352544900321,0.011244226256386068,0.5622926950454712,189.4708917652024,1.8315471149092122,1.2445580055871066,1.25200230490632,0.5869891093221056
COSJ100138+023041,11,5.090475144048473,1.3342514402440708,0.5274364300573083,3.238690539261666,1.4054546870718738,0.49936562218751174,2.641970383314874,0.7109558989887949,-1.687779960417918,0.147292022481071,0.08558799970088726,1.7209424568377205,0.038296307059138744,11.822026252746582,1765.4924888200185,0.032102539819566615,18.82762908935547,2634.37427471478,0.01762751866984567,26.626556396484375,4919.89203815884,0.016042652731263214,14.5826997756958,3506.4393587019295,0.7450011456784469,1.11272424628482,0.31047213939602936,-0.36772310060637275
COSJ100140+020632,11,5.907268811562173,1.3894487549665135,0.7452715888301135,3.899558587554295,0.47068550670149656,0.40676658851573605,2.1295446350194984,0.7206508188541263,-2.435361977926858,0.5721300362295159,0.14729945166258945,3.8841287579268244,0.04785617082385915,36.0568962097168,6890.705698373244,0.044306435095816006,54.899314880371094,9870.748896959238,0.03283755310364521,43.89641571044922,11118.601768396795,0.023027212060958716,19.535564422607422,6319.389933735132,-0.0939713689444926,0.5194661847383876,-0.4841873748571173,-0.6134375536828802
COSJ100141+022159,8,4.947342789396782,1.0308954882169057,0.39724988172950937,3.3392229728331757,0.2037787655588404,0.41101682670222406,2.1372460723657634,0.7180769049855733,-2.0726680449159955,0.15641625272651324,0.09849695652018284,1.588031328607217,0.03276536985078148,6.43070125579834,2097.6808115394747,0.026786879213553574,10.371156692504883,2767.7005475551796,0.011709525966906902,9.298572540283203,3090.2631628485397,0.01258178838327015,5.497292995452881,2439.0239990145856,0.163691670221464,0.4206401485795027,-0.13725756511814774,-0.2569484783580386
COSJ100141+022738,6,5.0678205513758225,0.6095987448164173,0.7326759574759483,4.24040272916807,0.6640890160618695,0.47080770694848123,2.5033476228097413,0.6960857208269554,-2.3758221405103543,0.4661148529926444,0.21222903558724038,2.196282199101074,0.03009439403077842,0.9211674928665161,102.82548954209642,0.02438402867566995,1.7004159688949585,170.54896448012005,0.009241879982495677,7.427342891693115,476.8491816621972,0.011083378965831047,12.454567909240723,868.8024771459159,2.3170506617385795,1.665700639608112,1.767679909159296,0.6513500221304676
COSJ100143+020435,6,4.6063786432794664,0.8695384599624205,0.5209366372133093,2.620829009661327,0.6987382696743254,0.1560843454651582,0.9730491348384733,0.538986462783163,-1.7132241925516487,0.3075894698046465,0.2151869311839658,1.4294059035661637,0.027887235422539586,0.9928884506225586,365.578730382148,0.021326381007972288,1.2073655128479004,434.5424419690444,0.006204119385845169,0.9494151473045349,402.84531474346295,0.007282196588495125,0.4633715748786926,244.9686329385322,-0.43467610414053887,0.10539349184030565,-0.6223043050328452,-0.5400695959808446
COSJ100143+021020,7,5.898181680499824,0.9732755281127418,0.8667564838015217,2.2327070076977957,0.5972378689970479,0.20887458676643259,1.3857003858174441,0.38715997943246466,-1.2283854542267636,0.3128109866868617,0.20311809782669046,1.5400448804604607,0.02294009685933686,0.44996798038482666,147.8636129560332,0.01809350514605106,0.5205469131469727,181.1272385827442,0.006781738202401362,0.43812134861946106,232.45818693353795,0.0077592035678906695,0.4806259274482727,248.38884911120113,0.5631769537677176,0.49120883119026826,0.34287082295718996,0.07196812257744925
COSJ100144+020921,9,4.598063966835742,0.5806227262167796,0.6545817079060948,2.503548811035138,0.23017164758784908,0.1385588491870666,0.7878827484717303,0.6185878099820709,-1.8011365612906445,0.3862061148136433,0.19757722446082246,1.9547096881615726,0.02962985301579344,2.0013396739959717,470.39429964453484,0.024117124553908846,2.6871256828308105,604.7880228861686,0.009353367653494893,2.3684825897216797,674.585019817081,0.010778235222556989,1.044221043586731,358.6296733837953,-0.29453957382817125,0.3914366064546879,-0.5673924030205958,-0.6859761802828591
COSJ100144+022826,10,4.043431532755587,0.8522529860995194,0.8252384854393947,3.561915485794797,0.4217213771996906,0.40736934341239,2.1238662547077216,0.7330312528573372,-2.1262200833192897,0.37847046538639756,0.17700330871814599,2.13821124659913,0.02443712942064471,7.64296817779541,420.4969230813631,0.0199736671963957,12.649703979492188,721.915312515991,0.007919859866362825,13.637892723083496,1585.9212168026716,0.009070904244307102,11.00926399230957,1817.5660123677226,1.5893184268453917,1.4412969674306584,1.002509848225586,0.1480214594147334
COSJ100145+022949,5,4.132287145436118,0.4215632629736121,0.7690103724031586,3.234425954096633,0.5481272986576949,0.24924867393194988,1.4147605346193015,0.6134881634475488,-2.0568673324389954,0.40735796360475046,0.12050054825287096,3.3805486324419696,0.034605784442921214,0.6144242882728577,128.3893043019425,0.027581877750102447,1.1150834560394287,187.9497186984936,0.010630814158108513,12.910054206848145,388.0434553072555,0.01216553791753424,10.433211326599121,433.7519429463646,1.3217814690250678,1.2008787937682621,0.9079993828289369,0.12090267525680577
COSJ100146+022109,2,2.8610411147662074,0.5588422894075721,0.6936089287967703,3.1235739009821515,0.26749025339170424,0.30432881557309843,1.6112508617560204,0.7228775390950701,-2.1137126806080415,0.28087132664884445,0.22753946011232362,1.2343851326279576,0.030683811780665645,3.2197470664978027,428.0947534555962,0.02486746091604053,4.188679218292236,613.0623641020902,0.009622058206131864,7.753357887268066,1116.617387520666,0.010983847493715263,6.930184364318848,1098.6154089629417,1.023264451788595,1.0409112022155467,0.6333525761224923,-0.017646750426951945
COSJ100148+022724,6,4.653572466794333,0.7664282496811126,0.6498719595872986,3.161557921812074,0.4763907626803283,0.32832476839114416,1.716089156945495,0.7041581136739931,-1.869045728954716,0.68105809379439,0.5906964667551751,1.1529747207319372,0.031393977337889255,13.139938354492188,1616.5281253757355,0.025699141479311516,15.038329124450684,1991.2167535105473,0.01064056153981958,10.04542350769043,1878.6409237626358,0.0118733601231838,6.171928882598877,1404.7913822001137,-0.15242857696251205,0.16315128376146013,-0.37876675821007744,-0.3155798607239721
COSJ100149+022734,5,4.426020059768872,1.839584706054302,0.2631869638549323,2.2258033765716028,1.9826358312791001,0.5765690278925232,3.0115349802189955,0.7468895126390211,-1.1186323195513304,0.43280894825700333,0.233270254780113,1.855397074371874,0.024806495096790147,8.572260856628418,1118.0309523962806,0.020654522297008406,13.407051086425781,1722.8801919688085,0.010101965927578687,20.71718978881836,3206.6938513165805,0.011473898430575283,16.927051544189453,3223.7407601749583,1.1497657083361015,1.1440091800134682,0.6802625811370211,0.005756528322633219
COSJ100151+022105,9,4.785946294524269,0.5905221974859431,0.2991744109164977,3.161969771165143,0.502471511262186,0.22103760944243525,1.3434699462339994,0.5062662210451534,-1.9603672416745115,0.43617240661416423,0.400618714609252,1.088746957414583,0.030048831537823822,16.483732223510742,468.6362789937479,0.024307958220556352,16.04037094116211,605.8787967516455,0.010002726100368746,5.728451251983643,822.9640709667729,0.011941013677290923,6.6282830238342285,921.087663714432,0.7336626493520694,0.611362422851328,0.45478802876932445,0.12230022650074153
COSJ100151+022347,7,5.5250427284891375,0.5941291429010821,0.7110783128565037,2.4108596478156095,0.47526215973245106,0.1319236417975924,0.9031988121119198,0.3971244071403977,-1.5878054382895659,0.7759294248472685,0.27029621173180635,2.870663335885603,0.030419822130633604,0.2651212811470032,35.92068767820251,0.024178505969649253,0.22740110754966736,40.35411256781208,0.008428603267520917,0.3867960572242737,157.4802658722183,0.01074871125571265,0.9157436490058899,280.3770319270916,2.2309944790702776,1.6047037424330377,2.104636582152584,0.62629073663724
COSJ100151+022625,7,3.9149760892886554,1.203810924162395,0.836618775892255,4.0416830393893735,0.2701835389854582,0.42623161307936114,2.2282805158060954,0.7146535105115921,-2.4407576658324954,0.15056703397842205,0.10394879475472542,1.448473109608396,0.03909588454473853,13.122997283935547,2000.3438570581877,0.03242807091217181,21.370872497558594,3044.5166703702853,0.019061286791558555,27.455541610717773,5625.7259920574725,0.018104412323941044,20.10647201538086,4892.459381329201,0.9710564296100576,1.1226847965924367,0.5150221807699038,-0.15162836698237903
COSJ100152+022504,14,6.313295614543826,0.6793839237625413,0.7795787033865159,2.7053606123468663,0.38921127392778926,0.17590848771555684,1.050615557852444,0.5570708360347291,-1.7763844316753823,0.2560004071821017,0.12332836711830572,2.075762561070213,0.021262355139213953,0.545650839805603,105.53003903395074,0.01717279465583093,0.5984734892845154,161.95754848075376,0.006856978894864497,1.0648630857467651,350.3036941018654,0.008429312426701252,1.742272973060608,529.0489179448196,1.750299329225298,1.3026715459597367,1.2852365903795093,0.4476277832655614
COSJ100152+022856,9,5.475301466963138,0.6472502831184581,0.8043484427489914,3.1453651433485623,0.4303392284935519,0.2528868627565174,1.3579676796305136,0.6721865730607502,-2.096182255835049,0.5417331259447435,0.31868747076078235,1.6998883723024896,0.0328670184865979,6.20818567276001,711.4444503226587,0.02647740678134913,8.45262336730957,957.1747733740558,0.010359207066437169,7.472840309143066,1315.972570019425,0.011759850843277436,3.285633087158203,874.5634241469743,0.22412578605111064,0.6677646025375267,-0.09799983434588308,-0.4436388164864161
COSJ100155+021506,7,5.553626671064772,0.6401690363486472,0.7192377209537475,1.8651640259120603,1.9654536919233827,0.2655143132571384,1.46894390360904,0.5532695881986178,-1.1297876464739496,0.3305975618441137,0.21572293379553592,1.532510039741333,0.02484279263212618,48.130741119384766,925.727551162814,0.02031438302327929,40.44139099121094,1111.6610669322245,0.007873888247680743,24.107778549194336,1785.5350761318114,0.008778434959366803,21.657363891601562,1844.9294069490861,0.7487414101182484,0.7132129923051346,0.5500183935017462,0.035528417813113757
COSJ100157+021407,13,6.443200903694177,0.8121024035507228,0.6310463304026448,3.9453487322576297,0.20851925711793737,0.44134281009555965,2.2871024577134977,0.7269664095052747,-2.431838989341206,0.9049674202312213,0.7292414204475531,1.2409709526316002,0.03200157761513243,13.171469688415527,1167.0801911170474,0.02635435159313347,19.606054306030273,1663.4696139831503,0.011061674986011336,25.398847579956055,2787.3043767730123,0.011812658847532796,12.382393836975098,1854.4363608998683,0.5027780907769526,0.9452092472961486,0.11799265492269576,-0.4424311565191962
COSJ100158+022406,4,3.9420984965785384,0.7566094633859095,0.4727107158993034,2.346711716244016,0.4215225607447327,0.17582465934949912,1.1163598769664513,0.4084677959851956,-1.4277788240793845,0.3391004777754814,0.17601935577486588,1.9264953918431633,0.02450437609756387,0.35065460205078125,125.26069773658674,0.018954238546187333,0.4516521394252777,153.43951738472424,0.005955611083926594,0.3454767167568207,173.26336420001462,0.007243559497725096,0.3166466951370239,183.02843541218317,0.411759351806568,0.3522297904793045,0.191453358494462,0.059529561327263385
COSJ100202+021902,7,2.335699903391483,0.7832535101518807,0.6704018984933504,3.8957644695803717,0.41699002918305955,0.3917126401395662,2.0633066502732214,0.723121995628288,-2.385179711987738,0.1745328980159881,0.07932746548202924,2.2001572463641437,0.028385987102066836,9.159903526306152,624.2286212089225,0.023362592126939426,13.37631607055664,887.9122344722746,0.009800543275087377,13.933311462402344,1528.986406627293,0.011922123299964863,10.782293319702148,1524.0270760486164,0.9691225134628089,0.9726498673557599,0.5865566066534375,-0.0035273538929510634
COSJ100205+021910,5,4.34461632718647,0.4275833905408073,0.7913846685642573,2.9213135022522114,0.2563214023539155,0.19261164922839602,1.0914236703697993,0.5889544579101089,-1.876933186369795,0.14054862122768488,0.08708857300881553,1.6138583556014618,0.032415008579245216,1.4876952171325684,799.4098661205098,0.02588599720749571,1.9022964239120483,967.8413242060669,0.009195412951279874,2.750783920288086,1286.5632457545726,0.011116389708944735,2.507397413253784,933.09680953325,0.1678930014187813,0.51665409125673,-0.03969364221808053,-0.34876108983794873
COSJ100206+022349,5,3.788776278995336,0.5745451856010582,0.7097382738257252,3.1062883492635773,0.530831095718609,0.22313837302184525,1.306755858170446,0.6141543910845906,-2.0306866649381683,0.14964513053292358,0.13869268693319464,1.078969150010083,0.025116040780786778,0.229995459318161,105.57109889404182,0.019648426427352112,0.4222920536994934,152.73456263431763,0.006320993073947401,1.1518412828445435,284.47896453365684,0.00798959616672437,2.3897716999053955,393.5596154880932,1.4286637135506686,1.076262790874138,1.027683004933653,0.3524009226765306
