name,n_components,max_sep_arcsec,lens_reff_arcsec,lens_axis_ratio,concentration,asymmetry,smoothness,clumpiness,gini,m20,arc_length_arcsec,arc_width_arcsec,arc_length_to_width,bg_rms_F115W,sb_peak_F115W,total_flux_F115W,bg_rms_F150W,sb_peak_F150W,total_flux_F150W,bg_rms_F277W,sb_peak_F277W,total_flux_F277W,bg_rms_F444W,sb_peak_F444W,total_flux_F444W,color_F115W_F444W,color_F115W_F277W,color_F150W_F444W,color_F277W_F444W,theta_E,lens_redshift,source_redshift
galgen_all_smoke_interm_PRISM_lens_BR_000000,7,2.947403787994765,0.9690470158616731,0.4518912156642961,1.4560319271636268,1.8653572141579864,0.43945078987366043,2.3972884334899653,0.6338282678958485,-0.9469103743840402,0.12096670353531205,0.0708119822969501,1.708280147108975,0.02826071876906045,3.5141921043395996,476.55670564313186,0.022595406735836775,6.135665416717529,825.4576534027001,0.010987099312500685,5.337680816650391,749.520686996635,0.013244212359362215,3.659200429916382,574.8131890358782,0.20353034881890178,0.49167259778048616,-0.3929201852844364,-0.28814224896158447,0.798302337436422,1.3694562759840858,5.368697662298366
galgen_all_smoke_interm_PRISM_lens_SF_000001,1,0.0,0.8358927626994836,0.80210863971299,3.725109554255312,0.5896062552070881,0.4646404785180948,2.5848424544108055,0.5352474607961585,-2.126388891857294,,,,0.02198070807901834,2.934770345687866,344.74607213330455,0.028298527341422793,3.811099052429199,545.9191616280004,0.013702342276883273,3.456019401550293,397.898831443832,0.012798557084361686,3.4870097637176514,389.1741140476661,0.13161154670056346,0.15568334241436899,-0.36746098195888566,-0.024071795713805594,0.7971780873933649,1.3767434962471623,5.472148259580671
galgen_all_smoke_v2_PRISM_lens_BR_000001,9,4.3813461474354565,1.6348780738420365,0.45079678255790157,1.7654277448893811,1.7324226378456262,0.5271198576845297,2.723719124516801,0.7154443685294799,-1.0763429884866809,0.1788786509062398,0.10883867177503655,1.6435210756335945,0.032627987668017056,22.179800033569336,6479.630820797465,0.029833045434470188,30.790199279785156,7866.569920748778,0.02229004659418676,34.33675003051758,12323.614527018348,0.018790763314286796,20.378355026245117,6634.147242174309,0.02558710945173284,0.6979696074241438,-0.18500075223687792,-0.6723824979724109,1.4316516782505977,1.3649493722790949,5.717265186791541
galgen_all_smoke_v2_PRISM_lens_BR_000003,8,3.50837310194884,1.643531375390515,0.5755969092898484,4.081131946869084,1.3271146345305187,0.65226255328013,3.5267118162952387,0.7412996792305486,-2.1326534159276647,0.6906387374033098,0.20913299615899303,3.302390106237721,0.02787824465471284,13.417091369628906,3073.196465027002,0.032869027042218724,18.788908004760742,4668.407003732951,0.023965648829164972,33.80459213256836,7806.343575247563,0.025653988641026054,29.485517501831055,5704.020840543904,0.6714769466133985,1.0121433417652372,0.21753097919062378,-0.3406663951518388,1.5495998144113357,1.378997370520428,5.52242730096505
galgen_all_smoke_v2_PRISM_lens_BR_000004,3,4.068204358226294,2.4693459937165283,0.22625671839443115,2.1311167052004434,1.6927615840998524,0.5931634379423766,3.17202421747658,0.6876278540261082,-1.1191297012404466,0.14857800237492885,0.0839771544896835,1.7692669307243734,0.045225256262142376,13.366873741149902,4878.704194691862,0.03548637531472915,28.85004425048828,10197.12807947956,0.030428413881618103,24.981538772583008,10664.846679429524,0.026124443456093542,16.694068908691406,7962.2752913715085,0.5318317555304736,0.849125323771676,-0.26860171305472463,-0.31729356824120253,1.6805031174889173,1.3117999220954766,5.532357000775074
galgen_all_smoke_v2_PRISM_lens_GR_000002,7,4.456942703013973,1.3964419230781089,0.5877033249934912,3.4495111611135427,1.3715075742484781,0.676220581380208,3.559039443105278,0.762625840402398,-1.7377534175872584,1.0027283295661835,0.20484728678788042,4.8950042018594555,0.02462556922447441,36.07606506347656,5173.190658106614,0.028141991533655993,64.97740173339844,9471.800178845413,0.01859028685838724,64.5923843383789,8601.938500305172,0.019646527312046167,44.5211296081543,5336.66386934802,0.03377841228645238,0.5520946214822944,-0.6229066946435895,-0.518316209195842,1.8963041665740785,1.383501629073561,5.606626195039991
galgen_all_smoke_v2_PRISM_lens_SF_epoch00_000000,4,4.075775506046138,1.85334970123369,0.822119193660171,3.5795657081922014,0.9657623329535155,0.7355433436762552,3.7665698148918714,0.6772686759145308,-1.040284179409763,0.1383426730272312,0.1138380666362985,1.215258455409494,0.056341362882098414,12.221443176269531,5420.7711025056415,0.030207551567072742,29.517126083374023,14577.658340656315,0.015384985506179616,23.39275360107422,12108.68642116338,0.012844379033562569,27.824337005615234,9469.70540662462,0.6056884989607534,0.8725899081542132,-0.46837824659381655,-0.26690140919345984,1.414527004690329,1.4053118537438734,5.457725019763999
galgen_all_smoke_v2_PRISM_lens_SF_epoch01_000000,1,0.0,1.930735874490092,0.8720313003560218,3.3912064770261963,1.095826609745836,0.7481661489591895,3.8307408992949057,0.6745562575568385,-0.9608869510734694,,,,0.057338043920618836,14.453439712524414,6363.048238623363,0.03019811818846948,36.757789611816406,17040.128228304704,0.016194501554943622,26.666894912719727,13993.11438397877,0.01338744090405938,35.09237289428711,10509.102099099953,0.5447509892512313,0.8556229213571759,-0.5247681179580739,-0.3108719321059445,1.414527004690329,1.4053118537438734,5.457725019763999
galgen_all_smoke_v2_PRISM_lens_SF_epoch02_000000,3,2.0870422772513604,1.7920379954458863,0.8199916708557752,3.8047560862262895,0.8725038671275059,0.7081469437648953,3.626779602595161,0.6776061757287665,-1.2301571772564481,0.13221877784724959,0.08774918758428747,1.5067806493393099,0.05658171052188137,12.043563842773438,4818.039158176616,0.030094253326983844,29.649072647094727,12922.426840056432,0.014918965381761344,23.422685623168945,10677.11298697209,0.012627008902331389,27.795408248901367,8721.188634136022,0.6442633868948815,0.8639587828950247,-0.42692100494362867,-0.2196953960001433,1.414527004690329,1.4053118537438734,5.457725019763999
galgen_all_smoke_v2_PRISM_lens_SF_epoch03_000000,1,0.0,1.726690323787464,0.8250441750410757,4.079278596449623,0.8393451623350826,0.6866988364880711,3.5282114919044063,0.679018757650785,-1.7149663952339056,,,,0.05674001595856032,14.633440971374512,4322.869046668988,0.030092420337157085,36.695030212402344,11717.495507411251,0.01466428591028212,27.818721771240234,9524.6083343524,0.012747942139124491,35.02888488769531,8114.521592734469,0.6837271016613016,0.8576876157866886,-0.39892968857884625,-0.17396051412538707,1.414527004690329,1.4053118537438734,5.457725019763999
galgen_all_smoke_v2_PRISM_nonlens_000000,7,5.626668639882476,2.1912043362233797,0.5154038195268754,3.38646906406531,0.7320806429747634,0.3176580942201046,1.7546125403473651,0.549716638441634,-1.1375267151636168,0.14333157992402115,0.13335557982531543,1.0748075192037216,0.05209924448354602,13.4517183303833,6947.111028619111,0.048997690685543195,13.101478576660156,7979.4770352151245,0.05327846502782162,17.504926681518555,10327.599113877863,0.04176800279408919,15.189485549926758,9306.264503344893,0.3174278802636968,0.43048782942888086,0.16700240686981416,-0.11305994916518419,0.0,0.0,0.0
galgen_all_smoke_v2_PRISM_nonlens_000001,11,5.216106032016931,1.479445105054666,0.5647158191200883,2.194792757641782,1.7509494077007683,0.15777608502624932,1.0447309670324636,0.44066517015428097,-1.259614693240581,0.2617170350339429,0.2230042396742574,1.1735966787727146,0.03360753052101442,6.331607818603516,1113.1020703106187,0.032057195261702885,6.211315155029297,1322.1396811902523,0.020660957514375515,13.344141006469727,2325.6946406494826,0.01992375266756969,7.906160831451416,1746.6272553559393,0.48916310583702555,0.8000442539177925,0.30230723251859987,-0.31088114808076706,0.0,0.0,0.0
galgen_all_smoke_v3_PRISM_lens_BR_000000,5,3.941321015994223,1.5599329420353567,0.3593134348218903,1.7581689555412539,1.815967961001062,0.46835263356043405,2.5015919186735474,0.6539865000132346,-0.9302732664981236,0.19058657931674675,0.09661467419595338,1.9726462972922731,0.029551323272103597,4.754312992095947,1259.0548952352256,0.023690876009221342,9.3602294921875,2517.258821826894,0.011873073671325283,7.585637092590332,2039.6328098836238,0.014081034205420367,5.854426860809326,1664.0184824433527,0.30278369956859946,0.5237683089369201,-0.4494243144817406,-0.22098460936832057,1.4498978400243785,1.3694562759840858,4.256838719178229
galgen_all_smoke_v3_PRISM_lens_BR_000002,2,0.26031913885463187,1.6955964127925918,0.3963637848091986,1.6920980175325337,1.9798396861023162,0.5610673795250898,3.13217715436791,0.6354108788437339,-1.0512584416106674,0.15107456412861142,0.10345897842720102,1.4602363799185891,0.025933044516446273,4.10869836807251,721.5872513658833,0.026230240180717436,10.812830924987793,1524.0539055776899,0.018507694419465256,9.000893592834473,1474.0727891912684,0.014292360140604516,5.886372089385986,956.3021712645423,0.3057657253124448,0.7755751941270793,-0.5060129659435992,-0.4698094688146345,1.3627278204936895,1.3810819380076311,4.339071660241438
galgen_all_smoke_v3_PRISM_lens_GR_000001,12,5.465044298311988,0.800608359330933,0.6830911183792912,3.0122682358142647,0.7099585924056576,0.3618460238262434,2.0685327828023916,0.6254397204542957,-1.6080397844783965,1.2235951216550567,0.47529359400062515,2.5743985130450704,0.0404828423088744,1.9734636545181274,717.266863286146,0.02212410246524876,2.892659902572632,1380.1350458783563,0.012565414470367745,2.3909077644348145,1052.8872533957474,0.016702563062895075,2.5629260540008545,1203.6030781509326,0.5620063056150109,0.4167527512397331,-0.1485957358382386,0.14525355437527776,1.4478559473320554,1.3767434962471623,4.360289316460534
galgen_all_smoke_v3_PRISM_nonlens_000000,2,2.014019290970872,0.5922824993731721,0.45969165696404485,2.587012318557133,0.46517429249632775,0.3310793949653041,1.6881648751060228,0.7537854808903466,-1.7476695767176642,0.2853620096133011,0.15814123760381604,1.804475631638886,0.035725436241206804,6.959733486175537,2079.863395388238,0.02796521619674739,7.822128772735596,2495.833054955816,0.010316216892423336,16.354690551757812,4417.582702110347,0.013693192548585925,12.807031631469727,3369.4979706396116,0.523825968838318,0.817874692817907,0.32587416726441243,-0.2940487239795889,0.0,0.0,0.0
galgen_diversity_smoke_date_20260613_182928_PRISM_lens_BR_000000,4,5.843397938152696,0.4466073304795308,0.5124954592112847,2.7743426481115567,1.375595651626505,0.2653777677793988,1.7216223075482946,0.5127210973242043,-1.5758298223895786,1.4819917638565334,0.2678499009392349,5.532918842455506,0.030816558637564148,0.5736127495765686,188.88789438590175,0.02834760853900747,0.7764267921447754,259.9434202306438,0.011284113079676649,0.9374572038650513,344.3232849407941,0.01179931350905968,0.582572340965271,219.45997685822658,0.16287800925574103,0.6519056689892384,-0.18380874960679644,-0.48902765973349743,1.9734103739678877,1.3674,4.73888221992473
galgen_diversity_smoke_date_20260613_182928_PRISM_lens_BR_000001,2,0.8158000112365948,0.8768159317014541,0.31690529233839404,2.453287456846722,1.4893097782220879,0.37751992266939444,2.179687083438065,0.566198729373378,-1.1609760593516578,0.1308717893841487,0.07878586302160794,1.6611075180867867,0.023254438403773118,1.8130649328231812,229.64577061706223,0.04857902386387653,2.5402112007141113,297.09214599151164,0.011715723461077448,3.2526957988739014,396.2921717585996,0.012446659705834522,1.7004507780075073,272.8371665638406,0.18711269816702988,0.5923926051465588,-0.09246910032443417,-0.40527990697952876,0.5478835583010343,1.252,3.2533899313021233
galgen_diversity_smoke_date_20260613_182928_PRISM_lens_GR_000002,2,1.4445247206230725,0.5567430329919842,0.32076245738060505,2.366957684108458,1.6334180847540758,0.19376084201609173,1.5240770428221653,0.31006318499621205,-1.1575645849069076,0.2842683060093136,0.09677164772519503,2.937516438870171,0.028680205692925943,0.16889724135398865,36.80444371618796,0.02174640337350465,0.22874154150485992,51.88360516470857,0.01108866450125895,0.2668377161026001,63.14629274327308,0.012193708853400547,0.1728043556213379,39.346920013660565,0.07252621128928605,0.5861190017515455,-0.3002985080769309,-0.5135927904622593,3.5739351908032857,0.9487,2.3847984962788713
test_phase3_run_PRISM_lens_BR_000003,7,4.247821423501791,1.2541372807365634,0.8706745066549658,3.842341426677722,0.14875203004840046,0.31294168688335217,1.68709096085634,0.650831512755366,-2.395123461899922,0.1472060700854852,0.06225664729822484,2.364503655012636,0.03799690409923618,10.317867279052734,1962.1026578666642,0.022807249874406292,10.359807014465332,2141.759777954081,0.01846121824967083,18.757369995117188,4030.9351744223386,0.01957186157343404,13.422342300415039,2976.231951774098,0.4523626218413802,0.781710219515378,0.3572400412729866,-0.3293475976739977,0.44809265933096926,0.4589,1.0850081901029653
test_phase3_run_PRISM_lens_BR_000004,5,5.601032205399324,1.792741108133896,0.6925374904680718,2.5572449185362163,0.8012972449793136,0.24056309593663866,1.3705610335161382,0.5378591956137092,-1.365698268784312,0.1433607095277867,0.12345857432570431,1.1612049653965486,0.03862862428046305,3.9777896404266357,2571.932415977586,0.024798117765490225,3.8630075454711914,2783.1956941280514,0.022317202472821658,7.555691242218018,4845.939299672842,0.02042164177608466,4.43789529800415,3077.9099134507123,0.19499088052816163,0.6877960440933613,0.10928040145990336,-0.49280516356519966,0.6200377906779201,0.94,2.457753944799787
test_phase3_run_PRISM_lens_BR_000005,4,2.274906687312885,1.557401139032223,0.4370228845329637,3.8790131482224,1.9047624220658668,0.4326241624317216,2.3463003436214565,0.5850898304771598,-1.1923989932061552,0.16043839239712532,0.052459927249957274,3.058303753123409,0.03551835921014401,7.678824424743652,1408.176367730135,0.024211251302634483,7.706852912902832,1551.9550364501774,0.01746256079948777,10.446941375732422,2342.855001952965,0.017475190682161714,12.384806632995605,2023.913227943005,0.3938370931186553,0.5527208988491858,0.2882818856103236,-0.15888380573053051,3.1553383269166306,0.7265,5.773641058424838
test_phase3_run_PRISM_lens_GR_epoch00_000000,5,4.015513291145333,0.4930306734189664,0.8255563460094616,2.7979342361228925,0.6762835043017741,0.21424631980384168,1.544990915351447,0.40113504808869044,-1.8731583200370885,0.6110454404192915,0.2766534291226214,2.2087036562574367,0.024193533816323873,0.4064299166202545,67.23135330923833,0.038481222362549326,0.4117765426635742,76.99793480271182,0.011388508201834957,0.8619759678840637,132.3865246642381,0.01581077934157726,0.519103467464447,97.10210375546012,0.39914196463740387,0.7356798203703431,0.2518739056409929,-0.3365378557329393,1.4900195867684825,1.3674,4.630067291342652
test_phase3_run_PRISM_lens_GR_epoch00_000009,0,,,,,,,,,,,,,0.026034736349372194,0.12437387555837631,,0.027647043649602028,0.13849857449531555,,0.010654741583678014,0.07033327221870422,,0.012528253071997399,0.07008904963731766,,,,,,1.0418006150694228,1.6894,2.1894
test_phase3_run_PRISM_lens_GR_epoch01_000000,6,4.510431564004156,0.513110394945812,0.8214429038697014,2.752020872405614,0.6533820008836528,0.2207076828514218,1.6290267950590196,0.3942892757114328,-1.85882035952375,0.5643620309083889,0.27093703004387465,2.0830007283131358,0.024085987170275068,0.4339028000831604,67.40730799059384,0.038668055561460184,0.4709763824939728,78.55814466730226,0.011359739243092682,0.816292941570282,131.16015087347478,0.015963509507836683,0.5278647541999817,98.86556663550436,0.41584519126744246,0.7227373106660973,0.24963460444472413,-0.3068921193986548,1.4900195867684825,1.3674,4.630067291342652
test_phase3_run_PRISM_lens_GR_epoch01_000009,0,,,,,,,,,,,,,0.026100322071692984,0.13668878376483917,,0.027705019960468393,0.12597987055778503,,0.010624823374938577,0.06438688933849335,,0.01252633493304057,0.07069991528987885,,,,,,1.0418006150694228,1.6894,2.1894
test_phase3_run_PRISM_lens_GR_epoch02_000000,4,4.037222209687299,0.496814880091533,0.8247145484693175,2.77476900745038,0.5938162855970226,0.21487262559974094,1.5757382872399421,0.3929814563176635,-1.8453702299657473,0.5795516320114354,0.26935707838755235,2.151610922871585,0.023992759143602667,0.4380962550640106,66.70474142656894,0.038545676310374026,0.41038888692855835,74.68746188026853,0.011424744216192993,0.7856379747390747,131.5411310782656,0.015886239902127248,0.5388811826705933,96.13041531841736,0.3967602840309319,0.7372621671959778,0.2740327941444407,-0.34050188316504615,1.4900195867684825,1.3674,4.630067291342652
test_phase3_run_PRISM_lens_GR_epoch02_000009,0,,,,,,,,,,,,,0.026077755661720933,0.14735910296440125,,0.027511553291587876,0.12819811701774597,,0.01068094363513843,0.06575846672058105,,0.01253142320414307,0.06935694068670273,,,,,,1.0418006150694228,1.6894,2.1894
test_phase3_run_PRISM_lens_GR_epoch03_000000,4,4.023056134531068,0.4987847783093837,0.8622722717333423,2.811308521419871,0.7190048092914287,0.21662405505433463,1.596952469757619,0.39468293609492044,-1.8605065534415273,0.5919096843913426,0.2892247068611664,2.0465391453416566,0.02410945789305313,0.4367322027683258,69.85029793612193,0.03847895963384836,0.44393283128738403,77.36005766689777,0.011462634216886987,0.8614742755889893,134.61161178769544,0.015843146369678315,0.543545126914978,98.72545111575164,0.3756521600095452,0.7122856537149482,0.2647808551587552,-0.3366334937054031,1.4900195867684825,1.3674,4.630067291342652
test_phase3_run_PRISM_lens_GR_epoch03_000009,0,,,,,,,,,,,,,0.02602594620913643,0.1219722181558609,,0.027561024369901512,0.13427479565143585,,0.01068360474747756,0.06635109335184097,,0.012538038117289041,0.07121198624372482,,,,,,1.0418006150694228,1.6894,2.1894
test_phase3_run_PRISM_lens_SF_000001,2,1.462205317907597,0.9308927317487592,0.7789620723877322,3.4646047067667194,0.49950492677100217,0.27371055924262455,1.5855665075678262,0.5607255774471491,-2.126890820940696,0.16244890588807714,0.052677600348784624,3.083832688134686,0.023009494827350718,2.5774831771850586,391.4573676850996,0.021526421776642428,2.4596619606018066,410.6419395458797,0.01158389663846959,4.98820686340332,792.96765118232,0.014477743308216988,3.0778424739837646,585.2902285756427,0.4367170055451636,0.7664274984782443,0.3847699277653519,-0.32971049293308063,0.5541426082009475,1.252,1.752
test_phase3_run_PRISM_lens_SF_000002,1,0.0,2.37402354216559,0.731984024158137,2.4802030799575676,1.2757334703328052,0.38259381582085444,2.2148546151554522,0.443910795462662,-0.987878733328052,,,,0.03565273144978993,3.9166524410247803,1641.3572462160955,0.06141742454304902,3.664153575897217,1764.427980356617,0.015657923353055183,7.045553684234619,3563.8651957008988,0.017398287593028597,5.113122940063477,2883.843045357382,0.6119212579531591,0.8417953788609822,0.5334192094317983,-0.22987412090782308,2.4078372460659243,0.9487,1.4487
test_phase3_run_PRISM_lens_SF_000006,2,1.3916634304505062,1.934191775576265,0.27695241687901617,3.8353357328692663,0.5548845110452016,0.36800596024670706,1.9972564584733725,0.6459240140393674,-1.5694734643804655,0.10917332879608693,0.04212314197039998,2.5917660385543715,0.03342804096478465,13.928437232971191,3866.2922017320525,0.02777778845652693,13.487702369689941,4123.616020610556,0.018886285829381084,25.096633911132812,7735.817284063902,0.020108126411259496,18.446502685546875,6180.674719262868,0.5093530358953218,0.7530288247448922,0.4393941740527055,-0.24367578884957036,1.556431694202441,0.5771,2.1722466396206728
test_phase3_run_PRISM_lens_SF_000007,3,1.1402482274925438,0.7744713125784782,0.7756125023288635,3.1676651649362855,0.27338974861956683,0.21862050062410066,1.4398896692514023,0.4765582104223015,-2.0801310303744436,0.13438302735910312,0.07244282463943127,1.855021915944968,0.0330783836703375,1.0227303504943848,156.29496524762362,0.026460461640752796,0.9769325256347656,171.98012834982364,0.011744509910319384,1.9622328281402588,319.74825551966205,0.011989165812149117,1.1999216079711914,231.5579776884988,0.42678689936813163,0.7771579887072535,0.3229536981773682,-0.3503710893391218,0.3,0.3803,3.2597100218402155
test_phase3_run_PRISM_lens_SF_000008,3,3.0655012426151953,1.1111896190199064,0.7141966671632607,3.667190095101598,0.6413917862593923,0.3620388240229054,1.9952496325656799,0.6059874467121391,-2.1345110473978117,0.1326627377895598,0.043688875285146006,3.036533600915665,0.026916996196523584,5.426710605621338,939.5354062692495,0.020452575020326217,5.363132476806641,998.3186779086536,0.012234852178276405,9.833467483520508,1773.597544276854,0.016716358320595464,6.803201198577881,1223.7639674339443,0.2869612764627324,0.6898548192671726,0.2210711627444786,-0.4028935428044401,0.9808895696032461,0.8902,1.6473965763145744
test_phase3_run_PRISM_nonlens_000000,6,5.609516019399291,1.1072795758994576,0.8330144550978192,4.1253364843280504,0.4292604186666172,0.5618438779025419,2.888402036311821,0.7836358021524713,-2.4898991223866584,0.4562365734355855,0.3774950039207626,1.2085896997231547,0.0383112921892486,50.982696533203125,4771.034804656578,0.03068475551905792,50.112586975097656,5219.21540693799,0.02121844406440427,81.46033477783203,9594.260713505559,0.018569458152431138,61.98978805541992,7399.5036349399015,0.47647500779068774,0.7584973275531913,0.37899341619308435,-0.2820223197625034,0.0,0.0,0.0
test_phase3_run_PRISM_nonlens_000001,2,2.647017186946971,0.8160644393414461,0.6399909754586558,2.990812047666418,0.21800129075947786,0.3129685731525204,1.5892908437205109,0.7958757494452334,-2.0407693436317023,0.13695632063820024,0.1276143253646212,1.0732049105528472,0.03611157225768561,27.83687400817871,6042.908359893903,0.028342783851175037,29.80736541748047,6676.1684114673735,0.01078113699442692,45.37873840332031,10549.910117497435,0.012112141608075397,38.55685043334961,10432.9684315403,0.5929047125354937,0.605006878268247,0.4847015243078201,-0.012102165732753188,0.0,0.0,0.0
test_phase4_run_PRISM_lens_BR_000000,3,1.5981561657546297,0.9736822923958947,0.9343819146759416,3.3384330880425317,0.43960036420160065,0.25073316098280524,1.4810338757308104,0.5458626595101529,-2.1218548023073884,0.12912998862825492,0.07347429427352109,1.757485252563919,0.02498627463970244,2.72971773147583,503.6797624400933,0.024224257163286914,2.449202060699463,534.150799337076,0.01578382397174136,5.005290508270264,983.8349741566926,0.01510652465277509,3.501735210418701,772.5813104868867,0.4644742410256542,0.7269193890964716,0.4007007882066282,-0.2624451480708174,0.45412519190323797,1.3674,2.859506655196912
test_phase4_run_PRISM_lens_BR_000001,4,2.191646328458678,1.4221915381228536,0.6905197140374392,1.781851230925044,1.6750673622081866,0.49558990318668333,2.590131618082303,0.6647561936816248,-0.9537628763270732,0.0873138820289646,0.07343076322579248,1.1890640678823245,0.032980386213887034,22.37799072265625,2487.8986702223774,0.027515115457841983,19.89507293701172,2380.9242561113206,0.017432294214590634,24.63926887512207,4504.533781650476,0.019017319823112916,26.667280197143555,4014.6216546045616,0.5195298371320447,0.6445429006906502,0.5672476083199386,-0.12501306355860556,0.4360428029138065,1.252,5.738888754639684
test_phase4_run_PRISM_lens_BR_000002,3,4.6778913170670675,1.37748424149425,0.6320719490896011,2.286347661254466,1.5260736907190238,0.38763376653692155,2.0235644183390287,0.6857980493894051,-1.2420456351656433,0.13893347063562486,0.054419822713313776,2.5529938119705573,0.024855154373183523,14.77783489227295,3696.0068650690373,0.03184279806866799,14.31146240234375,3741.9995405189984,0.020032334832726897,26.912090301513672,7099.275185261853,0.01845176769430292,18.55432891845703,5362.847898466513,0.40415677605517064,0.7087031039911263,0.3907293745125653,-0.3045463279359558,0.5896169920719243,0.9487,2.7416002627288982
test_phase4_run_PRISM_lens_BR_000004,3,4.036913363770403,0.6672527927254341,0.7984052469582978,3.0274829436440696,0.9123793325265623,0.25251162961009466,1.490245420928769,0.5415605937964919,-1.8574583152238393,0.8739644411819384,0.6379983753049187,1.3698537096810701,0.027665866186472293,13.771965980529785,1852.7071112599224,0.02275597549274227,13.076122283935547,1942.2593775647983,0.016559820616740394,21.296283721923828,3188.728490543086,0.016623379573114907,4.019262790679932,1832.3811970769602,-0.011977354613777701,0.5895269340910478,-0.0632285008668171,-0.6015042887048254,2.0502240714600126,0.94,4.903558686734833
test_phase4_run_PRISM_lens_BR_000005,2,2.091389192685464,1.6928191291121326,0.5018621353006448,2.524404225479749,1.6552691501800285,0.49451018969954796,2.5595281600203084,0.7414919367223092,-1.4853987025575277,0.15984249756291327,0.03572406144522516,4.474365206430851,0.04609450367611184,60.72697448730469,14639.98060194403,0.04261299425922539,56.17012405395508,15729.910501198843,0.04015514853812266,66.95985412597656,17581.542088184506,0.04199319812185256,51.03792190551758,16777.892217554152,0.1479922471220852,0.19879115843035655,0.0700278712826703,-0.05079891130827127,0.4417447457536961,0.7265,3.084336685059667
test_phase4_run_PRISM_lens_BR_000008,20,4.8691808554746645,1.7794823071875276,0.5868155003522811,2.7663483854747377,1.4173929976057509,0.3575941773258817,2.0848320528112203,0.5764791348522699,-1.4033127457892765,0.1879981167245647,0.09686541882903554,1.9408176725728667,0.04300570596990713,5.917645454406738,1828.6755286685511,0.02548018123781258,5.766570091247559,1818.9676351461094,0.02336589941359741,10.951290130615234,3578.1890007858165,0.02213253065540614,7.715443134307861,2834.971183922142,0.47602998915249484,0.7288165579299201,0.4818091928091577,-0.25278656877742517,1.2345197135345336,0.8902,3.7942262413499295
test_phase4_run_PRISM_lens_BR_000011,2,1.3628286590450767,1.007058463349709,0.7378873832465125,2.173511428074227,1.4790714095305935,0.2573077429077407,1.5248060111732435,0.46559178117344047,-1.1868729713515744,0.12304467603218548,0.07752244068948802,1.5872136498518452,0.03277828095376553,1.8558565378189087,337.42651690403,0.02499174771351787,1.895865797996521,384.29707171127666,0.014451297998089923,3.362133741378784,757.3508410807699,0.017573232674327123,2.3145923614501953,563.049097588053,0.5559176445467054,0.8777947578085056,0.41469797885020576,-0.32187711326180035,0.30206044634470347,0.36,5.617881947690783
test_phase4_run_PRISM_lens_BR_000013,7,3.6224007179653945,1.2811315486767376,0.713032223811201,2.8982284498440265,1.373992007277857,0.40410786045813746,2.100935547123646,0.7016081921967962,-1.5991904353899835,0.12997480857571053,0.0637459809130174,2.0389490712059732,0.026068136044150488,13.063899040222168,3435.736182397115,0.023467996870893754,16.22415542602539,4234.646448680898,0.019584781955125218,25.850730895996094,7499.616210822016,0.021814516048587144,19.687097549438477,6533.677098184824,0.6978446469555455,0.8475480764930999,0.47085127618722217,-0.14970342953755436,0.4648063846876974,0.6001,4.6544542402556495
test_phase4_run_PRISM_lens_BR_000014,5,5.27885527896325,0.24353943374031,0.6872472312595974,2.342282780580218,0.6259428681358042,0.2371150843697194,2.0550710339897895,0.2372589916434097,-1.6166486570550729,0.8484424755707568,0.5660806293530641,1.4988014632127322,0.022521365884849102,1.3736857175827026,183.58801470056642,0.02372854396762284,1.3943737745285034,189.7477245342743,0.011136258404759727,1.6819390058517456,246.4494958780706,0.012046266634365747,2.215916872024536,355.06369461864233,0.7161548559077109,0.3197090216817822,0.6803242282545824,0.39644583422592883,1.728567759061109,0.893,2.6410484240546497
test_phase4_run_PRISM_lens_BR_000016,9,4.794681689370764,1.2110060426196396,0.5204188447949842,3.7386580067616015,0.4410254864614479,0.3221686858512143,1.8035361287622127,0.5940260404753633,-2.2987682959221933,0.13120564159030082,0.07034323083453213,1.8652205767877637,0.04595456675736838,5.081122875213623,962.3175844438956,0.026415893864117877,4.7710089683532715,1035.0825445473893,0.014604545955030895,9.468620300292969,1963.365599425044,0.018522489701665333,5.995535373687744,1447.0705707101151,0.44292822391058195,0.7742068890414439,0.3637868163004327,-0.33127866513086196,0.6438118410426172,0.3707,1.156596431834628
test_phase4_run_PRISM_lens_GR_epoch00_000007,0,,,,,,,,,,,,,0.029045162331847292,0.12910595536231995,,0.027683207256106405,0.14224334061145782,,0.010014771374889713,0.06788841634988785,,0.012178722202119237,0.07197652012109756,,,,,,0.5872455799849011,0.3803,1.4496708814621315
test_phase4_run_PRISM_lens_GR_epoch00_000017,3,3.584756773025634,1.3670299070848522,0.6638059577790127,2.979917790671982,0.8142474838345709,0.24553790887414045,1.5253300213172423,0.44677443720721227,-1.6433470978162927,0.12939671333370487,0.12380334442152857,1.0451794653715643,0.03494812712412793,1.6466889381408691,558.4123429034953,0.02821392650989009,1.7172601222991943,600.6669845853467,0.01588966986935296,3.1077466011047363,1141.308404990472,0.013386758875313674,2.215953826904297,825.1769924225518,0.4239802532440293,0.7761200159884118,0.3447833717249207,-0.3521397627443823,0.4215341852612494,0.3004,5.913852138118575
test_phase4_run_PRISM_lens_GR_epoch00_000018,4,2.7001998085160412,0.3778817777999624,0.6431246800097549,2.9441259169309775,0.234703551348175,0.22517387096631164,1.5480243208612032,0.42509242533703084,-1.9417961418800194,0.37488313852893496,0.18430233980892008,2.0340660835755213,0.03686621099213391,1.3678091764450073,105.13881298224442,0.05457041075042021,1.2136367559432983,105.30015665176325,0.023938373631921184,1.3296784162521362,126.03526229271665,0.016769833678860663,0.816814661026001,87.53976874286309,-0.19889418634181238,0.19682250003046967,-0.20055905571495644,-0.3957166863722821,0.613421134339958,0.9298,3.676243676102832
test_phase4_run_PRISM_lens_GR_epoch01_000007,0,,,,,,,,,,,,,0.02907051081863324,0.1436651349067688,,0.027750540404459022,0.12690895795822144,,0.010012204780719089,0.057889826595783234,,0.012136691425458163,0.07880076766014099,,,,,,0.5872455799849011,0.3803,1.4496708814621315
test_phase4_run_PRISM_lens_GR_epoch01_000017,0,,,,,,,,,,,,,0.032821617926438326,0.18330764770507812,,0.025642558661870332,0.11523492634296417,,0.01266557533406236,0.07046566903591156,,0.010755024043672701,0.06390569359064102,,,,,,0.4215341852612494,0.3004,5.913852138118575
test_phase4_run_PRISM_lens_GR_epoch01_000018,5,2.7006599117752668,0.37088536972734587,0.628693609422817,2.831732844451748,0.31324960817141445,0.21569950761562756,1.48526287970868,0.42407367402261525,-1.9288900247710141,0.26499596876682907,0.14703002082308947,1.8023255882258185,0.036748505795019946,2.8090245723724365,131.7911453404231,0.05472188879393295,1.9604039192199707,126.79421156132594,0.02409072280383755,1.2556816339492798,136.90778760705143,0.016849816286921414,0.8889342546463013,98.76226290874183,-0.31323800010426456,0.04135480041127518,-0.27127098814756734,-0.35459280051553976,0.613421134339958,0.9298,3.676243676102832
test_phase4_run_PRISM_lens_GR_epoch02_000007,0,,,,,,,,,,,,,0.029133360145573006,0.14382676780223846,,0.027733134386377572,0.12972795963287354,,0.010004350212661548,0.06733688712120056,,0.012167045715852696,0.07045444846153259,,,,,,0.5872455799849011,0.3803,1.4496708814621315
test_phase4_run_PRISM_lens_GR_epoch02_000017,0,,,,,,,,,,,,,0.03257068552537397,0.14420180022716522,,0.02563597317793372,0.12405919283628464,,0.012677125958423886,0.08801588416099548,,0.010758695315492733,0.06346429884433746,,,,,,0.4215341852612494,0.3004,5.913852138118575
test_phase4_run_PRISM_lens_GR_epoch02_000018,4,2.698066283042347,0.3691310232949755,0.6460578093324043,2.9014225660262722,0.2375419152536816,0.22211939402665218,1.527045483429014,0.426108906167364,-1.9152008704158958,0.2993689662806747,0.2671683412318435,1.120525601575256,0.03672267764809163,3.5403051376342773,112.17064429773018,0.05453898090487942,2.819537401199341,119.19800890097395,0.024051859863622002,2.3441965579986572,148.55996162071824,0.01691351253689715,1.175411581993103,101.99144886247814,-0.1032886328300678,0.30505641026783276,-0.1692630991432496,-0.40834504309790065,0.613421134339958,0.9298,3.676243676102832
test_phase4_run_PRISM_lens_GR_epoch03_000007,0,,,,,,,,,,,,,0.02894944139106149,0.13397550582885742,,0.02765546907544444,0.1198158860206604,,0.010050183670640978,0.06486019492149353,,0.012209905610312547,0.072458915412426,,,,,,0.5872455799849011,0.3803,1.4496708814621315
test_phase4_run_PRISM_lens_GR_epoch03_000017,0,,,,,,,,,,,,,0.03261963969537731,0.15575656294822693,,0.025625079309788606,0.131761372089386,,0.012681933507802778,0.08353544771671295,,0.010729852942382037,0.06884730607271194,,,,,,0.4215341852612494,0.3004,5.913852138118575
test_phase4_run_PRISM_lens_GR_epoch03_000018,0,,,,,,,,,,,,,0.0362744775770332,0.19125986099243164,,0.05431127713399554,0.2395712435245514,,0.02314438499837779,0.12629520893096924,,0.016194618943941055,0.08805543929338455,,,,,,0.613421134339958,0.9298,3.676243676102832
test_phase4_run_PRISM_lens_SF_000003,4,4.473636181515627,1.5554294437124423,0.8195336509041363,4.0237574470270046,0.4421536519011522,0.3323496631936527,1.8120666664082747,0.6031683614727994,-2.3502797293474296,0.19754891149258114,0.042202435548882734,4.680983666541279,0.04048181446765861,12.421299934387207,2641.8292628969066,0.034500572776200306,11.869481086730957,2795.489494412672,0.024171309466938923,22.855195999145508,5411.170256206766,0.023784333003217122,15.06732177734375,4042.007495856844,0.46173092032645524,0.7784661306924041,0.4003481251912848,-0.3167352103659491,1.6751750843446114,0.4589,1.2184146396846294
test_phase4_run_PRISM_lens_SF_000006,1,0.0,1.5298953212844806,0.5465732956742879,3.3493271547625367,0.38208262491786477,0.3101891928013152,1.7493204324628833,0.5910924208166464,-2.07473571032434,,,,0.025538567045308668,5.499544143676758,1416.1915947353118,0.02948965859077802,5.245921611785889,1507.194510518806,0.013461749604320413,10.177082061767578,2872.04610459134,0.016682550389682544,6.711197376251221,2190.090427758638,0.473350086367737,0.767673487077968,0.405731858363598,-0.29432340071023094,0.9376435739874618,0.5771,5.818431202129213
test_phase4_run_PRISM_lens_SF_000009,1,0.0,2.955817727228394,0.930795241878133,1.5695800756277767,1.4439838424605893,0.3698626067451762,2.435931181497662,0.42456709448910607,-0.7428677115872034,,,,0.03156569544801155,2.7622008323669434,1938.1221308253007,0.02979558728261396,6.420365810394287,2465.5351252751425,0.03886134018905539,9.08098316192627,5187.628318653442,0.03249916034896304,10.464177131652832,3899.2923369351774,0.7590116389679322,1.0689692792329855,0.4976865053790048,-0.3099576402650533,2.803458621489379,1.6894,2.1894
test_phase4_run_PRISM_lens_SF_000010,9,3.365404839777796,1.2124740759511403,0.9541696915893783,3.2020067042443907,0.4294249054590978,0.23928419788558983,1.3734293123992216,0.5647412083795141,-2.0457370372383723,0.25074672829229566,0.0941364267431191,2.663652498480074,0.026022789853502228,4.233887672424316,1140.518505640328,0.033144821043732134,5.107131481170654,1526.6712682517245,0.02016828348249992,7.938508987426758,2709.456169893034,0.020034708392797716,7.10927677154541,2203.633193996735,0.7150924232137794,0.9394494839281088,0.39848443338583917,-0.2243570607143294,0.6567963646087196,2.0209,3.2806840099908015
test_phase4_run_PRISM_lens_SF_000012,15,4.303437865010012,1.0909684996231157,0.5031526798431757,2.9490186383784405,0.5065117917506735,0.2366160871132514,1.7277140555804993,0.36456370028454593,-1.923848542444927,0.11544152108029447,0.10064235688830908,1.1470470749051438,0.031652759144689256,0.7352674603462219,203.55039440802648,0.02510766373470014,0.8094264268875122,230.04872466926463,0.02492265180669474,1.7435669898986816,476.14014519844204,0.014387996496728464,1.082321047782898,350.5878738272004,0.5903123559180508,0.9226571295616783,0.45744265150043123,-0.3323447736436275,0.3511763142756213,2.4486,2.9486
test_phase4_run_PRISM_lens_SF_000015,2,2.9904205024575243,1.1949337384925898,0.5294940808647198,2.5495189870396984,1.0261171247378815,0.3357183676738807,1.7976781104716304,0.6659090541973601,-1.5651814733296314,0.08707356074630779,0.052589934893736444,1.6557077114137748,0.028656614118204003,4.9496846199035645,1486.2242492751975,0.028594903760097143,5.07438325881958,1638.871249145188,0.01194562695480155,10.66747760772705,3435.0658335112967,0.012134168343454835,7.398401260375977,2638.648916961567,0.6232431660442874,0.909626804503082,0.5170919324218791,-0.28638363845879466,0.41022707937536096,0.9587,2.434928005346074
test_phase4_run_PRISM_lens_SF_000019,2,1.7993711834825021,1.1698884118660249,0.49843613339376736,3.828768399720931,0.4189934463613192,0.35236743484249183,1.918290334748927,0.6512281801638244,-2.3546685811080468,0.17544218310900883,0.052506754056492695,3.341326011511744,0.02413984506651028,7.699995517730713,1171.39934332142,0.02075150727312408,8.135567665100098,1337.0067494129762,0.024406539471066774,17.50931167602539,2830.773524862714,0.013427996064481753,11.652833938598633,2105.1822515744716,0.6364618091749019,0.9580003723332955,0.4928902506185949,-0.32153856315839363,0.6442812664392967,1.1063,1.6063
test_phase4_run_PRISM_nonlens_000000,2,2.7268694045140545,0.5143423078230555,0.6227294089815938,2.843719398212662,0.34310160069629536,0.28420267040499836,1.4587482945298074,0.7522424168667072,-1.9587577745690814,0.2662008334920709,0.18697965500347574,1.4236887616843796,0.027536284573660086,10.725042343139648,1327.5983976607677,0.018338289849521773,11.07930850982666,1484.1371293836637,0.013522613649978268,23.588258743286133,3010.4638452660292,0.015494754434701748,16.344560623168945,2233.6351340606343,0.5648637817091491,0.8889167406647431,0.4438455051841973,-0.3240529589555941,0.0,0.0,0.0
test_phase4_run_PRISM_nonlens_000001,1,0.0,0.36608498109233706,0.4976120323316868,2.6670080042368927,0.8506964799604156,0.3198038553981085,1.620880336256728,0.79157645804545,-1.8002101854274668,,,,0.02942148876852682,15.899521827697754,1472.057009431388,0.026260026291869153,17.435991287231445,1657.8493857380236,0.015274131344764456,36.165611267089844,3030.145531305345,0.012022442520321851,22.53846549987793,2580.8711287584156,0.6096042244731752,0.783847144138426,0.4805531166243953,-0.1742429196652508,0.0,0.0,0.0
test_phase4_run_PRISM_nonlens_000002,6,4.813978948259401,1.757865205165547,0.8831627198709561,3.5034823958486747,0.2626591943894318,0.2302396518659957,1.3187261443410465,0.5624705566127842,-2.2167028896650716,0.13485293327162504,0.05644464358167121,2.3891183416988513,0.0447363338266886,9.793478012084961,4123.5740467924625,0.03427610609265447,9.930052757263184,4527.256045022979,0.03421114035236343,11.35418701171875,5372.039229862392,0.033977469803409974,10.404312133789062,5409.4612752031535,0.2947005464461201,0.2871634447913491,0.1932973971360133,0.007537101654771032,0.0,0.0,0.0
test_phase4_run_PRISM_nonlens_000003,6,5.749129126710275,0.564452934273147,0.6565627053362216,3.8895195653159758,0.22585491414939318,0.6257573660582507,3.1816379165423965,0.8344784329269914,-2.4791698451386206,0.20569798773001866,0.14214782880467483,1.447070908220962,0.02539312122006922,39.31865310668945,1946.6095692616364,0.019676303499433615,37.959415435791016,2109.2254438460805,0.014502654263064206,74.71419525146484,3760.744665591046,0.014442095476656622,48.34663391113281,3068.422428186517,0.49409073630490286,0.7149874854489493,0.40698036714743935,-0.2208967491440464,0.0,0.0,0.0
test_phase7_run_PRISM_lens_BR_000001,5,4.6580761563409805,1.5426179929465176,0.8738263024480484,2.625617772093525,1.4437774634767755,0.3797335924352979,1.9860247879918655,0.6896147301089577,-1.4598724359153883,0.15844710498399595,0.06573624725193726,2.4103460664059506,0.053137529387535284,40.75966262817383,13708.534943312407,0.04470884715886856,37.60200881958008,12099.313964375295,0.040583114957817155,38.38785934448242,13370.221413712949,0.045123636908790316,36.27396011352539,13537.945262859575,-0.013595723999673924,-0.02713111019478175,0.12198001863396868,0.013535386195107763,0.4313805737455168,1.252,4.182454433648199
test_phase7_run_PRISM_lens_BR_000002,4,2.1002771157683418,0.47514825253724124,0.6437877085678027,2.8448524253221192,0.660360375326219,0.19477294801215658,1.4377043371974867,0.40988269251467585,-1.8466928377499003,1.0978063559437552,0.5027358594822187,2.1836643144461902,0.034585675313454876,0.7255176305770874,203.62249753065407,0.028346922445806798,0.5581211447715759,202.064019905054,0.01584920389601379,1.0031242370605469,310.99003635928966,0.013864494397517866,0.6378917694091797,172.81760876975022,-0.1780944208826972,0.45980178786411274,-0.1697524926518703,-0.6378962087468099,1.1281908294341618,0.9487,2.5764626209398216
test_phase7_run_PRISM_lens_BR_000007,3,2.771861942341859,2.5242199998899584,0.8382426466354521,4.090162242352405,1.1233428476400729,0.42673557313675475,2.573665594668674,0.46193206179609514,-2.053774249353745,0.07964673463273082,0.0609398179239114,1.3069736232585503,0.04228365926098263,9.479249000549316,2391.11450954061,0.042264324838639795,8.506832122802734,2543.0536699621007,0.029983855815459554,10.342535018920898,5131.029702894855,0.02647366337379776,7.166835784912109,4177.545069889631,0.6058019230397854,0.829010384831363,0.5389140454198795,-0.22320846179157772,1.0963510340404328,0.3803,5.874142579172476
test_phase7_run_PRISM_lens_BR_000011,42,6.531836169668727,1.6745216476532774,0.5025338649802193,3.1624142836018305,1.5103308135170652,0.4649054569757638,2.553475233121379,0.6859681367017388,-1.6762839485210979,0.5482583845880429,0.3653073561210152,1.5008139732242938,0.04513719791203416,18.86210823059082,3402.3830728962785,0.030251954970534824,17.280336380004883,3567.5979518406093,0.030521651779716694,22.543237686157227,7891.857871837914,0.02593929396381368,15.609105110168457,6336.695237853099,0.6751990281318072,0.9134901154333643,0.6237172859834218,-0.23829108730155724,0.4654784912900363,0.36,1.5243489905722836
test_phase7_run_PRISM_lens_BR_000018,1,0.0,0.9414293405585006,0.5606881065408339,2.295863316832642,1.848889889551506,0.2281972802224061,1.5384352012858675,0.4631736163102743,-1.1002478999478127,,,,0.03249050133456019,0.7075335383415222,165.75138151517604,0.019681391877396023,0.7235144376754761,183.6235080829356,0.013188715626471382,1.5615391731262207,373.8205250692554,0.019976804333508853,1.0277057886123657,286.2048213817761,0.5930494717390262,0.8830149657136105,0.48187166336556586,-0.28996549397458443,0.6264140963640175,0.9298,2.8013639733014237
test_phase7_run_PRISM_lens_BR_000019,4,2.082706486245889,0.06765552532425871,0.5624219603561478,2.6356027626092295,2.0,0.0,0.0,0.07846507767517626,-0.3486580050281217,2.051480738059479,0.6461138126721694,3.1751073848352727,0.03703238885404744,1.0537495613098145,224.7953075846708,0.019870040924611757,1.1161079406738281,251.122436313839,0.01337067478764532,2.5847034454345703,406.20724564627744,0.011733480260919716,1.4914451837539673,394.18830481078476,0.6097912339461363,0.64240106082489,0.4895455473188156,-0.032609826878753786,2.236424405316163,1.1063,2.184641458501878
test_phase7_run_PRISM_lens_BR_000020,6,4.399243140360629,1.280822220827969,0.5437473932075034,3.8041429152901403,0.1795497849166268,0.3060432459207112,1.689066851880965,0.6205601177878083,-2.3645350505901983,0.16684127926578204,0.045361065279300936,3.678072334467742,0.039515656566909856,7.1735687255859375,1530.8077568231965,0.028560292742842837,7.7837815284729,1770.0052125751972,0.025018374583943723,16.46700096130371,3688.061489328742,0.020712340706216054,11.588872909545898,2768.570300619118,0.6433372539312778,0.9546937476014465,0.4857025260609179,-0.31135649367016854,2.0689996341718393,1.6548,3.6685478767776836
test_phase7_run_PRISM_lens_BR_000021,5,3.989768530217884,0.6127625741575264,0.9208874265105418,2.9553545775973884,1.1128422933750708,0.23803340764065722,1.6137734384737403,0.46346583596159363,-1.7886973341079544,2.0374594571811135,0.5194506695997697,3.9223348364358657,0.03031005306167071,0.8652148246765137,269.38138571893796,0.025881764416348787,0.8419533967971802,280.4730822672718,0.013687980527097101,1.5165939331054688,510.53766730823554,0.015025399095193865,1.015749216079712,375.1661547382828,0.35964017343757376,0.6941505177100554,0.3158311619682318,-0.3345103442724816,1.4244052328772427,1.7579,5.514230764509369
test_phase7_run_PRISM_lens_BR_000024,6,3.4650136808118925,0.858251502889096,0.8100858632414861,1.9030904496899081,1.7107562164061183,0.4117670937120429,2.35975747434972,0.5251767629139029,-0.8950561846980132,0.21010008203588937,0.09850008097395949,2.13299400323776,0.02585973977238848,2.2588627338409424,333.96453352156095,0.027636680556471532,1.9138820171356201,339.2780185367192,0.012842088574039182,2.7914090156555176,617.2819526977837,0.015322783271498748,1.2367140054702759,485.87881851010025,0.4070690471364469,0.6669580797413597,0.3899306092135809,-0.2598890326049127,0.3831158683105156,1.6232,2.241169553816606
test_phase7_run_PRISM_lens_BR_000026,4,4.725731102766107,1.450458281186807,0.4983201733524535,3.538355655365963,1.1924261441826591,0.42107189062758626,2.334692297248392,0.6647498335907177,-1.931849030765036,0.45910907176845445,0.18449535228111674,2.4884587394315876,0.03804835654683912,10.179646492004395,1380.2505450288008,0.0338376702714072,9.871260643005371,1506.7599242000142,0.019013097317392296,22.304636001586914,3247.552787544206,0.016664925626821127,13.665451049804688,2301.8733002566732,0.5553087205087771,0.9289957294087696,0.46009338724979704,-0.3736870088999923,1.5643722419472064,0.603,5.082486282443488
test_phase7_run_PRISM_lens_BR_000030,4,2.0416714253364185,0.7981771497599488,0.4649691413450881,3.113080054280955,0.7334606305140089,0.2579212032235481,1.5409919902453135,0.5367619608335432,-1.937951590840823,0.3363158310920628,0.2863994510163581,1.1742893706624238,0.024287168890615777,11.621796607971191,912.1587961809564,0.027158171594685598,11.745142936706543,1068.399576121592,0.01465842712373854,17.422779083251953,1700.2592854662798,0.017587169224425877,20.8590030670166,1772.319650306832,0.7211790054410643,0.6761117619871143,0.549520864077948,0.04506724345395004,2.479782977412062,0.9704,1.7788560932305404
test_phase7_run_PRISM_lens_BR_000031,1,0.0,1.5948279611889111,0.3506222209137385,3.7008028631130276,1.1635480705780232,0.4210791139139165,2.213558526359039,0.7075045356721305,-2.1883329720444773,,,,0.04577188919736721,18.406503677368164,6029.92209002329,0.036238831825284715,18.70492935180664,6374.231379388832,0.0323629635468521,39.00080490112305,12502.412915911525,0.029652835430196287,25.983991622924805,10670.628408544697,0.6196957388795123,0.7917053433875642,0.5594054311031964,-0.1720096045080519,0.3,0.8803,4.240300887198247
test_phase7_run_PRISM_lens_BR_000032,8,3.021557402247876,0.789034308670407,0.5927569405707416,2.6980454398779297,0.6072610115837976,0.38867925915571117,2.0717000454298433,0.7084779584935686,-1.6249436605790988,0.1968780904384373,0.08662819034815004,2.272679247335122,0.03404742183341124,7.484758377075195,2797.0982831117144,0.06525774531594594,6.438814640045166,2850.3351720546343,0.01259051241793001,9.651516914367676,4360.323241220787,0.012519049822010664,5.288062572479248,2915.092134367558,0.044861397363088536,0.48202739770171454,0.02439088436194312,-0.437166000338626,2.097011558879511,0.3602,2.8416117114327424
test_phase7_run_PRISM_lens_BR_000034,4,1.6176032836094323,1.0433429945590689,0.7579566227220549,1.932013985936024,1.823776630157576,0.21414581998683357,1.367599394399943,0.4268178776880582,-1.1589077676380777,0.14812761116907597,0.0734520852149432,2.0166563105133015,0.030157771617246112,0.8406868577003479,255.59172987076454,0.020162428926048435,0.8121248483657837,276.4093165557715,0.013971447542169124,1.8139467239379883,639.8134145829827,0.017117880219706713,1.2156449556350708,444.54296732181683,0.6009173668820733,0.9962663602464072,0.5159026674053885,-0.3953489933643338,0.32522559817326047,1.6661,4.233176075009126
test_phase7_run_PRISM_lens_BR_000035,1,0.0,1.0030338206773193,0.5208373056057592,2.6832742303023642,1.1533750068933497,0.20698537582696291,1.3509835379859045,0.46361731377920384,-1.6060863428469168,,,,0.03091546186791075,0.9472889304161072,233.3445643364248,0.030818218588982725,0.9654074311256409,271.5778011510665,0.014991947576238797,2.073948621749878,641.8989189574495,0.012021649997502127,1.4864689111709595,430.1941136912792,0.6641669376171399,1.0986723891102328,0.4994254899429432,-0.43450545149309294,0.37407808189959874,3.1692,5.335862815201693
test_phase7_run_PRISM_lens_BR_000037,5,3.5293722072442515,1.1622103860387811,0.6135125007701416,2.180659155368866,1.6613239544985545,0.2499909005459755,1.4373893825579696,0.5388915478542872,-1.173712450159581,0.09880426976130076,0.06713729642981035,1.471674836722046,0.024490561903757955,2.329308032989502,634.4690680027561,0.03583415243936439,3.8804948329925537,919.3783757821657,0.014795018866129406,5.786163330078125,1727.622130165808,0.015680901600773775,6.090222358703613,1432.2647171933204,0.8840320988739512,1.0875957614476996,0.48132252200864734,-0.20356366257374828,0.35214413865592276,1.498,2.1277199321598723
test_phase7_run_PRISM_lens_BR_000040,6,4.4203171191255635,1.9592390219321032,0.5769133368978773,1.7507254323626233,1.8968796140774802,0.40199849592129894,2.3035124362215527,0.5383588322135537,-1.054317120595534,0.1938176774252687,0.10192653048744439,1.901542969218831,0.03894091047186453,4.7727766036987305,1048.2492618730466,0.02397188697169932,4.849869251251221,1218.2669309920166,0.015431201683863522,6.130215644836426,2046.8661681851372,0.016381085810580585,7.838312149047852,1944.01132207294,0.6705855617402247,0.7265622062911432,0.5073908355354656,-0.05597664455091876,0.8121768908089971,1.6261,2.543066266900083
test_phase7_run_PRISM_lens_BR_000041,10,4.189211442797309,1.0755600648954515,0.8092045386905734,3.456556748698329,0.9652027324428811,0.2925253858782854,1.6955497902602759,0.5501674947500762,-2.0019206871583064,0.6769430479910387,0.478476621758543,1.4147881363630117,0.033102615129501786,3.0972678661346436,569.3887697733007,0.0224389082019761,2.973144292831421,594.0958555454854,0.012484860846639067,5.681105136871338,1077.8350051436573,0.014707610541194068,3.687654733657837,756.1096502649307,0.30793970961357,0.6928584675403325,0.26182064575302527,-0.3849187579267624,1.5251547084145116,0.3,3.340033887471604
test_phase7_run_PRISM_lens_BR_000042,1,0.0,1.6006058135379915,0.5923465614649044,2.3666397022162236,1.4843487051505144,0.327304836081903,1.7367901960246288,0.6471178170904699,-1.4959297309243433,,,,0.022402196178757123,9.136788368225098,3862.686175169132,0.026274514146234638,7.09454345703125,3816.872075959909,0.01939521981990721,19.290454864501953,9249.739960086998,0.018079963407808434,10.142870903015137,6387.55759687908,0.5461135099743202,0.9481002456866832,0.5590680614443666,-0.40198673571236304,0.3558768698351693,0.3,1.859683847182588
test_phase7_run_PRISM_lens_BR_000043,4,4.293398252643648,2.1283808777551627,0.9003052676159162,1.708218655475606,1.5619060322109608,0.3579387723899098,2.003235596894944,0.48677885635170753,-0.8583199207300917,0.12795963823810977,0.04980254935324379,2.5693391181745873,0.02846499392762117,4.1709208488464355,1462.5145740839653,0.026020054856603993,3.5947165489196777,1578.9262654756458,0.015141017760871544,3.9189891815185547,2979.1577298119664,0.015318820710062091,4.012141227722168,2424.5114236010704,0.5488100804234393,0.7724832368509142,0.4656559635779509,-0.22367315642747493,0.8625863523723799,1.2101,1.783187241712724
test_phase7_run_PRISM_lens_BR_000046,2,1.4211476751787602,2.2069719104825833,0.5755776419193258,2.4825503315152755,1.8255242302022316,0.3844465460467076,2.110396111033539,0.5739566720713759,-0.9537263218636003,0.16224638418945508,0.08735263640195101,1.8573724946649846,0.03167002402009103,7.340798377990723,2655.209683974157,0.035416369050600915,7.09266996383667,2665.051620505299,0.021054950705097525,13.40634822845459,4729.340186424553,0.021610903318357556,9.530019760131836,3889.763981504366,0.4145610679342203,0.6267543276350805,0.4105440626051316,-0.21219325970086036,0.7074360042121011,1.5728,4.3798916103748065
test_phase7_run_PRISM_lens_BR_000047,4,3.930264187947071,2.3109703683330607,0.25093573498724064,1.9483410896620446,1.8458040696628066,0.26127872586040096,1.7493892640179687,0.46348257141228116,-0.6907427778256734,0.11396287717516144,0.09056789310946955,1.2583143237903782,0.025387953965850786,0.9353862404823303,357.6817079632019,0.02798762097388857,2.179534912109375,734.5659878382576,0.014035022758651044,2.079651117324829,1175.3638355061412,0.015057669831664223,2.241344690322876,1046.4814240480773,1.1655869824465195,1.291688983044541,0.3842517700950224,-0.12610200059802182,2.426824564660275,1.1901,4.494594241161343
test_phase7_run_PRISM_lens_BR_000049,7,5.512541524376857,1.2454570397938571,0.7829558954890847,2.000729223713577,1.4441123168336454,0.23453799753813057,1.4764614159177507,0.3937785213169873,-1.1563510906218142,0.24772769993494728,0.19183167669938234,1.291380569660344,0.02598170745340838,0.8832061886787415,416.61328962631524,0.02187973152400227,0.8184666633605957,420.0700575800147,0.013300368796558326,1.61185884475708,768.2104311701842,0.02433857929171647,1.0747904777526855,586.53038078174,0.3713934822722123,0.664367701190377,0.36242196518362124,-0.29297421891816466,0.38790566250154224,0.5615,3.3603973554821427
test_phase7_run_PRISM_lens_BR_000055,5,3.817178461370823,1.6291226057332557,0.3899483012235528,1.6981055397165008,1.713075029939526,0.5175928877976291,2.7860948348226544,0.6648744570968299,-0.5783184466952482,0.12359567306878,0.08094313998689516,1.5269443845246227,0.03214649934098529,10.510612487792969,1249.9069408666255,0.027313835283164868,10.037700653076172,1357.5357697905856,0.012760358183566575,10.961151123046875,2217.4949839967303,0.012587569010734614,10.960159301757812,1873.7400756242569,0.43957916461472285,0.6224624159374238,0.3498951598328627,-0.18288325132270095,0.3,1.2339,4.212165136239562
test_phase7_run_PRISM_lens_BR_000056,5,4.476802813768293,1.1501006167000614,0.7224396815473915,2.884559424505614,1.3300895141243079,0.3822467432654234,1.9792095652914865,0.737979860909872,-1.624932764852224,0.16545020712042321,0.04291880338848749,3.8549585276835434,0.03956640367068325,14.285711288452148,3066.6638435644563,0.021935499677620568,15.089103698730469,3844.042446064035,0.015911357048532814,32.36190414428711,7177.7006063088775,0.016685694812604908,20.871618270874023,5428.053452388383,0.6199448571748594,0.9232979160349857,0.3746398529373119,-0.30335305886012637,0.35492841699708755,0.9449,5.109872584316133
test_phase7_run_PRISM_lens_BR_000058,6,3.464870330031518,1.6101219833484712,0.9019430851448426,1.3048229590885576,1.9079656679043537,0.3530689910503967,2.0710656930436633,0.4861140465295493,-0.7941976135336288,0.14111738491791337,0.05663676994103623,2.491621345370309,0.025682109623311477,1.2515329122543335,666.4711715178564,0.030283531836920796,1.2403219938278198,711.7993766286236,0.013366177120973904,2.382258415222168,1368.2909779697657,0.014234216188430232,1.5363162755966187,1001.1292994357646,0.4417720080468148,0.780992737033464,0.37033142115861284,-0.3392207289866491,1.2650658750152046,1.1825,1.6825
test_phase7_run_PRISM_lens_BR_000059,2,0.9334754633786401,1.0474429499128337,0.5274650948879077,1.8832673001526192,1.8548043405327128,0.3470131067817609,2.087860757653967,0.5235862015164446,-1.05556009215883,0.14397474705714752,0.04730955855465481,3.04324858349332,0.035196101197865676,1.4312443733215332,292.538155754286,0.023535108992372836,1.3746052980422974,306.3015353337396,0.016225264508206303,2.5244083404541016,527.3068357221782,0.01434419091645295,1.554231882095337,368.9544575836044,0.2519756064166273,0.6397022054555106,0.20205897000794007,-0.3877265990388834,1.061100467577817,0.657,2.952171502804399
test_phase7_run_PRISM_lens_BR_000060,11,3.9269648391103256,1.0130793277419037,0.6972070884053974,2.5620897767489086,0.6986436129993436,0.33078668644916664,1.98168482193415,0.5633827614032691,-1.1820007738347067,0.6307329433822387,0.22598671180084087,2.79101783620842,0.04151110653755218,16.00678825378418,3814.6646182690747,0.030220944650435778,20.55817985534668,4618.7362498509465,0.024681322498153895,22.893203735351562,8096.930111330934,0.02380470523479489,21.869308471679688,6570.682558577973,0.59038531237037,0.8171600736808625,0.3827183083109656,-0.2267747613104926,2.2042020971438916,0.9442,2.1209435260043312
test_phase7_run_PRISM_lens_BR_000063,4,3.2431255784826813,1.9530390494911152,0.503927114337547,1.717106398091444,1.9303730726805441,0.319197517404907,1.8716906559400326,0.5443530230763324,-0.9916878616483675,0.13412345127303257,0.11736687709571196,1.1427708957754388,0.04200360420009572,4.139053821563721,1489.0342766168687,0.029954082488785005,4.597148895263672,1467.1061413646676,0.02133909776855096,10.11645221710205,3370.3517982922494,0.03205274227680628,6.488889694213867,2548.0717588448897,0.5832673984910435,0.8869263499302144,0.599375298434133,-0.30365895143917093,1.7024769227676486,1.6746,3.8707912823002073
test_phase7_run_PRISM_lens_BR_000064,2,1.586076802646872,0.7207470260798325,0.6550473619273316,3.139888522022871,0.8044208737765173,0.23037839989429715,1.5721354412403878,0.45031083370105746,-1.8847499093399784,0.16190406069005323,0.1566527706346738,1.0335218460171753,0.030560202848221238,0.7450551390647888,104.12327645008918,0.028622269248735278,0.741271436214447,117.68416065862402,0.014346792798252702,1.594691514968872,239.1967902686447,0.011408522163857661,1.109870195388794,175.9346342808567,0.5695087923875509,0.9030188051007533,0.4365833208277645,-0.33351001271320235,0.3760487912399918,1.169,1.669
test_phase7_run_PRISM_lens_BR_000065,20,4.333557572952574,0.7654520720565501,0.5561627356093438,2.935659829806979,0.5943630102415768,0.20183346170385016,1.4703911571465882,0.39686310197159386,-1.9199300952478595,0.9701310943606328,0.1911420385478509,5.075445996762079,0.025560268853343896,0.7333595752716064,189.20273707900196,0.020896687634940167,0.7649705410003662,204.66287429863587,0.05039826663818282,1.6165268421173096,419.41685896366835,0.015407748351074335,1.064562201499939,311.30928299669176,0.5406616410318856,0.864296171717037,0.4553825052501131,-0.32363453068515136,1.6698662790361047,0.3,1.7124195294899116
test_phase7_run_PRISM_lens_BR_000066,2,2.002438336843605,2.3763550339179083,0.4851406406781499,2.951996866218958,1.2380918519215016,0.47339006198183886,2.5110975683855483,0.595682032196749,-0.8043796083856183,0.14817151445763815,0.11172961722435526,1.3261614792799912,0.045339101877086764,10.458104133605957,5263.437078571878,0.043227258128923626,11.123775482177734,5770.387414063327,0.04308083261481092,23.63190269470215,13227.147085692734,0.035139462084349364,15.053879737854004,9698.887698814273,0.6636312380215004,1.0004918684136779,0.5637923970803534,-0.3368606303921772,0.9414209839595569,0.9982,2.6014283319285583
test_phase7_run_PRISM_lens_BR_000070,6,3.3728874258040893,1.0955476705196636,0.4347000369222294,3.333094103583522,0.3016141853655166,0.24155250995690764,1.499275427549801,0.5105106123885983,-2.1237037243701713,1.233393865303683,0.5287070384805408,2.332849339112928,0.03129000648690587,1.7510268688201904,613.7000322626554,0.023301984354622926,1.7596936225891113,684.5649312264286,0.018165088608077046,3.84737229347229,1345.3407414909452,0.017892111206523318,2.461137294769287,1091.5853785383515,0.6252539091905719,0.8521903704794564,0.5066076559550977,-0.22693646128888437,2.2917196190118427,0.3,3.6103726272310497
test_phase7_run_PRISM_lens_BR_000074,2,2.680008883084583,1.4994585213754423,0.26707024826228404,1.1587395671650556,1.997585084680036,0.2891327360499646,1.8103065504515858,0.5111443785841189,-0.7576451093983386,1.1507618627525817,0.4181910442657692,2.751761135327538,0.024430824153205386,1.5376838445663452,392.17743235299713,0.025982023678688387,1.497376561164856,413.0129773348526,0.014707479962755928,2.952155590057373,823.075481757056,0.015508901519397236,1.917053461074829,607.3127720651682,0.4748245395751071,0.8048926651721756,0.41862179183866477,-0.3300681255970686,0.9835191431114013,0.7025,4.9459917978068555
test_phase7_run_PRISM_lens_BR_000075,3,1.7060474020316776,0.6696016786675005,0.32849707364020964,2.36653123037196,1.4206130183499912,0.2450780584937564,1.939641272396166,0.29156679268872815,-1.076307452569945,0.3338493862981908,0.18713249758208547,1.7840267757434707,0.03296761515000812,0.27349361777305603,45.09275713071111,0.030654866179610208,0.25214144587516785,45.99643224332249,0.0104167403374482,0.474281907081604,85.66283321025549,0.011343514695617505,0.2671177387237549,69.45852583507076,0.4690469283239548,0.6967141093064565,0.44750353805643506,-0.22766718098250152,0.8952292003798656,2.1768,3.313963776709871
test_phase7_run_PRISM_lens_BR_000076,2,1.8691645172609908,1.4509331396660008,0.22737930093354697,3.6876784249099566,0.6197508135703811,0.26928746128990305,1.6479918887934544,0.4989844004171759,-1.8774252676662488,0.139953415345129,0.07877677655098876,1.7765821536826056,0.04190185288043093,2.5693345069885254,741.1289874402573,0.02098792322771525,2.3703982830047607,795.060788239367,0.014575347311856886,4.384460926055908,1501.7887394316494,0.01633836283898114,3.0653772354125977,1138.575620639138,0.4661702010800829,0.7667876091443872,0.38990386365712365,-0.30061740806430426,2.3554049305974454,0.3,1.7399544048371443
test_phase7_run_PRISM_lens_BR_000077,5,3.2777433966545004,0.9063796379900348,0.5971879301398934,3.3608295542208113,0.4655299448351016,0.2670730298954477,1.5777805758853771,0.5555511090457731,-2.116635027302864,0.15979464899116264,0.08157267855944157,1.9589236471464049,0.030170121123766065,1.9711995124816895,304.2499585955193,0.02502428413444307,1.929216980934143,331.0957546181453,0.013584203956334326,4.110428810119629,705.6133063393645,0.012095792969585389,2.9282586574554443,581.1311113338452,0.7026089964364096,0.9133405856361347,0.6108012855136243,-0.21073158919972534,2.1023418595688983,0.3321,4.3810225168284935
test_phase7_run_PRISM_lens_BR_000079,7,3.766125824042373,1.353676127525158,0.7171432297325783,1.7978007566855234,1.8668171877873587,0.2483589317092921,1.3791162714791367,0.5647514149224826,-1.0261563921874164,0.10530487462763136,0.07828865748216779,1.3450846906094562,0.03298660962517129,4.363399028778076,1657.9590517514152,0.026422381765814372,4.240284442901611,1641.944497649558,0.014624671506605041,8.776991844177246,2831.0375955784693,0.02302481325342937,5.6218180656433105,2343.3636520486325,0.3756647228545867,0.5809295914851232,0.3862030415884481,-0.20526486863053653,0.8286360316710035,0.9983,5.31526673422627
test_phase7_run_PRISM_lens_BR_000080,5,3.663461352579784,1.0097640242525203,0.5608133114743122,3.716408662329541,0.2869339689278213,0.31661104795313194,1.7998202099635707,0.5769820011208479,-2.2510265445876607,1.3839724901090427,0.5683977691855713,2.4348661538416443,0.02902690501073548,3.991100549697876,1161.5999665495474,0.034673564481938236,4.4450483322143555,1627.204720153939,0.036521468926203865,10.270419120788574,2888.767288805917,0.017958814354394614,6.166258811950684,2139.738511350006,0.6632602809957894,0.9891399170690507,0.2972962696928982,-0.32587963607326126,0.6717499880372789,0.96,3.182669257402789
test_phase7_run_PRISM_lens_BR_000081,11,3.601105457214379,1.0279863530219702,0.6961859141685937,2.875698434821678,1.2721225548303774,0.3084831563657806,1.7214550215929016,0.5811952615736371,-1.8124340505424636,0.261472059405014,0.13958687245025464,1.8731851700323487,0.024135297606598247,3.778005361557007,601.2712244832219,0.02170714944136759,3.3757362365722656,704.0851557677961,0.010413796123438738,4.636768817901611,1694.1330343389418,0.01334385899089625,3.5252957344055176,1421.8089180239476,0.9344270349110111,1.1246927274861533,0.763040114371138,-0.19026569257514242,0.3896185448389674,1.3827,3.8756700242531545
test_phase7_run_PRISM_lens_BR_000089,3,1.2548378311244033,0.8342885144936336,0.8609924280535001,3.5630412220428487,0.13912024634225487,0.2662180791001173,1.5458315971637941,0.584165463074388,-2.248508495439054,0.1763961531862126,0.04946126028406122,3.5663497487356963,0.03486729172027524,2.4769771099090576,639.7322408745604,0.031928571242191874,2.5568044185638428,901.0663211288047,0.013969518258179861,7.811964511871338,2455.0978145254776,0.010509086081597044,8.005491256713867,2196.4263666409533,1.339296024703738,1.460176402745366,0.9673997274506273,-0.12088037804162803,2.515336613382616,0.899,2.853070355816242
test_phase7_run_PRISM_lens_BR_000094,2,2.0918550564353082,1.3496742600096492,0.244104515999202,3.8124420110402104,0.09263343061519946,0.306926669968471,1.718944803630604,0.6061441472403709,-2.3574986366962514,0.8288032834436468,0.2962502209550409,2.7976461275599402,0.02750069424826128,4.716287136077881,1574.1005608409032,0.029471421845335258,4.7818379402160645,1874.184370334493,0.021682672290976625,10.599871635437012,4144.804509001318,0.02270473836769769,16.145769119262695,6296.744148306549,1.5052089339714447,1.0511789452010658,1.3157593386531754,0.4540299887703792,1.021581686930556,0.8767,3.778202991420229
test_phase7_run_PRISM_lens_BR_000096,2,2.320899681093682,1.9351460381543428,0.6454351527190226,1.9686833279570197,1.1673853168083164,0.31281765771498254,1.7360405132626369,0.49130515351020565,-0.9201218948922651,0.12724660709857075,0.052585498432324795,2.4198041454780825,0.04825303427235433,3.7743704319000244,2225.1876362560433,0.030450113862653432,3.6791234016418457,2345.276712181978,0.021355134676017393,6.824082374572754,5125.671903960407,0.020511021650455867,4.177153587341309,3500.932463039644,0.49204273648611807,0.9059604129481307,0.4349741040792809,-0.41391767646201255,0.7039166946806481,1.1792,3.5017042803137812
test_phase7_run_PRISM_lens_BR_000101,8,5.71869921626125,1.2376815606831448,0.7302921919697616,4.013499988718405,0.3869062551789781,0.3886786023496806,2.0618382287109527,0.6653424714855874,-2.4265483095595815,0.3098784813966046,0.20890464953938384,1.4833488966370978,0.031388648960458676,10.796355247497559,1779.3812951158034,0.030836391794056273,11.489952087402344,2012.5968486892525,0.016078638761436077,24.892791748046875,4161.367588553578,0.01776795935128502,15.60837173461914,3124.9869776652195,0.6114479774037784,0.9224176483347191,0.47772855892096183,-0.31096967093094063,0.3166867182589138,0.6359,1.198771442138178
test_phase7_run_PRISM_lens_BR_000102,4,2.059392730101663,1.068609696921696,0.8071183562285718,4.0557019477383385,0.294843121476119,0.41381937830828197,2.172641902248157,0.7199606370006522,-2.466421595252433,0.13430363002520357,0.11205720724924438,1.1985273711710247,0.03142159533794214,14.775390625,1818.5187287929002,0.023619178056331694,15.761582374572754,2076.510112112388,0.016257958834871543,35.23508834838867,4263.1183574916795,0.017097709749302397,22.263240814208984,3182.837601957377,0.607741754953465,0.9250240300141445,0.46370107450078424,-0.3172822750606794,2.7431072824768945,0.9361,3.9632097571464424
test_phase7_run_PRISM_lens_BR_000103,3,3.0014365758355477,1.6130458478268537,0.4198407683678764,2.0503031415407973,1.6469008171354724,0.4452209201592235,2.3229097909576066,0.6840369059672133,-1.0401370900700986,0.13602395032470072,0.04892055905187251,2.780506865844866,0.0425432069140157,18.179000854492188,3948.061268834397,0.03161714918037436,18.022424697875977,4050.52567792451,0.018655795775195154,35.67390441894531,7607.118351757526,0.018823738974218917,21.560989379882812,5666.750492286403,0.39237551820437894,0.712090723328253,0.3645567533451909,-0.31971520512387386,1.548055288504129,0.8,1.9170996817492254
test_phase7_run_PRISM_lens_BR_000110,4,3.3259862043287485,2.3492906817489025,0.6206696698313623,2.3478292525380153,1.8163511445248721,0.3618970380166602,2.1990340392650842,0.5205973802635631,-1.054568462870231,0.3409161357123369,0.2626287110732848,1.2980916454987534,0.041182084197616424,5.038460731506348,1370.5362910170807,0.03208011803015534,4.9528937339782715,1526.4907870125026,0.021312492112009637,10.40969467163086,3126.02175034862,0.02014326543032853,6.307921886444092,2269.0735313463956,0.5473950747869174,0.8952536388661996,0.43038595577941974,-0.34785856407928223,1.2948285878396677,0.6186,5.610170440891733
test_phase7_run_PRISM_lens_BR_000113,7,2.625044837224339,1.7134735147647129,0.6452548687895425,2.3072247612981105,0.7624909860055116,0.16495462408622816,1.062091146502498,0.39580089650877776,-1.3533254681258156,0.23201636433192505,0.07793997980789141,2.976859435989146,0.039044539695897086,1.7714232206344604,1452.4367893130984,0.02415911690564089,2.188512086868286,1506.4929125278722,0.027311385253284116,3.3670835494995117,3103.1741243749857,0.02219922905777686,3.683420419692993,2343.702733675018,0.5195132144866281,0.8242722612060545,0.47983858439182303,-0.30475904671942633,0.4426969354975954,1.1998,5.6226189504591035
test_phase7_run_PRISM_lens_BR_000117,4,2.7752312636111536,1.4363131826666382,0.5914128289162266,2.801001462499861,0.6434800490710795,0.2843241230130443,1.8170696364969912,0.46929480944920454,-1.1720261598510342,0.1517466785481509,0.07390256386169762,2.0533344260170994,0.023136203977413703,1.122021198272705,392.46441675908864,0.049288587404582716,1.2190824747085571,461.7886514310667,0.012964191674254602,2.592334747314453,935.5711640939116,0.01439906762289769,1.836508870124817,730.2072430835105,0.6741146236048957,0.943191351473654,0.49750720169157947,-0.26907672786875814,0.8207575536974817,0.7037,5.3197238333598325
test_phase7_run_PRISM_lens_BR_000119,2,3.118464237776672,1.4325678154396018,0.3040096771334723,3.6750622267748367,0.16265545886049151,0.33998134206449393,1.8078041783098875,0.680852351502174,-2.3444086948709635,0.10347183232191758,0.04818870399857211,2.1472217290795697,0.0350487434062529,12.547868728637695,2664.743492492591,0.026268063197305066,12.788822174072266,3063.9389641994494,0.014292673366676015,28.088211059570312,6413.443887652829,0.015201450667796558,18.21670913696289,4883.029964747955,0.6575849476037019,0.9535897226763648,0.5060231993640654,-0.29600477507266304,0.31739561339973643,0.388,1.8443466454996384
test_phase7_run_PRISM_lens_BR_000124,7,5.998958180919933,1.8418146298738067,0.4254895283628882,2.0530257900950337,1.57547553187918,0.34039176043611513,1.8396521715320808,0.6045694529342925,-1.0182530035001522,0.11299451078350257,0.07713336548928851,1.4649239024737497,0.037399564850502554,7.8970746994018555,2927.6722266310826,0.03245053948098482,7.260037899017334,2980.7316752655897,0.02523304631463234,15.3173189163208,6196.819959212095,0.04138188018059392,23.81975746154785,11025.514409258962,1.4396910209083804,0.8141160641234936,1.4201899461477339,0.6255749567848868,1.1514469001759045,0.3,5.822234131294235
test_phase7_run_PRISM_lens_BR_000125,4,2.9773092018478686,1.1621473404683207,0.5340393429316923,2.1723953835602887,1.6715266078960493,0.20583038659954636,1.4371567915087073,0.38558059252898746,-1.2538789783195299,0.4502151208057739,0.30783173832701377,1.462536394890849,0.03185192106333277,0.3872484266757965,191.0301438785027,0.02013306590974597,2.1371233463287354,282.41235298954416,0.012473523866050624,4.087764263153076,561.3730522845872,0.012749249303735168,3.1615521907806396,493.49696656009473,1.030456461746793,1.1703741462040684,0.6060019955631838,-0.1399176844572755,0.8199215189548029,1.9378,2.8085139258846032
test_phase7_run_PRISM_lens_BR_000132,4,4.839027175834986,1.256505860223343,0.8100435942307506,3.516594653423115,0.1248307399480479,0.23450736660954485,1.3476687251105093,0.5736138657476888,-2.2406751571250734,0.142318824302168,0.08675596137905503,1.640450085964089,0.028173578164441538,5.188425064086914,1523.5354399685748,0.025879574704342125,4.902245998382568,1550.3086318853311,0.02433977176577194,9.514307022094727,2907.689723801799,0.022694925132831684,6.315908908843994,2266.0966628976166,0.4310646753825525,0.7017387512767487,0.41215066528719424,-0.27067407589419623,2.3269107371906723,0.91,1.6383282215889308
test_phase7_run_PRISM_lens_BR_000134,6,3.76861080767314,1.5807053819626211,0.7271337557120974,2.6598620246539935,0.8199729864823477,0.17409650637135438,1.1650546584218633,0.41813509719556763,-1.6475592306064422,0.1101393676407102,0.057158872979742974,1.9268988679980348,0.03796383534373596,1.0504076480865479,662.9660093931016,0.02098435307650689,1.1483255624771118,738.7625513859239,0.022108436144797648,2.5369839668273926,1741.5423476006836,0.01606890243945702,1.6885067224502563,1265.7522482406348,0.7021436124558845,1.0486069420408508,0.584609587384292,-0.3464633295849661,0.7036669512639342,3.5,4.0
test_phase7_run_PRISM_lens_BR_000140,1,0.0,0.7715825335332704,0.6386506849044632,2.995961737305989,0.44225709850652967,0.2187202096502897,1.5768067983409935,0.40066972372066295,-1.9982055207195943,,,,0.0942498462534186,0.7894913554191589,173.7401643404737,0.025692800407092386,0.8986167907714844,166.71639104979113,0.014524882824438867,1.8175965547561646,343.4466541474685,0.052956361008995444,1.0743789672851562,248.22271325951442,0.3873532262311904,0.7398976546670271,0.43215804506216304,-0.35254442843583655,3.579624882705167,0.9984,5.725764363032851
test_phase7_run_PRISM_lens_BR_000145,6,2.423738690072212,1.2183613857314026,0.6437284733067677,2.5176842680309797,1.4569587096944911,0.28023880752254504,1.7982708807623204,0.4295894120404772,-1.0596705227679228,0.16202988181906436,0.0575254931644646,2.816662194547783,0.022702481217828696,1.0742285251617432,213.36614010386802,0.02746251573584801,1.1101911067962646,252.8938778662705,0.011582558272327553,2.3949646949768066,525.363830151502,0.015770071717263977,1.6064047813415527,396.5099493097514,0.6728214712704808,0.9783366720365471,0.48828943315444934,-0.30551520076606614,0.5849999837091362,0.9202,3.027447846918393
test_phase7_run_PRISM_lens_BR_000147,8,4.320021069817535,2.2841223984791568,0.6094299718905617,2.543571118740565,1.2537983777416446,0.3620779469972263,2.1533046461130803,0.47398571753097785,-0.8785809647897045,0.315331515274543,0.25942947530069765,1.2154806808634633,0.026467386138075585,2.7310307025909424,1241.1602978407172,0.0329928811815068,2.715052604675293,1392.0540213573258,0.020534204046007764,5.13793420791626,2781.268986856565,0.019657671406615316,3.4082751274108887,2133.4623700343072,0.5881427805913787,0.8760377954476715,0.46357224486018833,-0.28789501485629254,1.036036465161157,0.6986,3.0227581185734413
test_phase7_run_PRISM_lens_BR_000153,2,1.5621548992331111,0.5128090066608839,0.9308985433772182,2.9859038622749474,0.7145938832693209,0.20754622827091304,1.3528984392991796,0.5100880431205908,-1.9088008949341626,0.30092342683853884,0.28284314123450544,1.0639233658808895,0.028570234758274644,0.8102107048034668,111.26845684673754,0.022974336359263336,0.7596851587295532,111.32689325441606,0.012207432508973768,1.2534288167953491,193.50614834181033,0.011213891035353855,0.8819965720176697,142.65730661107227,0.2698048881288654,0.6008067589976499,0.2692348265806678,-0.33100187086878463,0.5322798071231458,0.6255,2.8260654584056173
test_phase7_run_PRISM_lens_BR_000154,2,2.64473662121498,2.015466774147237,0.5169978716652398,1.2780796226772673,1.8962942344574902,0.43243972462089536,2.273605421502211,0.6365679269397707,-0.8943035622518426,0.12295495561604446,0.02385318301047478,5.154656112857163,0.027710668085962568,8.375434875488281,2874.9864955093944,0.03203278909293602,11.065105438232422,4342.573811594397,0.03938285525413168,38.009666442871094,13967.454982474446,0.03945199955706439,36.486995697021484,13850.66449836921,1.7070870013271,1.7162036781091428,1.2593085015140093,-0.009116676782042747,0.6552892508425047,0.691,5.129096578590895
test_phase7_run_PRISM_lens_BR_000157,6,4.5095549179809815,1.4613471470693038,0.8321655490279628,3.852292410889679,0.5291897390285508,0.3482375408473544,1.8330997302049277,0.671614274617215,-2.303315254197862,0.17147247105899302,0.14427048155389452,1.1885485458432934,0.04563493414501772,37.401763916015625,8592.502512812614,0.044183823332056726,34.96765899658203,8945.374996947125,0.03463621880529685,34.7900505065918,9224.449396733195,0.0366806183674982,32.5982551574707,9640.054779846221,0.12489958495847489,0.07705196236384389,0.08120237639418024,0.04784762259463089,0.7514358571504228,1.1678,1.68971656327666
test_phase7_run_PRISM_lens_BR_000160,4,3.7262146691922817,2.0507864259128334,0.5169659030771768,1.274421056742847,1.9802912272554385,0.34457216028986903,2.071429060472534,0.5685995320438252,-0.8826392012456225,1.0754277120907707,0.6048075381256275,1.7781321235242085,0.05078567785987028,4.404883861541748,1675.355222048238,0.028773246567751883,4.708415508270264,1837.5959451203234,0.02721361881110763,10.22055721282959,4034.7767085954547,0.020830482977389764,6.799316883087158,3030.6900581833906,0.6435865516033743,0.9542815036125076,0.5432287511500614,-0.31069495200913355,1.2521446235569837,1.4144,3.986236075280129
test_phase7_run_PRISM_lens_BR_000164,8,4.466771985873817,1.1046438972043795,0.6659586086738323,3.7800733060778096,0.4994643149089963,0.2921671849109394,1.6359824940201255,0.597777891104785,-2.2481134520523436,0.8864681789737606,0.5379363419149817,1.6479053558977852,0.03022726697522616,5.636650562286377,1777.645789011236,0.02468121622181227,5.535261631011963,1845.0609370309685,0.02360487586808174,12.247334480285645,4124.299966195598,0.020458855964556887,8.637774467468262,3028.9136470695958,0.5786041589388156,0.9137625405407578,0.5381904443759864,-0.3351583816019421,1.1244894745952325,0.3102,5.157760447972293
test_phase7_run_PRISM_lens_BR_000165,13,4.386968521700481,1.3214731240660929,0.7380499795598799,3.8169558213019728,0.8917995046606945,0.37456352351296995,2.0516629844070136,0.6404508481680186,-2.1520417413228103,0.21945261792947235,0.06775036799440855,3.239135438313543,0.02944805196289086,8.268613815307617,1282.7196260766214,0.030689513055490183,8.739816665649414,1511.9780878400197,0.01622439497516293,19.44809341430664,3171.62074465584,0.0155168669283209,12.340581893920898,2320.5111004277132,0.6436297765099241,0.9828737753264466,0.46509538251611077,-0.33924399881652234,0.6525885636480406,0.593,1.1823396850996728
test_phase7_run_PRISM_lens_BR_000166,2,1.1185140392628166,0.941825236454662,0.4997950329344932,1.7235750570703532,1.6720224187432104,0.36667057853331864,2.1227669008518126,0.528245263387076,-1.00498590426717,0.11201606307667804,0.04881772426111793,2.2945777332331727,0.024112464340733084,3.505192756652832,249.02334251918364,0.02900107172444862,2.9143900871276855,249.008043692098,0.010524323854937258,3.796814441680908,376.6444745939225,0.01173000406917129,3.690941095352173,348.4372781859711,0.36471138611359377,0.44922885632582044,0.3647780907066068,-0.08451747021222679,0.3900979663330033,1.4411,3.681555411690045
test_phase7_run_PRISM_lens_BR_000167,4,3.3088998637875267,1.3861609967843738,0.45345691569168134,1.1287405327318245,1.865355349934968,0.4911323226929496,2.545477252261417,0.7152463969054265,-0.8765317322700586,0.26381193901404143,0.08284214041136814,3.184513795805298,0.026153906785648964,8.083444595336914,2033.1609266797313,0.026029699784757398,8.135172843933105,2363.532405367543,0.017200975985993003,23.439210891723633,5829.917663487606,0.014667565086149201,22.477493286132812,4867.939126558951,0.9479334597985907,1.143726665963559,0.7844589441219294,-0.1957932061649684,0.6217304540155406,0.8719,3.7791245235986253
test_phase7_run_PRISM_lens_BR_000168,4,3.784536106683756,1.0492233467829641,0.8687551953961556,2.5072761161390487,1.2635885067234338,0.23066597801242153,1.5588755179199552,0.3993226997272637,-1.3949026737449042,0.3185725319096315,0.2569181726181119,1.2399766379436452,0.033201708881883625,9.416059494018555,477.13658033986576,0.053239697505394354,6.369053363800049,460.1976624056697,0.01420625142313616,3.560389518737793,579.5453507453203,0.012053948028034325,1.7318127155303955,437.36832699901424,-0.09448846046852971,0.2111117813421598,-0.055242697203893174,-0.3056002418106895,0.6240792720728565,0.9906,1.6018861074839994
test_phase7_run_PRISM_lens_BR_000171,4,2.7149471936661076,1.3749964033723963,0.5328282550433956,1.4885705979676247,1.705973620286962,0.5732433880689131,2.9575653134858295,0.7369063969521642,-0.7528228984390205,0.12583333993596768,0.054690535071713536,2.300824809465978,0.02482778751240823,28.105836868286133,2401.079460680572,0.02715822480236263,29.202547073364258,2826.793247267022,0.014908513692885175,32.9678955078125,5114.554483207874,0.014695609670128085,16.910476684570312,3969.076572926715,0.5457073621032648,0.8210031915160532,0.3684885809346749,-0.2752958294127882,0.6177022049730225,0.993,2.754240003183854
test_phase7_run_PRISM_lens_BR_000178,9,3.9341696294402793,0.7217644509575489,0.7446276528711245,3.080948456006818,0.9952184564116276,0.24670011444456466,1.4600593940349391,0.5412554706038384,-1.801154607543274,2.8213625995617417,0.9608770009364759,2.9362369968393733,0.029564998791068695,1.9222743511199951,880.6848213294579,0.021111169863750612,1.846159815788269,903.7944008980994,0.013196605429749621,3.3299407958984375,1688.278384184232,0.018139555180299333,2.263273239135742,1230.7815717984922,0.3634011843163253,0.7065588718040373,0.33527834633056186,-0.34315768748771225,2.013925797764226,3.0954,4.377769935039784
test_phase7_run_PRISM_lens_BR_000179,3,5.426214833362317,1.4281589932596845,0.38474307539879726,3.893236134162586,0.15404028121693836,0.32949290258372843,1.8225407358702768,0.622967180691136,-2.3850921006119528,0.11532827416900424,0.04447273123072164,2.593235696964251,0.03355837481410585,8.32471752166748,1772.9257502426044,0.029793631742317337,7.914221286773682,1871.3903773756756,0.019209027007280503,14.963574409484863,3500.2430774522945,0.019347325149984797,9.483695030212402,2528.979623749852,0.3856369559568646,0.7385191438468903,0.3269523454589962,-0.35288218789002573,2.148238736476,0.8973,5.6305402073450965
test_phase7_run_PRISM_lens_BR_000182,1,0.0,1.417325709232617,0.8210054984539925,2.7150976473030024,1.4552828650373495,0.346870995145979,1.8034519081325848,0.7151821751958045,-1.5590433952984133,,,,0.03538391932999335,24.57571792602539,7025.858056675876,0.03373595893895711,24.154512405395508,8211.374662768561,0.029539390515007122,46.071022033691406,13585.067028090358,0.024681673488626814,30.741727828979492,10505.480811137706,0.4367914058371236,0.715906035123678,0.26750016392873466,-0.2791146292865545,0.7157074990626247,1.3223,1.8223
test_phase7_run_PRISM_lens_BR_000185,7,3.705345191153441,1.9874256603837779,0.9047829687570316,1.2869082595952324,1.9878014590602475,0.3566086406711023,2.1403232264538965,0.49170935197464244,-0.8917981586819689,0.8480879310542696,0.6048114128342483,1.4022353299849064,0.030508969094360835,2.6415679454803467,1357.9703828255879,0.028604653356099675,4.049903869628906,2173.887907567434,0.03246743833124719,7.570314407348633,4270.447515947744,0.02832510086267113,6.421195983886719,3464.090562114492,1.0167473479192515,1.2439577264860509,0.5058802263816782,-0.22721037856679924,1.4308067560546565,1.3528,4.221456689893813
test_phase7_run_PRISM_lens_BR_000186,2,2.5323497623986944,1.499411905813076,0.5994529560803411,3.9351334234635464,0.2553446505740973,0.3916462779006742,2.0602581835178406,0.6880302165092389,-2.421619677496111,0.1256042386287112,0.06245047197557644,2.0112616391087226,0.04162699924122668,21.158374786376953,4291.466509268619,0.025759586351984255,21.89837074279785,4986.107518687844,0.02827427702356315,39.9024658203125,9706.62023778446,0.0250281924600216,29.82693862915039,8292.93431585282,0.7152562448533505,0.886155777434616,0.5523664658117587,-0.17089953258126556,0.884723447917472,2.1823,2.6823
test_phase7_run_PRISM_lens_BR_000187,5,1.537174513379458,0.5563568897800205,0.6547637316119839,2.8994352328771384,0.680823569257934,0.21175444841189797,1.4660176571024202,0.44816642545014324,-1.8526617414983488,0.6005809840890814,0.32352155581151526,1.8563863003891523,0.027452865005523085,0.5700539350509644,112.37990188304684,0.02410691195374927,0.593931257724762,122.87472703302046,0.012478056602805505,1.0357285737991333,200.23302324535325,0.013436641071190145,0.6673374772071838,172.639528863132,0.46612898389435675,0.6271176402007674,0.3691941902210815,-0.16098865630641085,0.5835221071754141,0.3,4.317319791281707
test_phase7_run_PRISM_lens_BR_000190,2,1.9968139442899333,2.252649069147558,0.377051587212626,2.0484020637158102,1.7235604744031285,0.3239828507847151,1.8573733526731713,0.49319360443979643,-1.0748126416322428,0.12285536010267559,0.04993142243454143,2.460481879196116,0.04109093619636402,3.9165332317352295,2432.790070930845,0.03158320555153566,4.077236652374268,2471.2929308458697,0.021120791607706437,9.528844833374023,5575.329022981226,0.02207186555521096,5.738256931304932,4389.126367217861,0.6406836253848285,0.9004146683485834,0.6236346447863439,-0.25973104296375493,0.672288495805779,2.5326,5.673382306135524
test_phase7_run_PRISM_lens_BR_000192,1,0.0,1.2603438278945935,0.26306376438758633,3.6304884458476447,0.1622718826948947,0.376592050620699,2.0341298942700323,0.6513852340106752,-2.2413515366070094,,,,0.02729502715161115,6.561409950256348,1841.3672143725562,0.027303260217619363,6.656041145324707,1976.5962728048762,0.013888595967680255,15.367534637451172,4123.537987232208,0.019423775048773784,9.54980182647705,2968.105965557974,0.51834748889116,0.8753239837839024,0.44140357427795013,-0.3569764948927425,2.1545268682122396,0.7397,5.279867339382052
test_phase7_run_PRISM_lens_BR_000193,6,5.122963321652491,2.7933474462936663,0.30861727349887147,1.3734974208845063,1.509808344171895,0.32655923066182635,1.9750731650999607,0.5233251565627985,-0.771753570061123,0.5365482010071438,0.3218198051588268,1.6672317626391662,0.0376099626076197,2.160186529159546,1832.8297301787534,0.022400219391674615,2.2558586597442627,2094.39251784121,0.019842870306891223,3.2773921489715576,4013.5460239760578,0.028516451583869836,6.116631031036377,7472.090882069431,1.5258000615706782,0.8510153164316336,1.380960169542274,0.6747847451390447,1.6885612597568203,1.0375,1.5375
test_phase7_run_PRISM_lens_BR_000194,5,1.7939163762188501,0.9191189965280133,0.5599952238068523,3.244685871482477,0.7063204916187512,0.25875670239738996,1.5338331672131038,0.5560510898098164,-1.9838156304236565,0.14895720688907962,0.0710044561415697,2.097857162543244,0.03401386434453459,1.9455825090408325,315.53908130020136,0.03080971041126742,2.0029191970825195,359.7425518083328,0.013639626632245704,4.391892910003662,809.0292653483339,0.012635301217997353,2.7610056400299072,550.8464859821834,0.6049435663503021,1.0222776876736188,0.4625969307751592,-0.4173341213233167,2.6147235330937666,0.861,3.7108566282373014
test_phase7_run_PRISM_lens_BR_000195,7,4.022522474253589,1.2838155684039476,0.6051930160811958,2.6803811107243787,0.44453285233755735,0.1618817860490786,1.1631707998845806,0.39840763082208297,-1.8488897662775932,0.16243004894567806,0.08371278349300704,1.9403255054736852,0.03519647246151744,1.4104465246200562,657.3254478023737,0.02533573833026867,1.1387474536895752,679.926955384668,0.01882876126866479,1.996009111404419,1568.551691096276,0.04113141825749274,1.3808773756027222,1181.780603658408,0.6368910293928948,0.9442959733679881,0.6001864969821211,-0.3074049439750932,1.3751935622549176,1.4239,3.6015104980933783
test_phase7_run_PRISM_lens_BR_000201,4,3.9877349591817826,0.9985226703936056,0.4324503471855645,2.56338684069463,0.5161369923374761,0.16067847411692296,1.0974549131134304,0.43671340911794504,-1.5274980543050827,0.27617972570859045,0.16558980034884418,1.6678546935062972,0.027659439728384135,0.47232288122177124,263.1123372125876,0.028280357368274042,0.4804205894470215,294.3955990844988,0.012004470128783496,0.9087170958518982,559.2230485836044,0.014196398074456123,0.5477011203765869,428.720935248537,0.5300836975462622,0.8186096257201438,0.408108444979007,-0.2885259281738817,3.4724508130918696,3.5,4.0
test_phase7_run_PRISM_lens_BR_000209,7,3.729333915008747,1.567883472504416,0.6872356464207272,1.5044112390018871,1.8913948819831508,0.28835819349591935,1.6286725662481223,0.5404154429667956,-0.9875790565011447,0.1329008334924122,0.11638721578000244,1.1418851512319372,0.027796469631811385,3.718425750732422,1094.2868770677596,0.02714831088672462,3.565951108932495,1195.4815631424426,0.015475420365079873,6.859793186187744,2391.9199489178136,0.01552798683062591,4.329170227050781,1575.5694637752604,0.3957659100728078,0.8490386245062643,0.299736680908553,-0.4532727144334566,0.854967670905847,1.3626,2.5390601646550817
test_phase7_run_PRISM_lens_BR_000210,5,3.0651170214977927,0.7466320646112703,0.8053178815062144,3.065172775446335,0.2705328517521027,0.2165635857804112,1.5332064965816157,0.42807198779455635,-2.0363964760547977,0.2961875762017251,0.2170417881251225,1.3646569112809548,0.028548207841853086,5.798476219177246,332.1512711364194,0.026034964919076472,14.024822235107422,667.2646221666364,0.013684726016139612,18.960206985473633,887.4730031364597,0.012990330011460367,20.447128295898438,1004.0138559266925,1.2010094688214907,1.067048079761514,0.443604017071647,0.1339613890599767,1.0604092746637066,1.8415,2.5238894134752683
test_phase7_run_PRISM_lens_BR_000214,6,3.261055355941145,1.6660259940890159,0.6988358858540349,2.317763393515847,0.690469692787042,0.23179067638152914,1.4484622386710209,0.3946057569650704,-0.8709714752421931,0.19408807571052683,0.05904528021375928,3.287105675642109,0.025704228911434906,1.2048722505569458,667.7169090309762,0.030302418290356806,1.278342366218567,763.5281325657852,0.016101548201411596,1.8034985065460205,1285.7459947392344,0.016705546448859576,2.2065186500549316,1259.4980551945046,0.6890128173506003,0.7114070145448081,0.5434311443916191,-0.022394197194207877,0.5724334542034413,0.86,5.97677644822599
test_phase7_run_PRISM_lens_BR_000215,3,3.2051191652526434,1.0402050155046147,0.5893706588090989,2.363975124835524,1.741013018004114,0.2658539899878718,1.6191846108745505,0.4812470569176341,-1.3480142128117285,0.6202922095913639,0.5013911383978618,1.2371423467383906,0.03179545952240794,4.894213676452637,766.6689802671317,0.02610391425813716,4.367834091186523,780.4395394409075,0.012521602802997816,5.1431989669799805,958.9950384031981,0.014408194006532416,3.9965598583221436,777.7835898371413,0.01562721002205563,0.24302117090860686,-0.003701220167008673,-0.22739396088655123,0.3399800069160611,0.9948,5.50171045322441
test_phase7_run_PRISM_lens_BR_000216,8,4.6725684257753,0.0983590986853864,0.5917123971025385,1.9891093556576447,2.0,0.0,0.0,0.0331864196376099,-0.6371316879081963,2.9084956458237867,0.976486439319308,2.978531527638263,0.03124650719668618,1.9154489040374756,1165.15407392825,0.024766774624750635,4.325698375701904,1838.2135172458366,0.03227665167437887,6.763063907623291,3511.118846837431,0.02772573239774632,6.9629669189453125,2857.210222683847,0.9738970932249948,1.19765543003348,0.47886559986889876,-0.22375833680848511,1.8097102648555086,1.439,1.939
test_phase7_run_PRISM_lens_BR_000217,3,2.8701301251338003,1.9884164998701122,0.3863588590627257,1.3894104080392202,1.8971170788623286,0.40693185168631624,2.153203047945657,0.636828876483331,-0.888640599699485,0.1679260700479546,0.05347938945722903,3.140014718796595,0.03295286511119853,11.651185035705566,4072.757852737326,0.02530833239108659,12.25676441192627,4470.474952563411,0.03437283720190034,27.20514678955078,10723.850600629114,0.031033350435554042,21.23857879638672,8713.279875546694,0.8257326858120855,1.0511554131410714,0.7245699952828808,-0.2254227273289859,1.2822219582045766,0.4074,3.75589082589489
test_phase7_run_PRISM_lens_BR_000219,2,1.2309727671510335,0.7955302621167692,0.8312872335454415,2.0412564538314446,1.1100310179626027,0.4681839842277761,2.559726605470837,0.6018907288917988,-1.1069790268375137,0.08437315890516824,0.07757133200139416,1.0876848022108456,0.029973586111924716,8.831883430480957,470.5818771395934,0.019382105523820466,7.03956937789917,474.6083998543618,0.015577493528075475,9.147506713867188,914.5949043645523,0.012301439577380696,3.733445882797241,713.255354076151,0.4515246065018731,0.7214839490168035,0.4422740501999298,-0.2699593425149304,0.3553542252973674,0.9945,1.7465710472579568
test_phase7_run_PRISM_lens_BR_000222,2,1.3845420181976416,0.8250642139708879,0.4582371881376803,2.108868843306529,0.700903026178971,0.21195442217111135,1.6151880883782894,0.3588345606985472,-1.1072502644619833,0.2701483489306052,0.18142525897407993,1.489033833867648,0.03183547800145222,0.4390474855899811,120.7351645375602,0.031980080703666994,0.4795536398887634,131.59352690385276,0.014120856172888809,0.45071229338645935,204.39783269166946,0.01620606635891841,0.48753201961517334,181.20587334502488,0.44084622964728953,0.5716062704842116,0.34734435834758093,-0.1307600408369222,2.625401408661834,1.1938,4.94881461246117
test_phase7_run_PRISM_lens_BR_000225,7,4.151823722883364,1.585931780587717,0.5745550414569167,1.8030243590272845,1.7593578197932844,0.24129955445207735,1.4482947284879704,0.4788240194388385,-1.0070935048977088,0.12094325410875231,0.07219938491416804,1.675128593581952,0.03506277571313013,2.053961753845215,726.165850990008,0.030990856019004896,2.122666120529175,865.7356264111586,0.017308074507627908,4.873865127563477,2008.7363148750737,0.016247141669146096,3.0346882343292236,1424.1542628966272,0.7313030311178793,1.1047177732352322,0.5404293609286116,-0.3734147421173527,0.44019101990491194,1.2916,2.8368387764744734
test_phase7_run_PRISM_lens_BR_000229,4,2.3061705886235995,2.0015342810956884,0.3906325539134517,2.7960251471609343,1.6917576227734306,0.4085955577728175,2.190924835738713,0.6524617068180499,-1.018342024054747,0.13090365395086967,0.055049866892369466,2.377910453567589,0.033135777307058356,9.164400100708008,2399.0330908644246,0.02686714647372183,9.901971817016602,3004.9527513142675,0.023320793817011118,22.10327911376953,5817.327649343759,0.02190432174842858,14.41942310333252,4551.224691116251,0.6952300961711272,0.9617182171027459,0.4507265729110175,-0.26648812093161856,1.9703522243951357,0.3405,1.9115032777124292
test_phase7_run_PRISM_lens_BR_000231,7,4.750689279472294,2.316136851843921,0.5964621944896156,2.367325776694762,0.81861986247849,0.2559688938545771,1.6707416042674341,0.34185370043382757,-0.8394016595646919,0.22032122277896843,0.057602321179292135,3.824867093345073,0.030343602273049927,1.2753092050552368,948.9254373053554,0.03130971998424556,1.2310609817504883,1072.9595219087532,0.01880348644193076,2.5520009994506836,2123.8207467468455,0.024744931599409544,1.57063627243042,1415.044404111337,0.4338449489087378,0.8747144256400907,0.3004668250135974,-0.440869476731353,0.7604719500871785,0.4432,2.1542250627712454
test_phase7_run_PRISM_lens_BR_000233,6,4.411117209730744,1.4324676383016652,0.6168256181647849,2.6178360491726513,0.17022139122710053,0.13091519742610674,0.9282222188353033,0.41729844843523806,-1.8702839493595715,0.07923733602739766,0.07540871961439563,1.0507715345463993,0.02886084336491399,1.3386600017547607,849.3650465209794,0.041821917924795546,1.216158390045166,875.8079665129771,0.018582955355134597,2.284052848815918,1639.004166327417,0.01933632024205602,1.5602525472640991,1212.96289009694,0.3868828233815267,0.7137141820398152,0.3535965569542149,-0.3268313586582886,2.4054332435608003,1.35,2.922175069524135
test_phase7_run_PRISM_lens_BR_000236,4,3.7302807834856564,0.5030050001115789,0.5335770053901907,2.9739968623984465,0.769928052804975,0.2172613951141132,1.5697010807706524,0.4049622640882905,-1.890356910155207,0.595566719716036,0.23143079763270663,2.5734116885395393,0.0330140582446707,0.3520151674747467,58.78738736297237,0.028985933168594723,0.3895329236984253,65.77607353054918,0.010612777997870464,0.7913198471069336,125.19523551338352,0.013441518978380827,0.5327613353729248,93.46476196334697,0.5034093615102259,0.8207591045937186,0.38144989829249554,-0.31734974308349284,1.504681345000502,0.3306,2.400056227095795
test_phase7_run_PRISM_lens_BR_000237,6,3.0082640054427636,1.1844105883531495,0.482969922180361,2.6345881083718297,1.395905718988412,0.26796046402297846,1.601977539531967,0.5329816925698034,-1.300258316120983,0.2518023048386908,0.08383836898282872,3.0034256139961824,0.026959266785203106,1.8251373767852783,384.2854374246381,0.023005932332380134,1.776715636253357,458.39496828755364,0.013117974562395187,3.398383140563965,861.0402149604633,0.015252156979220478,2.444462776184082,659.2114015723346,0.5859269577900014,0.8759237714806143,0.3944621709860622,-0.2899968136906128,0.6199030292849704,2.1043,2.6043
test_phase7_run_PRISM_lens_BR_000241,12,4.0784272332666,0.8390485900647469,0.8051662522915666,1.6349095382260856,1.29336090308386,0.4219386813346442,2.3193417208367952,0.5825739194716416,-0.8206385599199956,0.31970725974904834,0.30083301004059965,1.0627399556514807,0.03613767119398527,7.6396307945251465,415.77187103372853,0.02649746895999118,6.291118621826172,465.88679943222087,0.012401512956406738,5.860410213470459,906.2160249184817,0.01104168655506744,2.068868637084961,690.6487402599887,0.551005300295443,0.8459415845126145,0.42744204699287325,-0.2949362842171714,0.37666002577298663,0.908,4.477857108080485
test_phase7_run_PRISM_lens_BR_000244,5,3.434197012713336,1.0951436145101254,0.5770862034683304,2.583506721031894,1.9993723375340782,0.33746998505111203,1.861939551145332,0.5935237668640706,-1.439000038403456,0.7227074682812166,0.6321180868199633,1.1433108518014206,0.03398312636644229,0.9283430576324463,304.5924681172655,0.02464238265148083,5.6634345054626465,824.4341126101708,0.013830879155272785,8.854928970336914,1256.7180301198969,0.013255553855483972,9.916902542114258,1403.2614495735615,1.6585485860366391,1.5387967148278194,0.5774566028640891,0.1197518712088197,0.7123400917479176,1.7739,3.99729680361346
test_phase7_run_PRISM_lens_BR_000245,5,2.942438518296586,1.4589308584076086,0.5915296054988634,2.3389346222985283,1.5625766719202296,0.2625047538702041,1.4688518227556655,0.5781163186642905,-1.2868948090983905,0.1887641615331033,0.07226635057539368,2.6120616307609215,0.02852718699490938,3.6693835258483887,1222.4464336027595,0.031416654025277824,3.7372207641601562,1450.0411982156802,0.014746593880000393,7.87812614440918,3131.2380607109517,0.014736135995269819,5.615582466125488,2190.1374318278395,0.6331038248921761,1.0212156235245837,0.4477275658368093,-0.38811179863240786,0.3,1.4262,2.618401565717038
test_phase7_run_PRISM_lens_BR_000247,2,1.591296430059789,1.1167247815666863,0.8208960384030896,3.345278721257202,0.4351862419387556,0.2164879914719726,1.2691662678518614,0.5622768030408593,-2.159327905850385,0.11929049638436104,0.05258664071128417,2.268456299372692,0.023280884111988087,1.9655277729034424,568.3955454612151,0.026833340377324072,2.5363500118255615,789.4185558924219,0.015284123417251768,5.164371967315674,1674.4392104931176,0.015269563354284985,3.6520211696624756,1285.396212185733,0.8859658752723104,1.1730467991927656,0.529324212969717,-0.28708092392045503,2.1298742720374193,0.8913,2.186450889069924
test_phase7_run_PRISM_lens_BR_000248,20,5.252241226484512,1.8316666734159295,0.4344876705857845,1.7635908019700346,1.8058848343945832,0.537591528884494,2.8333908758639175,0.7005454338271215,-0.9810325929406141,0.3064015985153568,0.15548813893741018,1.9705785959576954,0.03095536110546677,20.002193450927734,7494.447520509362,0.02853284734060532,19.71172332763672,7053.1201587538235,0.03172061594996727,27.267833709716797,12868.555295236409,0.023802392463345097,16.05989646911621,8399.598185459152,0.1237972205937044,0.5869754254860986,0.18969307100326466,-0.46317820489239414,1.2210235792129587,0.9457,2.9507385250084184
test_phase7_run_PRISM_lens_BR_000253,5,2.7928377000380133,1.7776064967338754,0.4242770619247272,1.110656650384908,1.9348273101822286,0.384373732967016,2.118028301980089,0.5862632209283319,-0.8267429487182603,0.17170162729289673,0.0789820535647425,2.1739321724795486,0.02591568328257833,4.093776226043701,1069.0453558365116,0.02860168953695993,4.165057182312012,1291.762898700661,0.014939169473789034,9.137977600097656,2507.676394091919,0.015418357474624387,6.005805015563965,1833.5164417745546,0.5857216939866713,0.9256884014223254,0.3802550049053422,-0.3399667074356544,1.116924909091869,1.2058,3.5103180106992316
test_phase7_run_PRISM_lens_BR_000255,8,3.6902538310001622,1.0956735610044266,0.7216975057179896,2.7298581770025026,1.740902414304566,0.2763405084236982,1.5559043991630221,0.596772940561129,-1.5285215846820008,0.1145629479234672,0.050677563605624115,2.2606246191115864,0.026945517095025715,2.9728500843048096,898.8842416353291,0.026887750933237017,3.284484386444092,983.982210315764,0.012731865610777332,5.2826032638549805,1649.9111816557124,0.012220541757208813,1.9374737739562988,751.1430676449963,-0.19495275850450564,0.6593919973781899,-0.2931614582736015,-0.8543447558826955,0.46072253116569173,0.3,3.56687256370778
test_phase7_run_PRISM_lens_BR_000256,4,3.3388960983909093,1.2286930009169672,0.8166961332016819,2.1998081462375647,1.4908339659739955,0.3221898560544481,1.8475497131128815,0.5338359815833563,-1.0675140504212033,0.06406005785362633,0.05919798076577244,1.082132481969133,0.027015908419911618,2.447960615158081,534.8060715054162,0.028969280727129922,2.359308958053589,614.494825973059,0.014617829307153777,4.886885166168213,1290.9668475147337,0.01481190649429905,2.9724090099334717,966.5902787684463,0.6426152349435167,0.956796901326606,0.4918104813209291,-0.31418166638308925,0.5328538574528797,1.522,3.383588476364097
test_phase7_run_PRISM_lens_BR_000269,5,4.059409328902199,1.4046092206586012,0.7967767959308582,3.6445142910542856,0.26951446982864535,0.26198428800601115,1.4732753007666137,0.5907795756236552,-2.28007407134026,0.18787367888306547,0.07956417457970397,2.361284835486626,0.036515506205831834,8.021835327148438,2414.353134830948,0.03475052949601784,7.86817741394043,2602.2018948607147,0.029106170733427097,14.527488708496094,4946.520694225095,0.026381590696628838,10.419539451599121,3733.677657103166,0.4733400712684994,0.7787475948347745,0.3919895803160062,-0.30540752356627504,3.2973839802045095,0.3,1.3419995341504483
test_phase7_run_PRISM_lens_BR_000270,4,3.0107583573032586,1.43379530147613,0.6614807711788873,1.7052833374740959,1.8823476625472284,0.23242853868399058,1.3887140804999851,0.48223876261955684,-1.0544692811114444,0.16230146785825053,0.07527601712672112,2.1560846874380863,0.033563807899143594,1.9189091920852661,714.9636848863302,0.024089238741450674,1.840234637260437,780.1935600003926,0.017311050272633025,3.507655382156372,1664.7237397902645,0.013611249458965441,2.5300869941711426,1073.8739459528588,0.4416733062590762,0.9176454739243924,0.34687736150169035,-0.47597216766531625,0.3471335296335066,1.8056,2.398568565021374
test_phase7_run_PRISM_lens_BR_000274,4,2.168734880767279,1.3010375510623553,0.8253362974712971,3.8450836738416987,0.9276625464358734,0.36199735957475243,1.9696349500475019,0.6113377131715982,-2.030303249940705,0.25380185406473865,0.03158893688770548,8.03451711486749,0.027838514886405992,6.855344295501709,1070.2106853792648,0.026428061795754885,6.883841037750244,1177.8016386359232,0.015269434171142455,15.4843111038208,2534.4542863974348,0.013101208340224851,10.263513565063477,1930.8854398671538,0.6407180621953885,0.936037948759414,0.5367108837283403,-0.29531988656402547,0.8999877324168507,0.5964,3.694518427921595
test_phase7_run_PRISM_lens_BR_000275,5,3.6753632618038448,1.127922708374041,0.6553187019982442,3.4084245823508135,0.7565505168756753,0.25054837498767507,1.4921412507269087,0.5253086848323615,-2.0178725467451653,0.14551326817843613,0.07751768931532918,1.8771620963379358,0.0409676448624791,2.633237600326538,714.7182875113795,0.03145241318635233,2.57761549949646,784.3141303765005,0.014492654685255095,5.192367076873779,1447.5598588711582,0.015524110589432333,3.169154167175293,1258.3765538011212,0.6141893083173298,0.7662540924596829,0.5133014461154886,-0.1520647841423534,0.7774272027130982,1.401,2.2764768990220032
test_phase7_run_PRISM_lens_BR_000276,6,3.657714902004354,1.4444901701761603,0.7583605706994415,1.6234309492341839,1.8301620875575701,0.3479355244971808,1.882826795052346,0.6004480327487577,-1.0405264407041601,0.13416824622011206,0.08197016474134766,1.6367936632001725,0.03817491539751989,4.451831340789795,1381.1214570953744,0.02474264197897548,4.600982666015625,1568.1489134321455,0.017004295859384462,10.531051635742188,3393.121107345447,0.016587484300880882,6.957870960235596,2604.4033989282325,0.68869095236074,0.9759187206335356,0.5508023799802751,-0.2872277682727954,0.4660936776569959,1.0998,4.13957262016382
test_phase7_run_PRISM_lens_BR_000277,5,3.4969543120877296,0.9711473742661514,0.43610915330785455,2.4072641226929314,0.7729324906362836,0.25594372623082107,1.5704201970514777,0.46352563669462077,-1.181918416349269,0.1671584411300426,0.07210084607069393,2.3183977753346467,0.03664859699086352,0.8363434672355652,227.98930737102637,0.02231552132639344,0.7620406150817871,259.4898664521752,0.011014370801630343,1.8581249713897705,536.444303154014,0.01316967929954868,1.1252835988998413,383.8586915845517,0.5656422486005424,0.9290253960019502,0.42512744026904803,-0.363383147401408,0.42717394396271335,0.6933,5.581311742459463
test_phase7_run_PRISM_lens_BR_000278,2,2.475942599258475,1.6119750330034752,0.5726581967730283,1.8301059787922533,1.713508957064113,0.4150713292144466,2.1506902522335545,0.6927449186826566,-1.0705605206927926,0.24096959802507742,0.06519017242610531,3.696409889055325,0.04632524141000823,22.512073516845703,7046.929184066597,0.02726320255601397,23.384735107421875,6762.488579802797,0.03428985601525279,46.784847259521484,15442.988079294562,0.04005952908892095,44.13697052001953,16446.19238003716,0.9201636472996224,0.8518285724883178,0.9648970535837892,0.06833507481130463,0.4177386977199123,0.9483,1.4483000000000001
test_phase7_run_PRISM_lens_BR_000282,2,1.2027341984684334,1.4098535421849572,0.4936768679280879,1.7345692589881236,1.8190119331049062,0.3252112732651362,1.816573254783015,0.5705878038560601,-0.9473293076778356,0.14334914861495734,0.07253894020882706,1.9761682236090015,0.0341975399052275,4.476735591888428,975.6133716925979,0.020074669070598426,4.438293933868408,1057.8380582550308,0.016172274446429026,8.92393970489502,1969.9039497515187,0.027833082776689187,5.786604881286621,1531.8502970589325,0.4898464525853536,0.7629182672122146,0.4019928434527567,-0.2730718146268608,0.5166743812053698,2.099,2.599
test_phase7_run_PRISM_lens_BR_000284,6,5.855591080939502,1.9605940876423114,0.8466099888381581,1.504029851347637,1.9273205147062245,0.4956233711808203,2.605092423583393,0.6497684270014618,-1.0281905107793388,0.13861561902972513,0.08787430234376839,1.577430663260965,0.04208384971294734,17.789501190185547,5629.6297097234055,0.03141917690371435,18.633310317993164,6461.362135346979,0.041333235168708606,39.56529998779297,12836.683869970031,0.037645732913795936,27.172353744506836,10134.099157040939,0.6382632984074678,0.8949325399153225,0.48865266753185044,-0.2566692415078547,0.6180012808524628,1.1512,3.998980469706468
test_phase7_run_PRISM_lens_BR_000285,9,4.07691784013444,1.511820585461281,0.5642394968548428,2.95007474141814,1.7273264966180881,0.4144542878788673,2.381878467783115,0.6329367658295512,-1.2906459681869926,0.5894099845503951,0.3734698683027736,1.5781995672876021,0.03672955586762774,7.621315956115723,1426.2334214102011,0.025150382682128273,8.326203346252441,1599.619549723553,0.016364165678692172,13.031238555908203,2824.9057595644845,0.015609517916340581,17.360990524291992,4046.7263854583725,1.1322830797104206,0.7420333872245757,1.0077178446701822,0.3902496924858446,1.0682840776090476,0.9935,4.090159046666041
test_phase7_run_PRISM_lens_BR_000291,1,0.0,0.6612032224180631,0.6099112248801705,1.6260613352822464,1.9830573837398384,0.2418491174429408,1.9237418099057308,0.27426903329949137,-0.8985214945702088,,,,0.029241990503559308,0.9008561372756958,76.16259178271866,0.02020593637030587,6.401740074157715,308.9523430644185,0.01108963326133366,8.306778907775879,413.49365922482684,0.013673564042447324,9.279773712158203,461.78732860760647,1.956750743141109,1.8368178492373686,0.4363762963570783,0.11993289390374036,2.307765757418889,1.6484,3.1356533018843304
test_phase7_run_PRISM_lens_BR_000293,4,3.6808837070772635,0.9983462792541705,0.5783461511542218,2.063237530947912,1.6792081629675586,0.19888288827500314,1.2954539743732687,0.4110314251413846,-1.1594725495300715,1.0688789266402174,0.778455212364447,1.3730769730395274,0.024013001896036442,2.9922034740448,625.0284994450631,0.02230094960482796,3.1977193355560303,720.3831496410421,0.01458411917231364,4.193511009216309,1164.5635267449543,0.016454939483967285,4.752593994140625,1238.766677166801,0.7427242349540226,0.6756584096816188,0.5885649213963681,0.06706582527240378,1.063223398695542,2.1463,4.287691849258762
test_phase7_run_PRISM_lens_BR_000294,2,2.3135178516766017,2.1120602269970408,0.3247510470406061,2.5677884788406615,1.4584109657456634,0.26672531255449156,1.9293948703169286,0.36928699440973,-0.5253080206534524,0.1594824091935838,0.06219162966973775,2.564370961823942,0.031782592764463435,1.1388272047042847,513.3105630832579,0.027601633846809873,1.3434888124465942,521.734192842152,0.020555611626644005,1.6437455415725708,877.6718912236392,0.015160099804171653,2.1587564945220947,697.0263185282238,0.3321724380324237,0.5823799705570719,0.31449969164749736,-0.25020753252464806,0.757004580408159,1.3536,2.0846127251539994
test_phase7_run_PRISM_lens_BR_000306,8,3.2171314716422343,0.0692725196622936,0.7451774087366071,1.6364017038281584,2.0,0.0,0.0,0.09972101084744894,-0.5366439775658778,1.4355002387115197,0.742435842065226,1.9335007247473448,0.022192294951180597,1.3890395164489746,291.29087372160575,0.020567225300987677,1.3297141790390015,316.53177927655634,0.015485563473404797,2.048283338546753,485.08409946225584,0.012218957961984061,0.5156129002571106,185.7876361658855,-0.4882751727321894,0.5537254023950162,-0.578501274757255,-1.0420005751272057,1.0515420296362776,0.4822,2.4725084573342153
test_phase7_run_PRISM_lens_BR_000310,4,2.702068447751226,0.8983056387931703,0.49491268591217863,2.796164469385048,1.1095396133704891,0.23630598241029627,1.497176266425446,0.46302054122746594,-1.333574504237416,0.12384206273756851,0.04437222143714752,2.7909818063309864,0.03614218963340627,3.37176775932312,1111.9600686649792,0.026389735743477624,3.0796093940734863,1158.8093418050557,0.018362360687765557,3.6905760765075684,1850.4855981841683,0.017542660437037973,4.010001182556152,1624.7351568695158,0.4117334659586607,0.5529912944280522,0.3669264760712222,-0.14125782846939167,2.653455629589204,0.9964,5.528363901340401
test_phase7_run_PRISM_lens_BR_000315,7,4.775928739203261,1.3812079793981962,0.8595929955078945,2.7041540728617193,0.7093336638155838,0.21994667281906674,1.31976367145506,0.49914466180756,-1.5034168501162282,0.17969382264596934,0.07540225316318382,2.3831359821182017,0.03854038809338221,3.0438616275787354,1024.3814100855961,0.030287710280056532,2.714031457901001,1158.098573197145,0.021970896111424457,4.279648303985596,2311.364248299971,0.020906951520532926,4.090069770812988,1919.53889121674,0.6818380678184377,0.8835167572192861,0.548628472756884,-0.20167868940084863,3.9570522800554646,0.6043,3.107542833366785
test_phase7_run_PRISM_lens_BR_000318,7,2.602490393790483,1.198079333565032,0.8326096806346418,2.494231980577723,1.8721248855527877,0.22224014284823146,1.718801543932587,0.3640531146188515,-1.2968162762281934,0.13392394396630897,0.0536590427962999,2.4958317738672706,0.03353142427985179,0.4364878535270691,154.56234886906896,0.02550440248955941,0.357865571975708,178.94850451112143,0.012289959231569992,0.7037099599838257,390.78847266174853,0.015090429269622542,0.5352365374565125,278.81243491137866,0.6405210753676653,1.0070950887998733,0.4814601647426353,-0.36657401343220813,1.7080441407921638,0.5299,4.878034264969201
test_phase7_run_PRISM_lens_BR_000320,6,4.482865866257388,1.9498289802277546,0.5225148385310486,1.961557916766059,1.4257814988696258,0.2579456833031999,1.583740420441225,0.41857897300710634,-0.769291287981204,0.07469577309921346,0.06364321412505666,1.1736643745307853,0.03997924084349894,5.473484516143799,1252.1408145958558,0.03605877394073762,5.06983757019043,1426.9595670562703,0.027495057851767896,10.874884605407715,2637.8998409528285,0.020033551307142745,7.122352600097656,1941.1155591215938,0.4759955468553246,0.8090128242921645,0.33409930794183484,-0.33301727743683995,1.1914546348139188,1.0534,1.5534
test_phase7_run_PRISM_lens_BR_000321,5,5.120191852040774,1.4602845359659238,0.39517817816365,3.3984907742755555,0.17916474496800516,0.23490365111017905,1.3968539702155343,0.53016126037901,-2.2332931637334266,0.119463936445707,0.07276867246857625,1.641694597318581,0.03883907122278133,2.796743392944336,780.3734250570997,0.028436685418370942,2.852402448654175,881.8220119188281,0.012316220508238218,6.6353960037231445,1889.1370270941406,0.015278996213325834,4.352323055267334,1452.4023259328678,0.6744611607160346,0.9599024720701578,0.5417650007825202,-0.2854413113541231,1.6344530812369786,0.39,4.957897179326455
test_phase7_run_PRISM_lens_BR_000322,4,5.764328290076826,1.5507037641803263,0.5905261649722118,3.1915034011348937,0.49036496993482215,0.33725478505537,1.908786047500719,0.5666236680134797,-1.661874251365538,0.11294629482676044,0.08459692556521638,1.3351111056593816,0.029735972012279933,2.97450852394104,936.8569290880732,0.029606457159085806,3.834380865097046,1267.596151434409,0.014390402920055773,7.968833923339844,2713.9497339762747,0.014799269570037311,4.928100109100342,1938.4160213617142,0.789434293610452,1.1548213161330572,0.46116519678584816,-0.36538702252260513,0.9014621643637788,1.3891,2.7445881979302187
test_phase7_run_PRISM_lens_BR_000323,7,3.0785533197284645,0.9907824603988354,0.6137463793090397,3.213021235603637,0.2723826454532571,0.2141429435336432,1.3729461742949434,0.48565199848041535,-2.102263343861911,0.18293875686279082,0.04081717133343196,4.481906778115021,0.024282578215073562,1.3257437944412231,363.7104410500906,0.02776935014395157,1.3542420864105225,396.31729960234225,0.014796831182718422,2.531498670578003,813.8845633948222,0.01587034739883433,1.6720887422561646,636.3667184114456,0.607379224227904,0.8745176073412947,0.5141610703643236,-0.2671383831133906,2.8247059033454813,0.4895,1.635742759587195
test_phase7_run_PRISM_lens_BR_000325,11,4.699668931273816,1.9298927167269921,0.8239643393201682,2.453544750686981,0.7981030786337179,0.18011234817350008,1.2879979201180924,0.3543344692845088,-1.1605934990466311,0.14678831906895923,0.10586217359317193,1.3865983862476352,0.030466232472272453,0.4974755644798279,679.5972822127806,0.03015840498183244,0.5640904307365417,804.4927977178013,0.01749257073227808,1.020309329032898,1612.094075854402,0.018927778320224062,0.7352429628372192,1275.4391606142744,0.683520284666447,0.937846871557131,0.500343967188245,-0.25432658689068405,1.0914698448852553,0.3,1.3852876787407966
test_phase7_run_PRISM_lens_BR_000330,3,1.592146460292857,1.0362144573547525,0.8593350365136232,2.3300808227118988,1.5323561778855057,0.2602617257186763,1.4465507047280086,0.5829686929612182,-1.3404234650681253,0.13175208876299482,0.07758182135846178,1.6982340251364147,0.03103055202997679,2.825345993041992,729.4833237059647,0.02078375499282993,2.7290029525756836,794.7903647842322,0.011747443181283665,5.637114524841309,1416.0261855463032,0.012739747900842452,3.6293911933898926,1053.3357875472866,0.39887867898152624,0.7201397908296087,0.30578561562270223,-0.3212611118480825,0.3,1.59,4.694565510785762
test_phase7_run_PRISM_lens_BR_000331,7,3.191600111769487,1.2190097548677916,0.6288838908187452,2.4426674872591474,0.381709228654563,0.2071861575268918,1.6569590989292593,0.2701169639316068,-1.7740567062093264,0.19080458136321313,0.09820769206702247,1.9428679907577637,0.034366033648185294,2.3882763385772705,431.14953887998126,0.031186738676043463,2.751538038253784,538.1508759341668,0.017826556364528203,4.442071914672852,853.5085389465094,0.01312540743912665,0.8726592063903809,372.09291159850545,-0.15994132299916905,0.7414498610716279,-0.4006316368709017,-0.9013911840707971,3.816138219001226,0.8569,4.093050892671499
test_phase7_run_PRISM_lens_BR_000332,6,3.6705958433231527,0.8209764563152355,0.8542598311075045,3.036639859950825,1.2097667752624695,0.2627848049128444,1.748205507839998,0.4913726366398616,-1.77016987368147,1.3258978755002586,0.40234038729478144,3.2954630391823363,0.035779239585172075,11.23684310913086,589.2868102428038,0.02354997852582611,9.929070472717285,583.0757688247832,0.016774646625343618,10.545869827270508,877.8235755302012,0.018298371613427226,2.2418899536132812,532.2280022657942,-0.11057250024187609,0.4327012996255694,-0.09906818280630161,-0.5432737998674455,1.0255521177930405,1.1912,4.432467490357871
test_phase7_run_PRISM_lens_BR_000333,7,3.66800169998781,1.8832019347237516,0.2902645998555899,1.2097955508223088,1.6822474462089452,0.5601317065354985,2.9815486068315717,0.6933191770727121,-0.745707285142595,0.21728426070354942,0.08238726520195065,2.637352510378083,0.027417567707635135,10.114839553833008,1416.047247784998,0.023543335724849877,10.69743537902832,1498.537010771517,0.01059566572443563,11.909808158874512,2230.826820895076,0.012427362593761928,16.091964721679688,2414.421962735825,0.5793385718724416,0.49347028264367404,0.5178642485201633,0.08586828922876766,0.31007712713626484,0.8318,3.549395962310034
test_phase7_run_PRISM_lens_BR_000341,3,2.6543746482673543,2.052597595323555,0.28294125105042545,1.835867140789952,1.4912129535802714,0.345694879319845,2.0745131433847,0.5369184267957937,-0.828266210510798,0.11829044934061746,0.06302681156492138,1.8768274390458612,0.02727883821502757,2.0705087184906006,664.7479589036811,0.02962676472314621,2.183537244796753,727.0242146556266,0.012641159938194762,4.68621826171875,1802.072236847598,0.014338190698627467,3.2129995822906494,1321.4487694115378,0.745983295838476,1.0827879584056601,0.6487536372616558,-0.33680466256718433,0.688824657792689,0.7183,3.888845446537174
test_phase7_run_PRISM_lens_BR_000342,6,4.193172650310809,0.07844524249222848,0.8680896059678624,1.5300281757851983,2.0,0.0,0.0,0.07630975826152736,-0.509094714856283,2.690618625553883,1.1834443285276939,2.2735489627139818,0.02932132337137705,0.5039787888526917,191.5321326233243,0.02817809894738716,2.072706460952759,471.74333775561354,0.013545347267655848,2.3074774742126465,659.0638701934367,0.01594474567499014,1.9758358001708984,564.2673855759203,1.173108261470434,1.34171464988661,0.19444793360197496,-0.16860638841617642,0.8827769184673566,1.5395,2.9056254226142366
test_phase7_run_PRISM_lens_BR_000343,11,4.102013065724251,1.3206850073321779,0.8344220030818027,3.708344169576522,0.143349623010282,0.2740145217117862,1.5281752404189761,0.6078913997469753,-2.328883040520271,0.17293384734295847,0.06905028924001666,2.5044623164697515,0.02479300568853117,6.010761260986328,1415.305598357314,0.023546019606544226,5.825127124786377,1539.126605742611,0.017628037769130335,12.060379981994629,2956.1766149662435,0.018685255586289428,7.569231033325195,2167.3806892582215,0.4627124376226379,0.7997003814902853,0.3716521350947671,-0.3369879438676475,2.5050329886267724,0.728,4.92217934095785
test_phase7_run_PRISM_lens_BR_000345,3,2.1494021810493997,1.6236460389982676,0.7559694175443614,2.7135938628139646,0.11623592896960162,0.11783731355345217,0.7102489862313018,0.5540274440911341,-1.9009865156734285,0.09807164325024097,0.056470181328823844,1.7366978632346388,0.033145120206181954,2.4356861114501953,2557.9356201114133,0.033672215422995984,2.663621664047241,2804.056704271701,0.0183888618573495,5.762904644012451,5973.940391680226,0.016022179288439478,3.9942002296447754,4467.181445557158,0.6053599577779737,0.9209281880436732,0.5056170024577692,-0.3155682302656997,1.8715548867632608,1.0192,1.5192
test_phase7_run_PRISM_lens_BR_000357,3,1.6877089218424586,1.3008619890786326,0.8818628836486444,2.1336956073122364,1.680906819417765,0.3172951743441248,1.9626717643663552,0.47379912271841396,-0.8102874683571717,0.15337410244259922,0.06760697744618688,2.2686135105608054,0.03042375980896658,1.138833999633789,288.29702483920846,0.0286279635790718,1.1464451551437378,304.97027324698865,0.01166900368939005,2.0451760292053223,585.9837414412759,0.015351083373404469,1.399448275566101,356.597586969845,0.23084559867275836,0.7701135144235911,0.16980222795959912,-0.5392679157508328,0.8723207404065707,0.3,1.6786751829765398
test_phase7_run_PRISM_lens_BR_000358,8,3.8707079064936107,1.266638613483596,0.7164615583661588,2.2811228185313217,1.5397719880372642,0.338226899825422,1.8384638173829606,0.608695306411685,-1.178129954862799,0.11250648781209345,0.07051946294812653,1.5953962652105305,0.03245518763619253,7.828798770904541,2025.1366582652554,0.08655279485651816,8.238668441772461,2235.5978194447234,0.02888832059378329,12.503385543823242,3703.6272448119707,0.016403586189927027,7.888850212097168,2610.8132350016385,0.2758036760752913,0.655432337617114,0.16845532064304292,-0.37962866154182257,2.7203546679741297,0.9454,5.774514003192242
test_phase7_run_PRISM_lens_BR_000360,6,5.661496726170338,1.6067676807729292,0.4480056490953706,3.667990417378999,0.8883676242600965,0.3149742896032262,1.9004817347470284,0.5562431147748317,-2.173316169907698,1.6670234062116436,0.42132300945799545,3.9566398435161667,0.03589566184523873,4.114977836608887,1609.3024799878476,0.031604034201407255,3.8838307857513428,1710.602532435194,0.019134345879185447,8.436460494995117,2904.500156506896,0.018805466304639383,5.097844123840332,2305.1443359660916,0.39015110814538734,0.6410843091695402,0.3238725329151757,-0.2509332010241527,1.8540467031444365,0.331,1.6570024114718405
test_phase7_run_PRISM_lens_BR_000361,2,2.204749527947369,1.6263069729458342,0.5437060899445662,1.1938603746757912,1.933119062125454,0.5104269158525161,2.644597402206873,0.6963350241015269,-0.8862003552134484,0.14822835181447197,0.03608166265686632,4.10813529365627,0.03335007348524009,16.43663215637207,3368.4356962611782,0.02284655920093456,16.81681251525879,3813.052147963841,0.019037961688570994,33.90625,7182.551026044413,0.019357907786836707,20.67365837097168,5457.15182978753,0.5238444397934097,0.8221261473207592,0.3892332304089574,-0.2982817075273495,0.7187775174891972,0.7456,4.307627323410405
test_phase7_run_PRISM_lens_BR_000366,9,6.456760905202694,2.4661822380681335,0.33882148995673855,1.994701594789172,1.6289049916078986,0.35911339209359483,2.0134255418465288,0.6262977868607951,-0.8008252940544232,0.4476654225111811,0.2135780250926834,2.096027539897488,0.030949461749247884,4.022339820861816,3741.5148231256426,0.02421031405337058,5.449631214141846,4717.9048963704845,0.025782606956559054,11.38990306854248,8723.805704258382,0.024455659590135934,8.69373607635498,6573.456131451763,0.611865747066052,0.9191462857525028,0.36011146713914366,-0.3072805386864508,2.471609271854755,1.3137,3.737410739004426
test_phase7_run_PRISM_lens_BR_000367,4,3.253196174344231,0.9264692519041624,0.7461754485411992,2.3075146760780294,0.44692926336763256,0.1735641978438411,1.1732106645282703,0.42103740950569385,-1.3713780145268943,0.40702443424049206,0.1827039132155061,2.2277816992370134,0.03300376670724698,0.47946542501449585,252.92373012716416,0.02228844851226597,0.4766339659690857,272.8246707562066,0.013778657087702961,0.943051278591156,503.14595567807555,0.014745567383788015,0.5966662168502808,385.5620967571158,0.4577618880028479,0.7467610199342476,0.375526734019498,-0.2889991319313997,1.699735620760742,3.5,4.0
test_phase7_run_PRISM_lens_BR_000370,2,2.1162457199490388,1.5909679743549567,0.8345768126337958,3.424954995778258,0.462325482681848,0.2982846353561749,1.602389723566737,0.5968949646452457,-2.073253119761566,0.15806287221417148,0.0818243554356011,1.9317337896853097,0.02761162433330413,9.877664566040039,2817.9749578899064,0.033467870379881845,10.44125747680664,3224.880140546011,0.01950017878253505,23.62744903564453,6815.393277103081,0.018947128157781594,14.70236587524414,5041.812557135709,0.6316239154408123,0.9588844803053915,0.48518279444636875,-0.3272605648645792,0.6549510247726004,0.9369,4.2144902813634975
test_phase7_run_PRISM_lens_BR_000372,5,4.932959541049858,2.097891708386953,0.4459301051673149,2.391890789272702,1.2050174400405491,0.28577762335249945,1.7340398649015616,0.4602586958873352,-0.7823146760291094,0.12419720150432194,0.06579372979156498,1.8876753438022071,0.036857515034863425,2.0047149658203125,1395.8824286353774,0.025677539459727367,1.9593286514282227,1503.7859937781468,0.019098580410649373,4.032575607299805,3314.2366926390678,0.021846770977401092,5.495076656341553,2433.719203699846,0.6035540715198341,0.9388367019597188,0.5227110837398398,-0.3352826304398846,0.6369198323874379,1.4511,4.23985120655404
test_phase7_run_PRISM_lens_BR_000374,3,1.5816350628762486,1.3820597340949585,0.829015114371262,1.9948120589069431,1.4689904057247085,0.22222161348013886,1.3123060681796819,0.45252580656650904,-1.0505864631033843,0.16646175746629696,0.05633746041309717,2.9547259717727425,0.03710955217696351,1.0635783672332764,491.67647777250386,0.019969902250612116,1.0542547702789307,604.5970947657479,0.011424150950708872,2.402294635772705,1264.5144757116213,0.011436544643410628,1.5946463346481323,998.4921596529894,0.7691630682369593,1.0256109339840513,0.5446965077529247,-0.25644786574709216,0.4414389844882632,0.8324,5.250320407370721
test_phase7_run_PRISM_lens_BR_000376,3,2.067962414557673,1.650689113282883,0.8108774127438952,1.2899162160081576,2.0,0.32407845238515487,2.073554877232106,0.4606061297625111,-0.8095274593139115,0.19717451369653172,0.04303896567003731,4.5813023298048225,0.024912156019353354,2.4582443237304688,366.5314132074127,0.01950523604836913,2.4168503284454346,427.803054483491,0.011311607974083756,3.476543426513672,691.308187751798,0.014634818528844431,0.7180258631706238,339.5652564593838,-0.08296988379707249,0.6889012482172499,-0.25080158312927175,-0.7718711320143223,0.5104920301325009,0.4864,5.662450081026715
test_phase7_run_PRISM_lens_BR_000378,8,3.9629363621447466,2.386096446656396,0.6031519596864279,2.738349037985154,1.6665208637432452,0.2828968758577009,2.0967702846090357,0.38962661332304177,-1.0374983704798955,0.12704305086070475,0.057464943176187167,2.21079224721743,0.0378273905532527,1.2873754501342773,590.1162383504634,0.023225039839388336,1.3380367755889893,682.6612282047281,0.021391279746137963,2.901806116104126,1552.7386508844793,0.016946680709659448,1.8853436708450317,1086.1306768255308,0.6623612869199101,1.05040199563701,0.5041921059442831,-0.38804070871710006,1.3588015994950378,1.6698,5.271701780273877
test_phase7_run_PRISM_lens_BR_000379,6,3.3928228876871627,0.9345188239427882,0.689415559970167,2.622626365698317,1.1766674890245568,0.3958834988293956,2.114532893713816,0.6709652144816545,-1.2623277648120752,0.8987595670256081,0.5193846766292216,1.7304314267769874,0.026343669136948942,5.376608371734619,1076.808558433957,0.027226929630612202,5.398708343505859,1199.3626971435733,0.014876624155878494,11.454631805419922,2390.9456858737394,0.01490765734388529,6.746059417724609,1672.9891572583,0.47838656908361343,0.8660780297237589,0.36135647274762195,-0.3876914606401454,2.7719135943043183,1.8218,4.550019964622919
test_phase7_run_PRISM_lens_BR_000380,3,1.310422410232913,0.8428938685640395,0.622167550347738,2.719312692385207,1.1116721339800166,0.22199589252639962,1.314052892282759,0.5422537269049706,-1.5162523611872862,0.10596916797703168,0.07544597399274658,1.4045702158636009,0.03633974634419032,1.6833139657974243,415.8522769905394,0.02054542590265709,1.6787749528884888,491.4902005532931,0.012781189392685986,4.109123229980469,1016.9708137344569,0.023526703619230958,2.4777817726135254,746.257183985319,0.6348736029469999,0.9709235134846789,0.45343415446441465,-0.3360499105376792,1.1011780766206372,0.6891,5.747478538615231
test_phase7_run_PRISM_lens_BR_000382,5,3.1374120023053402,1.2103241993102003,0.5353357594441505,1.5475239836935293,1.9390971765106493,0.22300380422145405,1.3474282634080976,0.47611276569910094,-0.9014145569709648,0.19350218689316673,0.06652838437975658,2.9085658504589516,0.022939755678286926,1.4392613172531128,405.5016646817967,0.023337932559398776,1.440312147140503,450.2520298268355,0.012877902883244183,2.9857890605926514,900.1725470344536,0.014116128709601845,1.8124685287475586,660.3446805649437,0.529445105697275,0.8658328062423233,0.4157875108249913,-0.3363877005450484,0.6228943943220158,1.009,3.035045693702799
test_phase7_run_PRISM_lens_BR_000384,9,4.5070415124369365,1.4972361075085487,0.6840662156903985,2.00753709737529,1.6550706157912738,0.32643658635811384,1.7566706628180648,0.6154478540286933,-1.1334684071952574,0.12353768092923086,0.06558165372720175,1.8837231742143503,0.035232389093095826,4.387364864349365,1491.532846639806,0.02136337048485889,5.606926441192627,1896.387801615696,0.027072219898862635,18.642953872680664,6948.0121462810785,0.016749459269836404,7.934081077575684,3231.628865322098,0.8394716419592175,1.6705693678203224,0.5787358139095293,-0.831097725861105,0.5671966730446363,0.5177,5.61833905182981
test_phase7_run_PRISM_lens_BR_000385,3,3.569690568235123,2.3685451993515025,0.3306169255078467,2.0861313145688403,1.761623410862418,0.2189918517744759,1.4105379773646614,0.44754790613308004,-1.0743158474814944,0.20983089821074483,0.10854276241486999,1.933163423727262,0.028000822329380334,2.291656732559204,1543.1835162668722,0.029992600554078302,2.3030941486358643,1771.0585469323705,0.017647205489016524,5.474207878112793,4041.3410090506077,0.018850743194102418,4.55988073348999,3039.8004092909396,0.7360687336399534,1.0452698053735,0.5865303774526777,-0.3092010717335465,2.5721330353845655,0.781,4.022113322937857
test_phase7_run_PRISM_lens_BR_000387,2,2.998109327593899,0.9959976887821329,0.5603727742526764,1.9307023415817601,1.7020256991305465,0.259289642516364,1.5735864779763737,0.48023318931035547,-1.0475448356503254,0.09824428853621017,0.06704963598310842,1.4652471575082153,0.032090173946723664,1.924458622932434,357.37640711889253,0.019904781936593133,1.739457607269287,378.0021628495306,0.03696477411268504,3.426332950592041,776.8893143525347,0.01523702381961212,2.2647812366485596,575.241076678969,0.516810030344075,0.8430831742156741,0.45588901423291556,-0.32627314387159906,0.8053099889438504,0.6706,4.622751570047571
test_phase7_run_PRISM_lens_BR_000389,3,3.2431991252270995,1.018002056119692,0.8078028128308169,3.6849138902612486,0.5937411694454888,0.32558099262474915,1.7689106601383855,0.625051199584099,-2.162674122249446,0.11062282407011505,0.04996885229869693,2.213835599201862,0.02854062845033033,6.3760294914245605,894.723470757599,0.030522142619367133,6.332576274871826,966.8151249834336,0.013396881651277203,11.87340259552002,1830.3492125270423,0.013960674198388505,8.119866371154785,1354.2461191751645,0.45002192407421926,0.7771128166042863,0.36588540941660025,-0.32709089253006696,0.41414394052308057,0.6928,4.0232250543580665
test_phase7_run_PRISM_lens_BR_000390,8,4.628530749294061,0.07748993668154612,0.7640415121083218,2.5039960757941424,2.0,0.0,0.0,0.12185868912899334,-1.0761076363355255,2.9760993634129753,0.5764335515600231,5.16295305045768,0.025265525602984056,17.391664505004883,1017.7116863865958,0.02765995921931306,17.153770446777344,1147.987033468322,0.012167611443225522,18.582584381103516,1320.2519935283344,0.012284629146757618,17.507761001586914,1290.6096754639875,0.2579253876459836,0.2825801759438781,0.12714483470687607,-0.024654788297894505,0.6651482032837247,0.9263,2.827573048606677
test_phase7_run_PRISM_lens_BR_000392,3,2.229178941399542,0.8553031972983356,0.7179819310803303,3.5573065928141117,0.3173035730567978,0.28569544476867803,1.5883466115122638,0.6226508092399595,-2.2203097188731924,0.10020726873150311,0.09227945603909227,1.0859109170415178,0.0285897400482802,4.064661502838135,706.41533657728,0.03015913092687627,4.410798072814941,803.488275908865,0.013785696547253475,10.164164543151855,1675.4744427790865,0.018164067370189375,6.070533275604248,1184.766884629149,0.5614319683643805,0.9376942205623466,0.42163340648360603,-0.37626225219796616,1.5336298155480839,0.7273,3.6362220230397497
test_phase7_run_PRISM_lens_BR_000394,3,2.5727807960028244,1.4587000498039275,0.7544259128710866,2.3870453412262025,1.5431869864236525,0.30847594514857785,1.6589489922044287,0.6255218541097002,-1.3778689370160833,0.09785902106828592,0.07022687594882332,1.3934696616662696,0.03593868519358654,10.382043838500977,3581.9345703395084,0.025387968631891314,13.13409423828125,3911.1950310729444,0.028983324701959655,43.61589813232422,8602.40187088959,0.022169127214403544,11.13817310333252,5212.742138567381,0.4073714836804207,0.9512551968326056,0.3118919236862889,-0.5438837131521848,0.6537636102336888,0.3315,5.5113369861279216
test_phase7_run_PRISM_lens_BR_000395,2,1.0440513817429944,1.9115638068394991,0.33725530288709366,1.4361009067389305,1.627268261341661,0.2635579584348483,1.5940380959710403,0.5002135589164877,-0.7665125764687654,0.10279743089790265,0.048178569779983554,2.1336754363474535,0.03965087624170684,2.3765077590942383,1220.0619412135056,0.0218408607569026,2.4367964267730713,1389.7093316018581,0.02055181648339194,5.019978046417236,2195.870735809207,0.0192090684101706,4.042055606842041,2382.4369031339884,0.726598819104935,0.6380622276296961,0.5852435845328825,0.08853659147523882,0.46116733708790336,1.6326,3.06403922978124
test_phase7_run_PRISM_lens_BR_000396,2,1.4622685285951493,1.1230800164286494,0.856365083434196,3.1922590060858886,1.1888750024762442,0.30384135572767684,1.71941964050364,0.6199603050665685,-1.8655206316967117,0.10777880185689612,0.033131972154037195,3.25301498370851,0.037759861488923206,3.1555728912353516,710.2744225834031,0.02573121352380948,3.377922773361206,893.3625746708713,0.01328237288798419,7.394812107086182,1718.7382681383751,0.01578812890194308,5.666904449462891,1532.3489458616823,0.8348287454327448,0.9594589275221109,0.5858247978704831,-0.12463018208936616,0.3596891009110929,0.4037,1.0411153192339393
test_phase7_run_PRISM_lens_BR_000398,2,1.1435497245101596,0.7793766866553439,0.5235327980495172,2.290629694566176,1.3498902882508528,0.22098975176868305,1.4600597785759486,0.43226328550580767,-1.240526881485833,0.12552436122153135,0.06488722076096227,1.9345005033263785,0.03165017925278415,0.6122938990592957,106.6665263439354,0.01931811471246716,0.6476960778236389,132.64394175144844,0.010672451382357352,1.387952446937561,256.991129280068,0.014139886845770928,0.9188051223754883,186.25544159288984,0.605202043928591,0.9547249512687475,0.36855387653062377,-0.34952290734015656,0.5266521099933514,1.3449,5.60195662940948
test_phase7_run_PRISM_lens_BR_000402,3,2.4034459230841714,1.7517727437681934,0.46397676547251987,3.3316309939716238,1.0856646308749063,0.3476804045738047,1.9103181504850641,0.6455564327738639,-1.915066155630779,0.14283144021999938,0.04506841301345212,3.1692138832882075,0.03244725343289894,12.172072410583496,2448.0695582609624,0.0265424171121131,11.59639835357666,2607.8003132382873,0.02094489965905221,21.255001068115234,4811.2443013023585,0.021698928070787046,14.856650352478027,3709.342627191916,0.4511829923017806,0.7335841405488084,0.3825565431134609,-0.2824011482470277,2.4713818908395586,0.6096,5.319315214115971
test_phase7_run_PRISM_lens_BR_000403,14,4.629759226049004,0.9833974735411829,0.47243636021258334,1.6280279726913425,1.8669539853203607,0.5737481541759331,3.0056100828244325,0.7396470726961346,-1.1184521903206517,0.4829034500732444,0.4684419291796063,1.0308715338931442,0.029309945639310674,21.44452476501465,1553.8717824268097,0.02119940462988453,22.194576263427734,1786.1770308303676,0.011855697634026531,30.279125213623047,2784.9586604957003,0.014269101234498193,29.24917221069336,2780.775445367479,0.6318768493176313,0.6335089319453153,0.48060354901594854,-0.0016320826276840334,0.6780916773058534,0.6913,5.839596231216162
test_phase7_run_PRISM_lens_BR_000409,3,3.2591438059336086,1.812671626382261,0.4977499487895107,1.505816399925579,1.811459935598286,0.4863464379064182,2.5007238332749564,0.69605263237572,-0.9619422166208111,0.15421022557950997,0.041545272608355374,3.7118597591894487,0.03507918166739652,38.580421447753906,11977.329684307799,0.03675017329380867,37.218902587890625,12596.93627732899,0.04179148673259591,62.48109817504883,19865.443975036032,0.03782321539980917,45.88172149658203,16171.02497647237,0.3259438597867679,0.5493456790479729,0.27118153860947125,-0.22340181926120503,0.6664385167981913,0.6993,4.651084545835373
test_phase7_run_PRISM_lens_BR_000412,8,3.507897474713504,0.9709298174714348,0.8218055428242735,2.9755082347549324,0.5286194446218028,0.23860280813560114,1.4565660114167576,0.47183992981116163,-1.9007704898772033,0.5008399300907942,0.4542011171938595,1.102683175208987,0.028718339693308642,1.7266016006469727,427.26650598162087,0.057587266871825124,1.8360717296600342,470.5974765184801,0.019255775831230233,3.2623281478881836,844.3667996292934,0.013062381754965402,2.260119676589966,679.2199188349769,0.50327891090636,0.7395807484495234,0.39840204882709407,-0.23630183754316336,0.5246921670732859,1.2207,3.3669371914627413
test_phase7_run_PRISM_lens_BR_000416,3,3.596337753131925,1.2130943437063353,0.8820119343128199,4.024760448590388,0.10459889156478204,0.37984933895658174,1.9891812767943533,0.7035542581115395,-2.479725284862309,0.12410930444933158,0.09227032636700386,1.3450619428361905,0.029901079843358453,22.778860092163086,3718.5791015918367,0.03472707600947734,21.75431251525879,3896.384164448129,0.027185545053765834,41.60594940185547,7476.151363031939,0.021729381040502406,28.77016258239746,5536.503684926778,0.4321464226829582,0.7582526533529781,0.38143455918033947,-0.32610623067001987,3.164420301338812,0.7016,4.447072255032257
test_phase7_run_PRISM_lens_BR_000417,4,3.5583123931677223,1.3121821174990513,0.7595345508450743,2.7481950667165798,0.908583682772605,0.25449738419568313,1.4466899146476313,0.554251133188196,-1.4082668691334381,0.13401358799944837,0.08231858571246867,1.6279870073028908,0.03151985941806146,2.5997865200042725,962.4404959942913,0.021650559632975717,2.7641260623931885,1073.0389269445732,0.019314137016114567,6.184405326843262,2184.4441213789396,0.014039225017615092,3.831498622894287,1820.7244995860383,0.6921758696208824,0.8899176289487418,0.5740718970438594,-0.19774175932785953,0.6280548707468319,0.9999,5.8416812877513316
test_phase7_run_PRISM_lens_BR_000418,4,3.7187062020000665,0.19586316820426494,0.865564162442408,2.457974519121908,0.6674856531962463,0.2997255805922144,2.530953192488195,0.20362168969650232,-1.472271186326109,0.36712116819630797,0.2204491079910691,1.6653329720489543,0.025087306312211167,0.15575996041297913,21.462330595590174,0.02449825968951665,0.13915593922138214,22.07632092665881,0.01239081560822017,0.1240321546792984,19.015125796198845,0.015333595600764612,0.12966373562812805,19.332026124931872,-0.11349876721602882,-0.1314441934534216,-0.1441233136901426,0.01794542623739267,1.4497433844644656,1.1882,2.969408271115076
test_phase7_run_PRISM_lens_BR_000420,3,4.453923126042845,1.5672334743039853,0.7728508726183574,2.250005442263516,1.59385934995494,0.37481655936381436,1.9830384458523593,0.6636909710500246,-1.2435084856834457,0.13091653651601076,0.06753745163899333,1.9384287286378004,0.03574577860682827,13.485613822937012,4766.300847509061,0.028056010231544436,13.56552791595459,4979.72210578341,0.02837383726655933,24.959609985351562,9211.261062102392,0.02631119846579273,17.902374267578125,7052.26335436292,0.4253676761936729,0.7153440991844945,0.3778085358317585,-0.2899764229908218,0.49612524054914253,0.6907,1.7878966636391793
test_phase7_run_PRISM_lens_BR_000421,3,3.0767258155184853,0.6336919439805953,0.7267561678585134,2.5221061569491363,1.2360504094638007,0.23119167054945008,1.4264578815479112,0.4681185723820949,-1.3784338092372515,2.4513469416821936,0.5187061560625656,4.7258875049605455,0.02498257583138756,1.214000940322876,453.811570371734,0.021482159173266267,1.158787727355957,498.17156603449257,0.01643407692712383,2.3954226970672607,976.0550909563899,0.05445891235399779,1.627655267715454,740.3970223311335,0.531472747548714,0.8314969163890052,0.43021431910359453,-0.3000241688402911,1.8761369825102658,0.8287,1.7891224280515219
test_phase7_run_PRISM_lens_BR_000422,6,4.592491299585659,1.8040174630258874,0.702839290386115,3.411979864011843,1.0497075577260042,0.3893394329832134,2.1203747905937274,0.5922246089190366,-1.4171847988194763,0.15591243523232773,0.03816261433475385,4.085475745049828,0.0316171705852835,7.1251912117004395,2061.105749627517,0.05192081965540372,7.033213138580322,2370.417934691999,0.01696196117344864,13.39547348022461,4392.709289832972,0.015165600450566873,8.684165954589844,3246.5837574857287,0.4933158419194401,0.821580469359431,0.3415042179726361,-0.32826462743999063,0.8968623380929894,0.8386,4.857944665333813
test_phase7_run_PRISM_lens_BR_000424,4,4.636262316547583,1.1653440226563423,0.7026352893362421,3.1309818211330205,1.7534921138994117,0.4439746964225393,2.339074606854473,0.6523661132387931,-1.6755477075799252,0.16462272917313905,0.09827211009540679,1.675172426981737,0.023122609305388897,10.992834091186523,1264.1580979432038,0.020507145423289463,11.26530647277832,1418.5643155811122,0.012846077800744317,15.212352752685547,2258.84482977516,0.013455713982277096,17.142227172851562,2257.0316802346497,0.6293406599240126,0.630212518223146,0.5042215603547741,-0.0008718582991333093,0.7102774744361631,0.8225,5.8263039660347165
test_phase7_run_PRISM_lens_BR_000425,4,1.8663164953404718,1.2882427781104075,0.8898113586723374,3.5093999823863538,0.48487790781046763,0.263393756861823,1.5700672242703986,0.5311295484684969,-2.1306406548552372,0.1660539310720908,0.05376253768555138,3.088655004406862,0.04132046183350428,3.163728952407837,753.8525822041556,0.031931012283035284,3.1361711025238037,809.7487662149579,0.015702841017769736,5.8168625831604,1546.3277152590454,0.016013167372128514,4.085282802581787,1149.9222876932472,0.45845516183674084,0.7800377828922891,0.3807954913735407,-0.32158262105554836,0.9017685111275425,0.5231,1.2063307166763928
test_phase7_run_PRISM_lens_BR_000426,3,2.989701627727773,0.9848522633102901,0.3782292791913825,3.2641006815592633,0.6353770060936279,0.28654197456785724,1.613336974244167,0.5869492979306169,-2.08960490848033,0.749519736499275,0.322650227274478,2.3230100992975893,0.0263152844201534,2.99273681640625,729.6846035008057,0.02596864705648931,2.8866827487945557,781.4653027556487,0.01211554714433802,6.205392837524414,1443.6806376357563,0.012330685415280084,3.584689140319824,1079.2971855306532,0.42501465478475364,0.7408398729899797,0.3505783613811727,-0.3158252182052258,2.748308585773039,0.4815,1.427394375454998
test_phase7_run_PRISM_lens_BR_000429,8,4.589262390673948,1.680147410306092,0.25156829680564424,1.821193143459712,1.9434557249737263,0.22987252771808792,1.6816672542823066,0.35895215163795624,-0.8011847110958346,2.424712885091052,0.40165919165210207,6.0367419331740875,0.05607112693136782,0.8435899019241333,438.2495839453768,0.022808407386760925,0.7413102388381958,381.75923223327845,0.017438467207572552,1.46796715259552,780.5420249383897,0.017645525048758832,0.9349965453147888,524.4290110869333,0.19491299029297998,0.6266869457146564,0.34474290003526803,-0.43177395542167646,1.254948206341478,1.4409,5.77697399062216
test_phase7_run_PRISM_lens_BR_000431,9,2.759996012837487,1.4551499231908607,0.5840743675159704,1.1161704749797032,1.931931076554662,0.5816330068193218,3.229699286511251,0.5966237755806699,-0.73572252295223,0.12488645323406072,0.12058766232078623,1.035648679396727,0.036604839729103694,11.321314811706543,927.5733674611838,0.030946973012637775,9.90560531616211,1011.5159958313452,0.012546606293495592,19.70120620727539,1869.4009049762972,0.012002554156418991,11.298532485961914,1300.633895317238,0.36701699285670236,0.7608854448456002,0.27295578206817267,-0.3938684519888977,1.1064749848733053,0.6649,2.7560879535367024
test_phase7_run_PRISM_lens_BR_000432,9,3.377276445080925,0.09770973223948248,0.6530441640256088,2.372079450275958,2.0,0.0,0.0,0.13224542398748304,-0.8528123474415359,3.1508133561493676,0.8971336449372883,3.5120891674613506,0.025685803289982007,4.700186252593994,920.8158556564013,0.021468439562456067,5.32921838760376,1087.2778569955262,0.013129170662139821,6.90487813949585,1745.4510906112846,0.015173927231576009,2.2290244102478027,1050.916478236264,0.14348853227383918,0.6943372376648828,-0.03693085426487214,-0.5508487053910434,0.41505991091502564,0.7054,2.23380358539321
test_phase7_run_PRISM_lens_GR_000004,3,3.94885360577906,1.2612203604580898,0.7623611398148358,3.769276012277741,0.3550750335809096,0.3125187556860219,1.7762563577964707,0.6051605887315875,-2.341755126975168,0.16263363443975828,0.07552021410840154,2.1535112997205537,0.030923599431664037,5.419909477233887,1080.215432877303,0.021595004572213475,5.45336389541626,1163.7768441313674,0.018519267250569314,10.863235473632812,2196.3967518303543,0.014370923477568886,6.86521577835083,1641.499237859156,0.454325769335496,0.7705010377140598,0.37342743428316205,-0.31617526837856375,0.8194150877522759,0.94,3.641789639945027
test_phase7_run_PRISM_lens_GR_000005,8,2.8230500572282953,0.09907890933118209,0.30465778206932825,2.3434710624642485,2.0,0.0,0.0,0.04290234901280554,-0.6643011323304929,2.942741799872643,0.8878871921061928,3.314319460890124,0.024589744872995613,7.134185314178467,1099.359017230845,0.030065686703918074,6.697232246398926,1173.0179231953807,0.015974928339609708,9.53918743133545,1891.1172376042232,0.01649341833801865,9.998684883117676,1790.0564682972617,0.5293179707229996,0.5889472757454338,0.4589052081395719,-0.05962930502243418,0.6018080331479152,0.7265,1.8022090152560741
test_phase7_run_PRISM_lens_GR_000017,9,2.714581377790826,1.091423525766262,0.6161687390780137,3.6222751219607723,0.37581563096640674,0.27412979793212927,1.6010541428703455,0.5644233558244279,-2.2510321664402975,0.1687047702877788,0.07353482743839425,2.2942158996581,0.03485431518815886,3.695556640625,720.3543109683087,0.02837798968602791,3.5972542762756348,735.2566777002066,0.017630411685234774,7.0260162353515625,1362.6371771963313,0.015585849718228751,4.497072696685791,976.6472385262896,0.3304789171972095,0.6920851854548264,0.3082468722925784,-0.361606268257617,0.5003946420722131,0.3004,2.3375558365897042
test_phase7_run_PRISM_lens_GR_000027,6,3.077662523811453,1.2672392409750453,0.7871549037901234,2.5174958179545053,1.4440503443237487,0.2744784258927678,2.2561733533455652,0.3015195530891596,-1.039429796080137,0.6389522854717274,0.32652080837285247,1.9568501274262162,0.026687314052678348,0.4429951310157776,172.37032635743162,0.08351497672329147,0.5351873636245728,228.91279338253662,0.020232159221930113,0.8616620302200317,402.90292681381106,0.015294337716816453,0.6275656819343567,308.51436566282064,0.632032218572422,0.9218447958813933,0.32401331576719494,-0.2898125773089712,0.6774647257325139,2.876,5.067043629018627
test_phase7_run_PRISM_lens_GR_000033,4,2.9972447716119732,0.4096103484448479,0.8015389871805834,2.85568240428679,0.43112674615875324,0.21782693378198398,1.5478823049811712,0.41766374859962135,-1.94651309286072,1.0063904334761788,0.29498639889891265,3.4116502904293347,0.02315768454541732,0.40992480516433716,84.94758260832168,0.028383824249086365,0.3801898658275604,91.59249572909903,0.010422317364113016,0.7465454936027527,159.6973179167835,0.013900876807631017,0.511999249458313,116.76690527726896,0.3454218640080672,0.6853664946184208,0.2636496928875519,-0.33994463061035374,0.7557741222723775,0.7158,1.2860086105762594
test_phase7_run_PRISM_lens_GR_000044,12,4.658888585431602,1.614678372705661,0.60570910757222,2.3518803184817054,1.1306423799715952,0.45630614437783545,2.443701013002747,0.6412510228650595,-0.974246649942806,0.39396302076096623,0.15248387595766988,2.5836372422113136,0.02644709395650372,17.011240005493164,2881.7406041012873,0.029820762072923647,13.586267471313477,2895.1453591546215,0.013133123793567184,10.726790428161621,4977.853765259031,0.01711816593427691,15.618021965026855,6158.981140962453,0.824634971115696,0.5934681208563267,0.819596251607949,0.23116685025936917,0.656911350886803,2.3663,2.8663
test_phase7_run_PRISM_lens_GR_000051,3,3.9905238864571984,1.720797801679749,0.44652832185527536,2.2431530836134606,1.548442561924984,0.3660948846079799,2.125269019498994,0.5047620006451423,-0.7155125679042127,0.2258814663252372,0.05591662722053537,4.039611785495572,0.033868830108379475,2.1152658462524414,864.6798115348793,0.02713332220823877,2.3593480587005615,986.5113772712066,0.011390770703744776,3.7034735679626465,1662.3755266685039,0.017611135146205308,2.116219997406006,861.6346185309521,-0.003830449038229991,0.7096845434817439,-0.14694739663013612,-0.713514992519974,0.35661492808181283,0.3671,2.911877977279622
test_phase7_run_PRISM_lens_GR_000053,7,1.7465566582307719,0.6706836960741738,0.723676373479436,3.3507953064031315,0.33470980177772036,0.24461823542837008,1.5115247267764742,0.5334434352288717,-2.1448124027500706,0.7781842293201644,0.27545798905145247,2.825055944101909,0.033151947844921245,1.4976869821548462,171.5338583063567,0.02473206996291822,1.3676265478134155,184.40201691903349,0.01165962913787428,2.843557119369507,342.0300265913829,0.012339602725167207,1.7712233066558838,278.55290349561255,0.5263945834695077,0.7492859446455241,0.44785505698863054,-0.2228913611760165,0.9195316773971058,0.86,1.4255931377886162
test_phase7_run_PRISM_lens_GR_000067,5,3.8448910256740163,1.4672273029553506,0.49419862391020297,2.919855595838067,0.45882711526036246,0.19531398025892893,1.2460006953176517,0.49056478185173713,-1.5577075520583623,0.34854536744065306,0.27421530245585424,1.271064613532154,0.03659920833771098,0.995733916759491,617.0972157874312,0.029915915676010638,0.9579786658287048,769.0103560368007,0.01255382341871708,1.7610334157943726,1368.4209231077693,0.012692028136238483,1.2232682704925537,1130.7676554981153,0.6575494761324412,0.8646652973437412,0.4186029726736567,-0.20711582121129996,0.8189927934250024,2.0379,2.5379
test_phase7_run_PRISM_lens_GR_000104,4,4.268059497303542,0.10704079630207747,0.5457077296580681,2.6362908362718,2.0,0.0,0.0,0.05779139336409081,-0.43791918979727934,3.0133015006077923,1.29014511079735,2.3356299034807626,0.026743257351221898,21.489654541015625,1030.6524561041006,0.034780672405181234,17.440601348876953,1055.4292003353476,0.016961892040276566,23.894542694091797,1738.9024035856128,0.01733679370552722,6.280970096588135,1054.9121580584906,0.02526013783928343,0.5679074130830907,-0.0005320196454225899,-0.5426472752438072,2.5594758845808068,1.5263,3.8526418718561746
test_phase7_run_PRISM_lens_GR_000121,6,3.091627065569643,1.3255588141312202,0.6731298717523408,3.046150291482186,1.1698882360894551,0.27750106682187553,1.6611301368855966,0.5273533089077591,-0.9771279603695826,0.32530498784505224,0.20622238169577958,1.5774475358593423,0.026054883611567447,2.305277109146118,571.0733569841832,0.025964674972080472,2.225578546524048,615.1817656045314,0.015279002846036279,4.661407470703125,1180.6042903773487,0.012755463303494216,2.9437031745910645,957.0256197829731,0.560579162870828,0.788531145488383,0.4798002747050518,-0.227951982617555,0.8320118221719545,1.6824127413505918,2.3543827101360293
test_phase7_run_PRISM_lens_GR_000122,6,4.660343948073548,1.5975419549311134,0.741342908776213,2.815070804081814,1.307280414267479,0.3396081500989419,1.8384683968766846,0.583706919620194,-1.4705624912500093,0.47568619307684407,0.3665433290901337,1.2977625162559483,0.02826870059627993,4.2204790115356445,1571.6304001078533,0.026385318643649115,5.703192710876465,2024.1266733795637,0.01993772484528021,12.924954414367676,4294.039843266364,0.02181827560260859,18.5753173828125,5394.033360463218,1.3389080182725455,1.0912891225679004,1.064189850450596,0.24761889570464493,0.5287772691321685,0.3983,5.270062713963793
test_phase7_run_PRISM_lens_GR_000127,4,4.306292450693132,1.1040024223172082,0.5674294067432403,2.7801493246608744,0.9209712340157299,0.20434829227852463,1.3592106525196952,0.42538791134552434,-1.6989915556239192,3.1213109924146862,0.7280183954353394,4.287406763325271,0.029978128091684587,1.0834580659866333,641.5117095722817,0.027679880386862792,1.1913690567016602,743.2799810073338,0.027568146065939454,2.3372981548309326,1552.8331040591002,0.0213806203196779,1.7337137460708618,1184.7876504575834,0.6660898267534049,0.9598004824542621,0.5062202068268244,-0.293710655700857,1.6644915559412565,0.3,3.5412358459569133
test_phase7_run_PRISM_lens_GR_000137,1,0.0,0.8711232300954346,0.2979293835877111,3.6101003248337715,0.21975854309272216,0.32689575407698135,1.7720879240957004,0.6604594122640368,-2.284617119433864,,,,0.023987975477355816,4.980083465576172,662.0377368679547,0.031843958638083314,5.198180198669434,769.1365894507035,0.013615076726975322,11.011788368225098,1510.7257882570848,0.01079804922177533,7.567172050476074,1174.207848858321,0.6221555841054531,0.8957572433177096,0.4593537672295062,-0.27360165921225643,3.7738788562255743,0.4776,3.9598648768533535
test_phase7_run_PRISM_lens_GR_000149,20,5.4075454442188855,0.10116132197209159,0.37549276907567,2.672131493710512,2.0,0.0,0.0,0.0834780050497466,-0.3976317097392369,0.2372353618679039,0.1786934440654946,1.3276108875094073,0.02513533322434878,0.12831130623817444,18.782034087056672,0.022199267605580244,3.0550334453582764,298.28085080429446,0.016483472162865727,3.238840341567993,292.3521261997521,0.018240033788447588,3.4033827781677246,355.9735602159053,3.194187794328533,2.9804090807288253,0.19198092237295458,0.21377871359970765,3.0334339238031034,1.5961,3.87623266015286
test_phase7_run_PRISM_lens_GR_000172,19,4.63484111811507,1.4577740482408807,0.5571776765570482,3.026692774253394,1.3206811845297202,0.34089520139032503,2.092333845257869,0.512563335162065,-1.642678871727068,0.48166019257749054,0.2838469455357499,1.696901094596512,0.025514858683307724,2.3774185180664062,567.2541781364416,0.029999028688137783,2.534630060195923,650.7849606951058,0.013509725681383226,5.659036636352539,1318.1710020955652,0.015530319070759257,3.6171560287475586,1036.1943290838972,0.6541587693823475,0.9154851253953782,0.505009257695532,-0.26132635601303067,0.8723444044107598,1.045,1.6190919290759411
test_phase7_run_PRISM_lens_GR_000173,4,3.4004777109877904,1.5464081377552579,0.6423842806131166,1.3448169214178889,1.9935268698073134,0.3228216502042398,2.006019092001301,0.5001618318965202,-0.875220001147466,0.9267688737777713,0.2808808369105394,3.2995090870971286,0.026635038239817346,1.8642845153808594,564.8120047640405,0.025800764045200337,1.6868641376495361,593.4149092675652,0.01593758539117729,3.4993906021118164,1111.3244429994375,0.018962493602803887,2.157588005065918,795.6765160555951,0.3720815536608802,0.7348423692596473,0.3184452168318949,-0.36276081559876716,1.3755736174799025,0.5386,4.875171372268848
test_phase7_run_PRISM_lens_GR_000213,3,1.5419900323619629,0.9626666310401926,0.7771998921840072,3.8495734840059526,0.14960913377891993,0.3206041931521011,1.756028985639621,0.6348091743609836,-2.357036316914018,0.17671675677586957,0.06853343129290093,2.5785482127782338,0.026119251202187638,6.988690376281738,969.5279519472124,0.022239322416626645,6.98600435256958,1051.4994382421428,0.02180394866557319,13.726507186889648,1933.6795135755092,0.018349965869605002,9.123353004455566,1462.3358748089522,0.44621699990286545,0.7495604039941794,0.3580952236694136,-0.3033434040913137,0.3,1.2101,2.830487890832792
test_phase7_run_PRISM_lens_GR_000232,10,4.294677124918143,1.3226869239029089,0.659144538030578,2.4141178689246687,0.6663231565720815,0.19615156409094553,1.5328114808068227,0.2896384631917639,-1.5263090556246373,0.5354142735202613,0.38369782972632543,1.3954060514289288,0.041634123720315455,0.9242197871208191,297.06565812404733,0.03609451638072429,0.8976691961288452,318.42779106105445,0.014691869822305238,1.1964796781539917,651.1970866369084,0.014393073496414003,0.6339352130889893,423.7917179747601,0.3857500412612178,0.8521500005948567,0.3103537525844944,-0.46639995933363876,0.3610826007681831,0.6208,5.171257407524128
test_phase7_run_PRISM_lens_GR_000268,4,2.5103923300243247,1.5209708395490051,0.8212612502680837,2.5202442354488137,1.5621326699418054,0.44447475142439724,2.3905453685450695,0.5292668487634621,-1.2447459603069395,0.36881697860892143,0.31389176802666807,1.1749813667543743,0.03289560879642371,19.808937072753906,1179.712005808713,0.0268827160779347,14.908745765686035,1243.1709185580985,0.011029929375760463,12.864850044250488,2453.412739288993,0.01485516882213457,4.533926010131836,1829.2679057880305,0.47625328901923014,0.7949865419950685,0.41936618168340845,-0.3187332529758382,0.6275966762396584,0.8952,5.363136476233685
test_phase7_run_PRISM_lens_GR_000280,5,3.3412191440862204,1.4154229391872772,0.5545783078294658,1.6649205459041914,1.5875306546229946,0.35616597434561004,2.112025352985555,0.5207778527455346,-0.9430425002044025,0.3103303271073967,0.2372515022124557,1.308022601389052,0.0262458883692936,1.611469030380249,393.2684321795823,0.020817812960756396,0.784622848033905,361.05261101174983,0.015110433737946832,6.02174186706543,1074.8953910889104,0.018680937040691927,6.134695053100586,1065.3139410587028,1.0819713089316345,1.0916927848044542,1.1747678009211786,-0.009721475872819902,0.5178440774920047,2.507041471779817,4.915795120485303
test_phase7_run_PRISM_lens_GR_000290,9,2.9350538766239116,0.4922833433856474,0.640145884004314,2.8650716489714196,0.2914382036370386,0.18385423179779334,1.3679643915975381,0.3938096329258872,-1.9299986229305217,1.3350366656040313,0.40604643907059473,3.2878915738303607,0.027791668727983297,0.45838412642478943,89.17266973582991,0.019554771354304945,0.4387553930282593,93.50820171304076,0.01472309235933455,0.871039867401123,194.7746964567341,0.014197890098349493,0.5279290676116943,123.63950192555785,0.3548136942727914,0.848251917617051,0.3032688546204646,-0.4934382233442596,0.9943860805692929,3.1455,5.496827990064453
test_phase7_run_PRISM_lens_GR_000299,2,2.739266585878695,1.1220700215876178,0.804304302959493,2.693772949485555,0.15483006074643718,0.12418436438439981,0.7624109890029416,0.5390633453407131,-1.8875302913961318,0.22222308323613785,0.17493693400818408,1.270303978379669,0.034780322892444974,1.4902747869491577,691.6528902048813,0.02524995928066638,1.552769422531128,820.2594094764354,0.010910459448255602,3.140383720397949,1718.5822160325479,0.014628560692755418,2.118290424346924,1311.1028155642562,0.6943713849155391,0.988205293296171,0.509213822502421,-0.293833908380632,3.725135599012842,1.2352,1.7352
test_phase7_run_PRISM_lens_GR_000308,2,0.9618739796990305,0.7655243401863994,0.7739567306173437,3.2843570425000452,0.7561670940096548,0.2612784077303768,1.60978562511476,0.5189994491896671,-1.9240849168442156,0.14090360635676233,0.051342419085806675,2.744389704763918,0.028505862518752766,1.7097686529159546,198.93232154572615,0.030932746121724707,1.682051181793213,204.14895679382607,0.013791071700513266,3.0147228240966797,369.10113538522273,0.011147367167185724,2.1079678535461426,281.7996496865526,0.37808774499869363,0.6711000755826524,0.34998320970042474,-0.2930123305839589,0.3423810876366314,1.0512,2.390866672520475
test_phase7_run_PRISM_lens_GR_000314,8,3.690303649764806,0.10396862285644576,0.4931727160403482,2.665970368965134,2.0,0.0,0.0,0.05745056348265146,-0.4869123157162118,3.7027960112392897,1.2406494089603475,2.98456274955404,0.02980483401456098,0.8498364686965942,481.23150174692273,0.02619440854411276,0.8872542381286621,542.3477476687985,0.017705436691841776,1.6930164098739624,1094.7493747416884,0.01745135100917136,1.1799046993255615,832.3326171115041,0.5948571627653966,0.8924016425113608,0.4650476825470981,-0.2975444797459643,2.373713014323319,0.6377,3.6481616802424175
test_phase7_run_PRISM_lens_GR_000319,15,4.6149412752221135,0.9130562940800699,0.39163618412950424,2.691894675029092,1.8625715684411235,0.20607174954798396,1.643256341813043,0.27681581192678456,-1.6012213721314976,0.33193040982555805,0.31325015636476644,1.0596336604507206,0.029577131050324404,2.22377347946167,243.385662787623,0.025697615416174647,2.1692912578582764,296.51536816335283,0.013511505769076945,3.372081756591797,526.5651411917061,0.013319326417786348,4.042475700378418,637.8053080485552,1.045982844457179,0.8378927844226172,0.8316023046168874,0.20809006003456176,1.946086247897377,0.945,1.805047027540284
test_phase7_run_PRISM_lens_GR_000335,3,3.027686729259147,1.1474953909836325,0.8320079155258981,2.670754107259552,0.2963365854018781,0.1385398465173797,0.8899067986425384,0.4947885941720695,-1.770478313566957,0.2621463247123839,0.17483997201573018,1.4993500724696918,0.022253426550852898,1.0694910287857056,463.59381949656745,0.02723189487432165,1.2043781280517578,575.0824078684236,0.013402758511982492,2.5545568466186523,1160.3537975754589,0.011692582626753286,1.5826137065887451,920.9446645993739,0.7452397468795292,0.9961319762577976,0.5112586343220306,-0.25089222937826827,2.200202368910666,1.1999,2.307925711756877
test_phase7_run_PRISM_lens_GR_000337,3,3.971791721831473,0.4639874961436173,0.7054412216193552,3.1060590314136203,0.17198342709524003,0.1835035790655199,1.1168915408454505,0.506736447139976,-2.0249567764051117,1.2920949596203382,0.5716775978801032,2.2601812007531676,0.039684924398623096,3.984816551208496,2591.567754707299,0.039838791518603534,3.8516123294830322,2913.0349984504282,0.050630418458138864,8.722030639648438,6283.29628610611,0.038853968432345835,5.281510829925537,4571.458800978959,0.6162306062878956,0.9615624288002854,0.48927276925611773,-0.34533182251239003,2.347690862429904,0.6854,5.804365121927498
test_phase7_run_PRISM_lens_GR_000340,10,4.524401322915984,0.12972392090420548,0.4150943178792786,2.625605641621625,2.0,0.0,0.0,0.05831562197700175,-0.5199300489601699,1.6399252989964952,0.5586693236102989,2.9354131857442542,0.0251700811457946,11.103704452514648,1150.3962271290657,0.023170838626229626,10.601577758789062,1275.5488253575168,0.020940515159527086,17.657711029052734,2061.0468610096723,0.01581454520960617,20.13712501525879,2561.556269378867,0.8691411292284703,0.6331010437865228,0.7570170331362505,0.2360400854419476,1.4779552850659163,1.2966651221840892,2.19318611841561
test_phase7_run_PRISM_lens_GR_000346,4,3.759228532349501,1.4045511338804526,0.721341924831083,3.2112203162800363,1.3517418211301673,0.3302564881089255,2.0157261916677993,0.5316261243762999,-1.5568119691672462,0.15840920325056204,0.06366168479133046,2.488297376511381,0.034234146664582084,2.4227635860443115,478.353083969414,0.024297602272730527,2.444467544555664,506.1367541712243,0.012896839342879867,4.488415718078613,970.1311973296106,0.01898044269322335,2.8175950050354004,798.337291933829,0.5560945957029179,0.7677047313909345,0.4947963521514131,-0.21161013568801654,0.706139056442388,0.9957,1.9036132662067908
test_phase7_run_PRISM_lens_GR_000352,11,4.326364230909199,1.9611544449950307,0.6560191057575726,1.9325199594587559,1.9292684770471618,0.2830960890233935,2.0090128599383186,0.40120943541961507,-1.086686358373849,0.31085249816482674,0.251598727425361,1.2355090240154092,0.02715837413284915,1.7785624265670776,503.9610631949763,0.03328550938041866,1.7762761116027832,576.7194983487716,0.017203302633132456,2.3438849449157715,910.7851503686979,0.02097786523359445,3.336329460144043,1514.176030524075,1.194448458793675,0.6425473942231679,1.0480293306257205,0.5519010645705069,0.8797734000754903,1.1533,1.7039794152870626
test_phase7_run_PRISM_lens_GR_000359,5,4.888156207590289,1.8937998008096844,0.682796566080322,2.504336616103898,1.1278809111705408,0.2538626708666204,1.690408972046482,0.36347980708172145,-1.168036990501001,0.1311554211488894,0.060514334248523406,2.1673446924203694,0.03680671086414639,1.2937440872192383,749.1289444896393,0.02922466223348543,1.2703733444213867,783.4176009764196,0.014705224140488284,2.394303560256958,1523.0346919023432,0.01710821473859854,1.5697263479232788,1150.8265237258747,0.4661332132382857,0.77038304602691,0.4175413454415771,-0.30424983278862416,0.7859757516945067,1.5796,4.604307797340928
test_phase7_run_PRISM_lens_GR_000397,7,5.048149430368713,1.2703939636005748,0.44474818968522545,3.0786387032841427,1.9468514995034367,0.22979873629886488,1.4055823539547745,0.5960512679160335,-1.8749193793761836,0.18026002127088198,0.08003338423939146,2.2523103700288134,0.03347153003164065,4.497559547424316,1115.1320039842976,0.028123595125941005,4.70134973526001,1238.4838204719126,0.018965602897924868,5.904057025909424,1722.5794958081096,0.017992775311727757,5.59404993057251,1607.7612571734935,0.39723819741960376,0.47213248323390694,0.28332805437708297,-0.074894285814303,2.4543365885306923,0.6732,5.757755651336341
test_phase7_run_PRISM_lens_GR_000400,8,6.7992710682722945,1.4982247981106815,0.3579993384435812,1.7765971226751376,1.840164119296249,0.30985004065530763,1.796821728159469,0.5345595004139809,-0.8396276363276802,1.0527978479266156,0.5641179537160618,1.8662725428102962,0.035165390111538984,3.635519027709961,1286.223507181916,0.02045726867545087,3.652043342590332,1413.5033450726332,0.017581120513910687,7.06306791305542,2487.4333107003476,0.014357186232985729,4.677307605743408,1669.0296317915781,0.2828690115763316,0.7160875084686156,0.18041801645075173,-0.4332184968922839,1.2724326662395862,1.6185,3.1070265302991418
test_phase7_run_PRISM_lens_GR_000433,3,6.036952936794468,1.3266978072939872,0.5017547670037488,4.231645817187168,0.23471254168798725,0.49207855208239787,2.576889622521235,0.7292895311219489,-2.563419321094893,0.28538031205486125,0.14915248157513122,1.9133460539247495,0.029195496098845326,24.890165328979492,3683.665982848499,0.028922606088678318,24.93341064453125,4020.3283030445455,0.023134956829471084,47.830989837646484,7875.279212309048,0.02028039723056945,30.876230239868164,5629.176379437558,0.460411532716386,0.8249642918984951,0.3654583432738851,-0.36455275918210905,0.7040053748314317,0.5392,2.0664530068766425
test_phase7_run_PRISM_lens_GR_epoch00_000050,6,6.3015531406369245,1.5255747767934218,0.5193657733507931,1.6416453697594144,1.9999524171396164,0.3002632181130457,1.967160543640458,0.4352970418117883,-0.8426107652724523,0.7161644795842552,0.27828792390675683,2.5734658893219287,0.0266101065752496,1.2647969722747803,662.1569938296161,0.023657467834719784,1.2438024282455444,726.0505245228997,0.01696388467177281,2.2602782249450684,1450.9070238228887,0.019354750547902904,1.5696288347244263,1078.530701333657,0.5296788541985396,0.8516965315272103,0.42966417171284493,-0.3220176773286708,1.8624118124880609,0.3253,2.4834172468023024
test_phase7_run_PRISM_lens_GR_epoch00_000092,3,2.070061452131719,1.3309219861981547,0.8772460704485637,3.058492798023429,1.224204100369626,0.35583850641595,2.045213011627466,0.5313825804582561,-1.6051317374643896,0.14081807494792148,0.11084046475112637,1.2704572762673343,0.036160143857091515,2.489377498626709,569.7434997464916,0.023030265288132307,2.5298800468444824,642.8005643177312,0.012733545045014711,5.329834938049316,1307.8195262625813,0.014916657946298463,3.7830586433410645,1000.2726825934369,0.6110975735638421,0.9021710957164624,0.4801053976042853,-0.29107352215262033,0.6422428334024604,0.5195,3.2480026493703784
test_phase7_run_PRISM_lens_GR_epoch00_000093,0,,,,,,,,,,,,,0.02195708821679725,0.10377147793769836,,0.01968428527552964,0.10302923619747162,,0.012031272702133137,0.06526979804039001,,0.013181087823024365,0.0824979916214943,,,,,,1.1682632116466252,0.9983,4.6778690348686105
test_phase7_run_PRISM_lens_GR_epoch00_000099,7,3.28559644553265,1.8261807824885143,0.6192918259273967,1.438529476827237,1.9888501639093503,0.3100679967680143,1.9826545907674313,0.4155687038291718,-0.8838115012288031,0.1753738789100554,0.07407434514533041,2.36753870136793,0.03469043247441231,1.1605101823806763,416.14784561865235,0.030627310680816987,1.2751003503799438,461.544141263028,0.010469709434820985,2.8446526527404785,1010.0995954130776,0.017452914956191046,1.5020116567611694,722.723780005821,0.5993117350770348,0.962791366264425,0.486897755444114,-0.3634796311873903,0.5911836731760599,0.9505,4.582509538916753
test_phase7_run_PRISM_lens_GR_epoch00_000108,3,3.7179954736156335,1.7863114238033115,0.4211701006709547,1.5927995291077877,1.5021760061992229,0.2793841070131277,1.7517985774496596,0.4900351684220925,-0.9500077700719918,0.21367182902904003,0.08844334293538174,2.4159176025848823,0.038822743832672334,1.739585280418396,509.95262163563166,0.02391569138481682,1.7113909721374512,573.4872662812704,0.014293765106633709,3.602358341217041,1235.8304602769203,0.011967942922922742,2.2636642456054688,918.0564634399489,0.6383489093234298,0.9610726663179943,0.5108640331826776,-0.3227237569945645,1.01479273581465,0.6531,1.7719872600810889
test_phase7_run_PRISM_lens_GR_epoch00_000133,4,5.829157948071117,1.0692214230543649,0.8718263185185824,3.890596488326676,0.17688069339272894,0.34772067255791267,1.839778735754689,0.6815393734870286,-2.4103048131475773,0.4998201058619942,0.3668347620364109,1.3625211064713207,0.04162206598846843,16.19585609436035,2778.367428669706,0.03434711101548383,16.98662567138672,3195.379494654946,0.03313469407035725,39.61361312866211,6946.242114879191,0.027845958408410663,24.969057083129883,5045.502663677558,0.647786901929184,0.9949005944569832,0.49595498967413826,-0.34711369252779944,1.7875293939255723,0.7928,5.73572080624721
test_phase7_run_PRISM_lens_GR_epoch00_000155,5,5.402632999779307,1.9202357195575974,0.674927872751528,2.687719519069329,0.20174822914564444,0.12657158411127176,0.7956455151353192,0.5174113025814598,-1.888714378070221,0.15943791946906424,0.07283304154341112,2.1890877559195916,0.029952245318639388,1.9322726726531982,2529.5700765624642,0.02734550327607615,2.1500797271728516,2885.7769459255505,0.02429183410303169,4.582262992858887,6147.661248670425,0.020346792851913906,3.102954149246216,4470.82574421633,0.6183525697490556,0.9641580340912799,0.4753124586969585,-0.3458054643422243,2.1043292422202193,1.3221,3.9731388949422377
test_phase7_run_PRISM_lens_GR_epoch00_000189,3,0.895971218846298,0.6567783814096865,0.570585877056443,3.0232450005787967,0.5110229565866675,0.22267571740595118,1.4444783394276552,0.4654155885676421,-1.954815520976606,0.19235201842608599,0.059308323014575906,3.2432550550925643,0.03018120512378741,1.249470829963684,241.43342465069145,0.10754197771695628,1.277582049369812,303.21576859621564,0.015446768629301954,2.802889823913574,577.2078639371321,0.014489446883466067,1.7861508131027222,411.5693219001405,0.5791140013364617,0.946337111471355,0.3317280311182546,-0.36722311013489334,2.6901497700581944,0.8472,5.274013849103875
test_phase7_run_PRISM_lens_GR_epoch00_000191,5,3.7092998893763207,0.7742883943710527,0.5115849887915971,3.646533690746674,0.28245199237823343,0.27855255958189773,1.600349821853022,0.5945155396733964,-2.284300526183207,4.09263999306293,1.1428246255025407,3.581161887602177,0.026141500168721143,3.4462411403656006,577.8150856449938,0.02263622098756631,3.59885835647583,706.4001277323114,0.016490234839568737,7.988083839416504,1795.969959215261,0.05219419527477649,5.460842609405518,1580.5129618011415,1.092522963975073,1.2312754794823986,0.8743682318597576,-0.13875251550732537,1.2822945691766814,0.3336,3.8271550856223318
test_phase7_run_PRISM_lens_GR_epoch00_000205,6,6.201182657845095,1.920713704303095,0.1513864707449026,2.8118672642649214,1.5100382482918673,0.26657386807768174,1.9932886628356374,0.37308427518614623,-0.9027377520120811,0.5574799775439213,0.24247165806966658,2.299155216663496,0.024557320775009422,0.8069441318511963,397.1917740048375,0.03200970905107749,0.7875034809112549,471.85087782959454,0.022474456206451623,2.5628552436828613,1170.156153479591,0.019795398552364826,1.0825692415237427,707.4143697719555,0.6266840798036344,1.173108938174774,0.43967277521555814,-0.5464248583711396,2.1394568897406248,0.5796,1.4971949610947846
test_phase7_run_PRISM_lens_GR_epoch00_000207,8,5.03488620210604,0.06887145627861753,0.21446886664510253,2.9547104940868287,2.0,0.0,0.0,0.06869428499508302,-0.7015166028918746,2.8552264940376864,0.6756326244587504,4.226004474436103,0.03370491821931173,1.852255940437317,463.5382314841263,0.03347211072364463,2.001329183578491,540.1571596574504,0.013868257040414708,3.0523078441619873,871.7403447320685,0.015536266880161279,0.9197720885276794,288.95231859047635,-0.5131484395972178,0.6857539660072255,-0.6792348832159607,-1.1989024056044435,1.6609399842811683,0.3,5.566281940077482
test_phase7_run_PRISM_lens_GR_epoch00_000252,2,2.3012703868847315,1.3647791697176566,0.6755009844919189,1.690996218940212,1.3378299652660761,0.47650006403875583,2.449695258123408,0.6816660481378419,-0.8523002100848356,0.1298928537994789,0.058183756257956645,2.2324590599410814,0.03347948372549249,16.479393005371094,5068.385369119234,0.02389328363011185,16.212905883789062,5617.879877136089,0.05196711501795939,31.250272750854492,10248.982556641102,0.019350520464281904,21.710355758666992,8023.062993729487,0.4986764338576724,0.7645278135226738,0.3869193833471069,-0.2658513796650013,0.3908674220711432,0.6052,1.4383093135207146
test_phase7_run_PRISM_lens_GR_epoch00_000303,3,1.4122434267274677,0.9554552054534617,0.7223437688840058,3.253431261154906,0.8489874226850094,0.3080929438172958,1.7299762921402175,0.589797066364751,-1.8474392747053014,0.15680386723212417,0.04332333530495769,3.6193858604921485,0.04041966940683176,5.173603534698486,1763.8959356135456,0.0306864227478255,4.952075004577637,1923.0198499518447,0.02977985475891666,10.098709106445312,3471.4007464386523,0.01576996411514437,6.476185321807861,2591.158088299446,0.4175523771700356,0.7350794824714426,0.32377535805360985,-0.31752710530140715,2.895037349560698,0.8853,5.239467380598927
test_phase7_run_PRISM_lens_GR_epoch00_000353,8,4.060304052331853,1.0957608745827465,0.5305835159666373,2.6267792491707143,1.2120401834906698,0.27266877724529925,1.5861018511311205,0.5461985189307297,-1.3314402613767513,0.18338350820177546,0.08231965162782783,2.2277002462408793,0.032830110154467164,1.9868061542510986,496.6316447906429,0.020191971968347933,1.9924933910369873,534.5303743953409,0.012558946736541106,3.6876208782196045,932.0934174861759,0.014775222650426977,3.060715436935425,832.9130168643314,0.5614131512615758,0.6835626303145099,0.48156815138067743,-0.12214947905293425,0.3971989712994986,0.33,4.650371830929593
test_phase7_run_PRISM_lens_GR_epoch00_000419,2,0.9187995718022631,1.1360802159570234,0.4073825864228279,1.5884605795463969,1.8993012207110096,0.5871133418617915,3.071514616117571,0.6842837527250271,-1.0878102944710482,0.09474305273165551,0.08375467495800269,1.1311971872514908,0.03130159070543695,11.355305671691895,777.8119754752843,0.026926572080169967,13.037463188171387,939.7235684212937,0.01209794868850304,17.02347755432129,1515.3418951351196,0.01679473981305109,20.02809715270996,1581.7504200632684,0.7706583326197737,0.724090012640456,0.565344598243443,0.046568319979317555,0.38428663696756027,0.7562,3.0413015146119147
test_phase7_run_PRISM_lens_GR_epoch01_000050,6,4.875583661907001,0.0698371285641819,0.3983918599489232,2.7676678744934895,2.0,0.0,0.0,0.02878247957474805,-0.5708846416245574,3.55522732265474,1.802465599847034,1.9724245072729565,0.027323300165865323,1.367404580116272,885.7291117933346,0.024530342724874588,1.3554871082305908,982.3811283262912,0.01876503047411716,2.9216530323028564,2002.6771443691105,0.02051617233253792,1.8778578042984009,1480.9170103957877,0.5580745062449212,0.8857750557846523,0.44562677651863697,-0.3277005495397312,1.8624118124880609,0.3253,2.4834172468023024
test_phase7_run_PRISM_lens_GR_epoch01_000092,4,2.887970227689245,1.1812544506502807,0.8486177767867699,3.500009492090964,0.8170172954383671,0.3157547319259976,1.8475223393161606,0.5390221802233336,-1.9686367748649696,0.13819508590792567,0.07271380734040438,1.9005343133935413,0.035782010706729955,2.457153797149658,471.304725293041,0.022943952203631646,2.4596610069274902,533.3832361862296,0.012472190972270028,5.698481559753418,1115.8921021968126,0.01468325216623389,3.7929556369781494,850.7146067849826,0.6412052392562062,0.9358010245827975,0.506861319192684,-0.29459578532659125,0.6422428334024604,0.5195,3.2480026493703784
test_phase7_run_PRISM_lens_GR_epoch01_000093,5,4.631194270104859,1.7962853376215318,0.47373649342863244,1.8672900407766209,1.9082670382967715,0.45183373486830003,2.4933905359541915,0.5906351865643962,-1.0011744842262864,0.11953747578966648,0.08323004276263277,1.4362298975452938,0.025243527695939103,49.41888427734375,2167.035224624444,0.02322210531458397,34.036827087402344,2241.896808892954,0.019713641032512743,17.173843383789062,3389.0170300863683,0.018844159873691507,8.207863807678223,2587.923496537376,0.19271365742150554,0.4855194512020604,0.15583953723132227,-0.29280579378055477,1.1682632116466252,0.9983,4.6778690348686105
test_phase7_run_PRISM_lens_GR_epoch01_000099,5,4.883933783636638,1.8341104601572091,0.6159810011950998,1.4461378544778258,1.9896122030320436,0.3111011881059997,1.9830810390869589,0.4165279687826162,-0.8875308760878254,0.2796355362957649,0.10041258359234635,2.7848654649802205,0.034717222075059555,1.2511029243469238,423.4981982735917,0.03061784288646308,1.2339913845062256,479.32037324784324,0.010360970874052996,2.5848443508148193,1031.6046813009307,0.01744801067703282,1.6854506731033325,744.730903682299,0.6128695222004112,0.9666543430877351,0.478433717653802,-0.35378482088732405,0.5911836731760599,0.9505,4.582509538916753
test_phase7_run_PRISM_lens_GR_epoch01_000108,1,0.0,1.7928299628156412,0.4160853547543496,1.5809724225558104,1.5008090906200424,0.2821793335011673,1.7651133946280686,0.4904256083535166,-0.9527080926281701,,,,0.038782118741812,1.6190924644470215,517.8684952210169,0.024021171359012432,1.6059153079986572,571.7025762796693,0.01435188692432125,3.915925979614258,1228.778039275203,0.011989942216961414,2.3131818771362305,915.9032312424388,0.619075249684272,0.9381348743417167,0.5116986047230241,-0.31905962465744464,1.01479273581465,0.6531,1.7719872600810889
test_phase7_run_PRISM_lens_GR_epoch01_000133,3,5.69393881705209,1.0688553066805795,0.8698291978458622,3.9186576770976913,0.07357955016160389,0.34788917464077906,1.8427966174433865,0.6791271597986912,-2.4070469261668994,0.5017608601669967,0.39181876731971593,1.280594249222295,0.0420430009076455,16.260578155517578,2854.229311585659,0.03487520627458668,17.16081428527832,3263.665615744889,0.0345330921361152,39.79722595214844,7089.000226907432,0.028685557260614978,24.376482009887695,5161.228662185371,0.6431605964465674,0.9877403210690945,0.4976186110048082,-0.3445797246225272,1.7875293939255723,0.7928,5.73572080624721
test_phase7_run_PRISM_lens_GR_epoch01_000155,5,5.1572314358457625,1.8853293313124415,0.6768207809372703,2.7007351229658507,0.1570687410690445,0.12229792520408575,0.7635727027939742,0.5242293703342668,-1.8883181638481994,0.17088952948499941,0.05714658245739941,2.9903718146643503,0.029610177680199246,1.9986896514892578,2501.651706655044,0.0269139306642853,2.111889123916626,2824.9121788549237,0.022730692815079778,4.323309421539307,6033.3432645639405,0.01924213415709858,3.008937358856201,4391.907362972852,0.6110658158698069,0.9558279756519827,0.47912055033707457,-0.34476215978217584,2.1043292422202193,1.3221,3.9731388949422377
test_phase7_run_PRISM_lens_GR_epoch01_000189,2,0.9661313097932197,0.6772363179472758,0.5813542985571541,3.113523634419988,0.49437819796244475,0.23377651260864282,1.5531567323764088,0.4636081996210219,-1.9664394589406613,0.07925003971774719,0.060340316419946624,1.3133845564580036,0.030304449229354474,1.2061563730239868,245.43651348049752,0.10725023948788522,1.2043952941894531,305.08466239180416,0.015529196139910273,2.677194118499756,579.9239652864635,0.014489218306651112,1.8438225984573364,419.98488778900355,0.5832362264398702,0.9335797082287212,0.3470332219714656,-0.350343481788851,2.6901497700581944,0.8472,5.274013849103875
test_phase7_run_PRISM_lens_GR_epoch01_000191,5,3.1774098612350983,2.6673504602721008,0.7011186553725539,1.8247556136583196,1.9768027438407119,0.3637216961706382,2.4651617591650807,0.4765727613080512,-1.044438103628507,0.37898818912302107,0.145596615685046,2.6030013633204687,0.026461785141823083,3.478848934173584,637.2146083610342,0.02283540279201981,3.6754298210144043,796.1695493118314,0.016651083902321177,8.763384819030762,2088.1755450814962,0.05295048786437363,5.025169372558594,1896.6836936380714,1.1842729671603147,1.288703204451622,0.9424733678202917,-0.10443023729130703,1.2822945691766814,0.3336,3.8271550856223318
test_phase7_run_PRISM_lens_GR_epoch01_000205,7,5.559079025072428,1.9613728521439175,0.14996592083782417,2.4644322548051827,1.564919845695099,0.2630293769898651,1.9578243232759356,0.3712299727111576,-0.8476709770289329,0.574759138358716,0.24747894281654742,2.322456738409363,0.024683050390548286,0.7345954179763794,443.9609945324646,0.03228646424174418,0.9056224822998047,512.1348412043299,0.02424926229777066,2.7061805725097656,1337.9745208472013,0.02019041735338461,1.1156460046768188,770.6728575406596,0.5988131204031534,1.197757569011531,0.4437143532536992,-0.5989444486083779,2.1394568897406248,0.5796,1.4971949610947846
test_phase7_run_PRISM_lens_GR_epoch01_000207,7,4.963483071303696,0.5658310454714102,0.7359804198785457,3.055146200518182,0.3089282074878816,0.19674842892902267,1.364743435603412,0.44768137759325954,-2.014061544913292,0.6810970105287079,0.41258280781214934,1.6508128735185061,0.03293620418901969,14.377323150634766,863.3322771411622,0.03257566945733458,13.4804048538208,934.9038425399922,0.012280394398889822,17.958656311035156,1209.577083259821,0.01528614780408713,4.151287078857422,404.3441586105473,-0.8235670115688045,0.3661389300204436,-0.910039428378792,-1.1897059415892481,1.6609399842811683,0.3,5.566281940077482
test_phase7_run_PRISM_lens_GR_epoch01_000252,4,4.038549424818102,1.3601900816863641,0.6745121153206628,1.684689656795746,1.3546556844086475,0.47339943673850404,2.433919220961185,0.6792873687227831,-0.8419456121434539,0.14036614020758204,0.04415334587486837,3.179060101252191,0.033514745102408545,16.607608795166016,5062.401499854517,0.024022292773098385,16.3228759765625,5616.6777889854275,0.05181433724607339,30.99774742126465,10255.110574927181,0.019200710157956293,20.78651237487793,8016.430661305785,0.49906113577106054,0.7664594033111017,0.3862538249199727,-0.26739826754004115,0.3908674220711432,0.6052,1.4383093135207146
test_phase7_run_PRISM_lens_GR_epoch01_000303,3,1.4996552615236167,0.9587637065937045,0.7388100071807668,3.293394796217962,0.8436035691320545,0.30615928200542036,1.7190083285630888,0.5876726692874642,-1.859989926303639,0.15794339153559142,0.05863172659542666,2.6938212586751824,0.04041351244637169,5.112454414367676,1635.4373795170686,0.03058364463714397,4.959245681762695,1768.7599830547929,0.03010912606890437,9.187621116638184,3428.497060548514,0.015902519371656577,6.2302751541137695,2496.163698562421,0.4590978581209141,0.803674654254428,0.37401039731526575,-0.3445767961335138,2.895037349560698,0.8853,5.239467380598927
test_phase7_run_PRISM_lens_GR_epoch01_000353,2,1.0826222329927397,1.0646293946483478,0.5181485906984903,2.249761725616116,1.2574697091794433,0.4546197078999796,2.498763168414985,0.6054671975880268,-1.011023352741623,0.10483690918184045,0.08870813705869707,1.1818184064948989,0.03269499659221563,6.806907653808594,525.2715359042631,0.020239279534979584,6.261465072631836,550.0977705354562,0.012753686581430883,8.734373092651367,954.8515454214066,0.0147445557555718,10.534065246582031,851.7560874145711,0.5248284469551145,0.6488799700224362,0.47468840321852435,-0.12405152306732171,0.3971989712994986,0.33,4.650371830929593
test_phase7_run_PRISM_lens_GR_epoch01_000419,3,3.566046803702028,1.239055400949606,0.4382140284699993,1.4049430573991306,1.7792095923990725,0.5998295403132675,3.137657782031365,0.6580413393190044,-0.9992335704644247,0.08825784650977436,0.04939599817849102,1.7867408244460852,0.031340953519265316,12.036016464233398,891.9071047097095,0.02712919614814632,13.481270790100098,1067.3509722146555,0.012230581436553667,17.933000564575195,1873.6026072883978,0.01684038270182016,20.423667907714844,1684.6111491201445,0.6904501179991335,0.8058946466724671,0.4954810515288824,-0.11544452867333367,0.38428663696756027,0.7562,3.0413015146119147
test_phase7_run_PRISM_lens_GR_epoch02_000050,4,5.558361100571706,1.1621548040116538,0.9304061706049794,2.3846238263800275,1.6299653542571844,0.2700293956787795,1.754570260753179,0.4484879019742536,-1.2481068350704234,0.6137503941955095,0.2427244512248043,2.528589069203711,0.026127760816132693,1.2905373573303223,512.07134987061,0.023183151426382,1.270959734916687,550.4378132731654,0.0157569779707179,2.31251859664917,1082.0719770118594,0.01848733346575484,1.5811091661453247,802.1579626109451,0.4873235522901608,0.8123141801750761,0.4088790950432892,-0.3249906278849154,1.8624118124880609,0.3253,2.4834172468023024
test_phase7_run_PRISM_lens_GR_epoch02_000092,4,3.327306988252169,1.2746327952886034,0.8898304791394599,3.200786278446401,1.0516450946934954,0.33440087152136033,1.9309738492778639,0.5322648538981551,-1.7996350693290266,0.19112041513698505,0.11944724251756378,1.60004041205792,0.03591899611670741,2.383816719055176,534.7781924333249,0.022984160105616578,2.569904327392578,593.2340520371363,0.012612830156621836,5.653740882873535,1228.0797950560227,0.014777185554132278,3.7121427059173584,934.5583704054006,0.6060818565844823,0.9026322430678885,0.49345089936198233,-0.2965503864834061,0.6422428334024604,0.5195,3.2480026493703784
test_phase7_run_PRISM_lens_GR_epoch02_000093,0,,,,,,,,,,,,,0.02185771999727193,0.10615917295217514,,0.019576956846484073,0.0957559272646904,,0.011977057346953228,0.07439616322517395,,0.013253814360387408,0.07481355965137482,,,,,,1.1682632116466252,0.9983,4.6778690348686105
test_phase7_run_PRISM_lens_GR_epoch02_000099,3,2.096376757412421,1.7129374627303342,0.6617491035067566,1.4977684573743977,1.964392336741995,0.30628003630867906,2.0509131335939608,0.41016114904298756,-0.8941700516965697,0.1940537423667513,0.04989259546033683,3.889429695454878,0.03405138047579495,1.085100769996643,313.872398697089,0.030164595277888694,1.0112696886062622,361.8603794784285,0.010262527045379171,2.1469335556030273,778.4814454971347,0.017175383599593728,1.4530552625656128,557.2904303572141,0.6233211478222463,0.9862378488809292,0.46885137809275834,-0.36291670105868307,0.5911836731760599,0.9505,4.582509538916753
test_phase7_run_PRISM_lens_GR_epoch02_000108,2,1.20658746707772,1.8140254071621085,0.38828504437818795,1.4056389562332863,1.6570880332132867,0.28008611832695657,1.8064247810495866,0.46588209064674696,-0.8937912283431972,0.09998243646498738,0.07307434854340887,1.3682289128529705,0.03873405142335746,1.2800846099853516,433.1742040531608,0.023835988867481325,1.4483460187911987,498.84102540052845,0.014218617494078337,2.7721712589263916,1052.2174741053022,0.011907596222799533,1.8068444728851318,790.0498164193123,0.652479726087678,0.9636073093940772,0.499230783055741,-0.31112758330639917,1.01479273581465,0.6531,1.7719872600810889
test_phase7_run_PRISM_lens_GR_epoch02_000133,6,5.649783825260544,1.0531307293132894,0.869411253966042,3.9014796963907306,0.14668657757694642,0.33460276751250206,1.7739728050466503,0.675151435495923,-2.39924029801201,0.5802811096783386,0.4244241876487749,1.3672196980407263,0.042576380195468874,16.175113677978516,3001.906349011231,0.035676682041756835,16.993072509765625,3451.900298622437,0.0371308918218021,36.448020935058594,7460.311223961413,0.030646537715737023,24.761919021606445,5430.998481931165,0.6437063551000795,0.98839951520048,0.492053594799827,-0.3446931601004005,1.7875293939255723,0.7928,5.73572080624721
test_phase7_run_PRISM_lens_GR_epoch02_000155,5,2.8410888965174896,1.891910086514728,0.6771521824237896,2.6911214659086498,0.1714615671636019,0.12144574633531374,0.7590063836386404,0.5228754872697022,-1.8870791383088474,0.18924033403859522,0.06443372147714102,2.936976628080244,0.02947244147715329,2.0612401962280273,2500.5977386150043,0.0269215476398871,2.1474292278289795,2844.9229605614673,0.023374767493689986,4.458733081817627,6053.763606958091,0.01935275691864375,3.1117653846740723,4417.479340597056,0.6178267325195732,0.959954060299794,0.4777600418530533,-0.3421273277802206,2.1043292422202193,1.3221,3.9731388949422377
test_phase7_run_PRISM_lens_GR_epoch02_000189,4,3.995000663359196,0.652861671287829,0.5772238808727552,3.0844877498095293,0.5025768589402404,0.22610757823290115,1.489086990541212,0.46564572042757457,-1.930344135496644,0.10264860353526539,0.0639955271956376,1.6039965296553205,0.03041821028818856,1.1808245182037354,239.3953721136786,0.10712835458699758,1.3165538311004639,306.8167402059771,0.01556338874273839,2.76908016204834,574.4329521674663,0.0145419356586033,1.768357753753662,411.9143188674934,0.5892278462477264,0.9503089863886618,0.3198195940674939,-0.3610811401409355,2.6901497700581944,0.8472,5.274013849103875
test_phase7_run_PRISM_lens_GR_epoch02_000191,2,3.0549883864231018,2.7660715073226956,0.6717794236778589,1.5267632197523153,1.9320141116975267,0.352122292861532,2.397860490726738,0.46709467338092564,-0.9332686589104198,0.4119160589954948,0.17049760161833322,2.4159639495550675,0.026751784973664774,3.5227601528167725,722.3959500451092,0.02344254051600118,3.6213109493255615,910.139319541282,0.01741130304564877,8.70987319946289,2474.7422337196767,0.053454087052739324,5.071047306060791,2331.37706346903,1.2720930423718202,1.3368866687014271,1.0212616061577373,-0.06479362632960722,1.2822945691766814,0.3336,3.8271550856223318
test_phase7_run_PRISM_lens_GR_epoch02_000205,7,5.48728903328624,1.8320430690659137,0.15946393569396575,3.084634137967368,1.485193365071954,0.2667709669448574,1.977301568533772,0.3809375468881484,-0.9762494790780074,0.5070721554149518,0.2290638889158893,2.2136712941302816,0.02409775234926434,0.7230530381202698,346.18253130541416,0.031622475074803605,0.815093457698822,404.92204075783957,0.02113332995910184,2.564602851867676,1028.9175042556599,0.01891566191896085,1.2036653757095337,602.1256528357044,0.6009549525165551,1.1826885161204468,0.4307892830486082,-0.5817335636038918,2.1394568897406248,0.5796,1.4971949610947846
test_phase7_run_PRISM_lens_GR_epoch02_000207,5,4.9215502733009,0.5637091671224861,0.715122109955311,3.0636278507609003,0.27837518171270775,0.19664729581959836,1.351284439448678,0.44976030193540395,-2.030954127327422,0.6932156391644877,0.42264243206076424,1.6401941371206725,0.032942535468490415,11.48380184173584,701.0253229417431,0.0325858885866534,14.100933074951172,971.997652129794,0.012392511685424925,22.178123474121094,1427.7845560633577,0.015266573074394963,4.426193714141846,425.72627674473915,-0.5415081238772019,0.7723224346519774,-0.8963368982188278,-1.3138305585291792,1.6609399842811683,0.3,5.566281940077482
test_phase7_run_PRISM_lens_GR_epoch02_000252,3,2.262893825654179,1.3593797697135448,0.6759026712907406,1.6847506187089778,1.3581255384104478,0.47225438365856115,2.4269341560497315,0.6779758805174819,-0.844659353372201,0.13221414263412679,0.05546217055213747,2.383861672161537,0.03356940187471374,16.366268157958984,5065.9017634927295,0.023882702026643304,16.3291015625,5612.092433178506,0.05197768148304968,30.846269607543945,10258.747757774778,0.019076755718212882,20.189496994018555,8019.480662837159,0.4987237017498997,0.7660939692151897,0.3875535728033153,-0.2673702674652901,0.3908674220711432,0.6052,1.4383093135207146
test_phase7_run_PRISM_lens_GR_epoch02_000303,3,1.2904276736857954,0.9545956468816195,0.7156770325469425,3.2685932970233846,0.9173789279476181,0.29478491751666713,1.648545576200886,0.590346843772925,-1.845701718700007,0.18407699284692816,0.04667754550912296,3.94358766809945,0.0407007753682561,5.158149242401123,1827.2749454956502,0.030654745282365083,4.8476762771606445,1925.2242040033452,0.029709398538204625,10.264887809753418,3486.9359273919836,0.015654713130001927,6.184805393218994,2592.554892461747,0.37981015262570333,0.7016001694831308,0.32311661879070286,-0.3217900168574275,2.895037349560698,0.8853,5.239467380598927
test_phase7_run_PRISM_lens_GR_epoch02_000353,4,3.05017910818226,1.0614063465863461,0.5169285733037023,2.244810834602032,1.318472457758342,0.4522765087168012,2.4925677637979464,0.6059594151615714,-1.0149492637346498,0.14493153695852293,0.1113414563787772,1.3016852991887786,0.03280769540682094,6.547708988189697,511.33948575971044,0.020103749171698226,6.559136867523193,555.4543659660849,0.012636677629685036,9.730977058410645,936.9206204863731,0.014850923251517744,9.279975891113281,865.9093031680677,0.5719076882504569,0.6574836675065316,0.48206005225024884,-0.08557597925607481,0.3971989712994986,0.33,4.650371830929593
test_phase7_run_PRISM_lens_GR_epoch02_000419,4,2.8759714384504047,1.4540501575461897,0.5276306014668861,1.889311613624989,1.5795453285935939,0.3437342276629256,1.8865830811475426,0.5332719559421684,-0.9722784454989817,0.12349134121512936,0.06110322771372247,2.021028116447535,0.0319663221390324,4.672630310058594,960.5363666877383,0.027572656922264405,5.335841655731201,1143.8689550538547,0.012974402463374652,7.366125583648682,2118.6427789875306,0.017715482466395063,8.09343147277832,1847.114470460685,0.7099499959382733,0.8588598123139647,0.5202938433888218,-0.1489098163756913,0.38428663696756027,0.7562,3.0413015146119147
test_phase7_run_PRISM_lens_GR_epoch03_000050,6,5.563444444284292,1.1046391884401272,0.9024433368019048,2.838365897066601,1.3686158412620495,0.26137111440255206,1.7139787941734386,0.4607402809705288,-1.4838881097834895,0.4988359445466617,0.20806421574407985,2.3975095513792373,0.02579413307919118,1.29477059841156,413.60094543133164,0.02285799574485608,1.295004963874817,439.6609359715367,0.014813165346539677,2.3823812007904053,850.8927197866142,0.017775898187820296,1.5608839988708496,637.3457720857114,0.4694839659657082,0.783233212602396,0.4031430727258098,-0.3137492466366877,1.8624118124880609,0.3253,2.4834172468023024
test_phase7_run_PRISM_lens_GR_epoch03_000092,4,3.205881229237953,1.2242537582879645,0.8853216929112275,3.3471763869674245,0.942119506803055,0.32080442720230734,1.867560344707045,0.5334787645335438,-1.8854432610919933,0.18111280276473282,0.10339194194775769,1.7517110071909303,0.03577402637298417,2.4196829795837402,496.87534601648804,0.022956941652501433,2.563507080078125,564.0469591243891,0.012595601327428856,5.721869468688965,1162.5314588635229,0.014759323105459,3.6947224140167236,884.3016127147712,0.6258824215219195,0.9228931639441855,0.4882128870897548,-0.2970107424222661,0.6422428334024604,0.5195,3.2480026493703784
test_phase7_run_PRISM_lens_GR_epoch03_000093,0,,,,,,,,,,,,,0.021720238425267758,0.11313094198703766,,0.019621064644048534,0.09957337379455566,,0.012052464188993472,0.07633674144744873,,0.013208030290578964,0.08492465317249298,,,,,,1.1682632116466252,0.9983,4.6778690348686105
test_phase7_run_PRISM_lens_GR_epoch03_000099,6,3.4023555715197866,1.4987623378351345,0.6465372040067154,2.074350666466554,1.8439082127503104,0.3099098145421383,2.1872493719775243,0.43642282752416833,-1.0235657843186325,0.242284877716463,0.0510228501461968,4.748556323730236,0.03367842906175033,1.0179866552352905,234.97109205878223,0.029508360960879096,0.9936693906784058,269.06803956913063,0.009937997107001164,2.4141299724578857,547.9922331809066,0.01689761650594431,1.4682337045669556,401.53027023840696,0.581759639400836,0.9193999196108599,0.4346404415360549,-0.3376402802100239,0.5911836731760599,0.9505,4.582509538916753
test_phase7_run_PRISM_lens_GR_epoch03_000108,4,3.8973010005517223,0.07324549058588811,0.5718697947505987,1.7267172914874567,2.0000000000000004,0.0,0.0,0.050303822983250944,-0.44123950185996796,2.519502794863948,1.0600414260017326,2.3767965412135035,0.038728004001738266,1.6437487602233887,514.6457479772507,0.023954580290666837,1.6928883790969849,573.8007959085517,0.014338590356083664,3.7442808151245117,1236.9094232297502,0.011958170782055412,2.360499858856201,916.1223618718795,0.6261127377748754,0.9520737729479106,0.5079808444169844,-0.3259610351730353,1.01479273581465,0.6531,1.7719872600810889
test_phase7_run_PRISM_lens_GR_epoch03_000133,2,3.8693726549028726,1.0552674327026135,0.8668910923750186,3.9051455541599167,0.1553131671998112,0.33490980066165027,1.7741920952707702,0.6785079378439028,-2.4111088552755016,0.5595044260810027,0.4085876219798704,1.3693621538749585,0.042525400832244015,16.414371490478516,2920.767304916866,0.03515160374695532,16.881141662597656,3348.876022370532,0.03565837402424319,36.688011169433594,7276.349442947656,0.02954515495071355,25.825336456298828,5291.592630650848,0.6452236112203297,0.9910414729687654,0.4967183324928573,-0.3458178617484358,1.7875293939255723,0.7928,5.73572080624721
test_phase7_run_PRISM_lens_GR_epoch03_000155,7,5.492620647367323,1.890965318787171,0.6475929084586522,2.7465302365124327,0.16233374761161762,0.11907341094210624,0.7502929644302486,0.528141324079835,-1.9284857363662118,0.11296566143642588,0.07273426690337904,1.5531284805068652,0.029731606841639727,2.612452983856201,2629.5379354641773,0.027214540992050087,2.7342023849487305,2968.721111770952,0.024388993429291444,5.844304084777832,6166.337033446878,0.02003204442462939,3.6158554553985596,4517.551373170689,0.5875591485032493,0.9253695441356715,0.45583424772334913,-0.3378103956324222,2.1043292422202193,1.3221,3.9731388949422377
test_phase7_run_PRISM_lens_GR_epoch03_000189,3,1.040092327445357,0.6629664943807312,0.5755538373610669,3.073599241120799,0.5438982144195751,0.22865480812522013,1.5129125978218807,0.4632609251311873,-1.9443482034309418,0.1442411300696454,0.05166541616231794,2.791831379359862,0.03033191317294881,1.3104948997497559,239.01466603192966,0.1073998735629089,1.4024620056152344,314.3539282013662,0.015585615290985493,2.5796687602996826,571.1310187866911,0.014448242560370616,1.7268346548080444,413.6596723366529,0.5955465834170338,0.9457779939973447,0.2980607297432713,-0.35023141058031104,2.6901497700581944,0.8472,5.274013849103875
test_phase7_run_PRISM_lens_GR_epoch03_000191,4,4.290874848264264,2.836247402778234,0.6384222159245211,1.3496836666089316,1.8631190690344108,0.3471209697801428,2.3405142682910234,0.4649141975147778,-0.8425181918978534,0.45765047545874454,0.20110636830850132,2.275663765936538,0.027152993649373736,3.4827325344085693,816.9458934642898,0.023604093078712012,3.6585328578948975,1059.7483004502865,0.01812453192565869,7.952436447143555,2938.6984880128875,0.053922665150254984,5.372332572937012,2850.3129690596834,1.356748137065401,1.38990433867348,1.0742245503159853,-0.03315620160807883,1.2822945691766814,0.3336,3.8271550856223318
test_phase7_run_PRISM_lens_GR_epoch03_000205,6,5.053651085662076,1.7485339542885638,0.17141402556089405,3.0938735338135426,1.3581493614291864,0.2710099244865465,2.01694520716445,0.3879381021755809,-1.0600929820119478,0.46106362874606543,0.19920600886630796,2.3145066324555326,0.023724918455246536,0.7821972370147705,299.0861775855883,0.031095010813853866,0.8225275874137878,354.05731609184295,0.019995282716436358,2.843869209289551,930.8241306645796,0.01799955272366877,1.0936490297317505,520.945193588268,0.6024892326964661,1.232678227596949,0.4192961563668826,-0.630188994900483,2.1394568897406248,0.5796,1.4971949610947846
test_phase7_run_PRISM_lens_GR_epoch03_000207,4,4.937187311202719,0.5660051062080402,0.7567454781899263,3.0559046749006873,0.3486717732346061,0.20326997970865865,1.4110566375438345,0.44897048732970996,-2.022512506712551,0.7067412696334608,0.4291455824097386,1.6468566812804333,0.032877401557001106,13.648222923278809,823.4149275161326,0.03245421432806928,13.808794975280762,960.9690067629563,0.012275320658363793,23.050004959106445,1472.2429755842313,0.015183237362750915,4.335635662078857,420.37520137829415,-0.7299541189930454,0.6309018872745973,-0.8976807315764689,-1.3608560062676425,1.6609399842811683,0.3,5.566281940077482
test_phase7_run_PRISM_lens_GR_epoch03_000252,2,2.021977257211168,1.3605815829836039,0.6751897770967675,1.6830992032677252,1.3556485688448583,0.47251598726094385,2.428909915578168,0.678973483937777,-0.8463110694900631,0.09717911917835628,0.07875451819862724,1.2339497644218995,0.03338195724398627,16.70013999938965,5059.868966498529,0.023893872562169603,16.13141632080078,5622.180003268877,0.0517235459045336,31.20644187927246,10263.289945313707,0.019069069353300695,20.279390335083008,8015.705124176573,0.49950615521704367,0.767868319956662,0.38509246543151376,-0.26836216473961844,0.3908674220711432,0.6052,1.4383093135207146
test_phase7_run_PRISM_lens_GR_epoch03_000303,2,1.2679006081091646,0.9619906027141851,0.7120386828412736,3.3118619418490534,0.8842219000568906,0.30873227463988984,1.7303961313300138,0.592062956499741,-1.851061975081032,0.10957308876937306,0.05209856633216478,2.1031881774014285,0.040499861375748236,5.31229305267334,1776.7954438971356,0.030493254827965093,4.900691032409668,1859.8475285461172,0.029525063615980028,9.291625022888184,3378.8462460059673,0.015495189474018367,6.661693572998047,2551.6800881507806,0.3929719818407768,0.6978274944823095,0.3433722067580721,-0.3048555126415326,2.895037349560698,0.8853,5.239467380598927
test_phase7_run_PRISM_lens_GR_epoch03_000353,4,2.277568984756351,1.0493890549720943,0.516846475290743,2.2479269616605753,1.2299433252389307,0.45579644129894353,2.499859179955286,0.6055313721172151,-0.9966983665210003,0.0927005342117155,0.06409720116465163,1.4462493295703844,0.03272545454137798,6.533690452575684,507.3079287277942,0.020250213678427952,6.303548336029053,546.0991588020697,0.01267636588967968,8.843567848205566,942.5924289552495,0.014841637882064088,9.696279525756836,844.4992290253285,0.5533190186358466,0.672630742873569,0.473319374660798,-0.11931172423772232,0.3971989712994986,0.33,4.650371830929593
test_phase7_run_PRISM_lens_GR_epoch03_000419,6,3.6353190803364583,1.5049440415635815,0.547430214435717,2.0428995710659064,1.5013616198846509,0.30437941677864766,1.6954452989516082,0.5114495073250794,-0.9973437181929811,0.14325128233493165,0.04287098020731783,3.341451061818257,0.03248654289775655,4.562458038330078,1346.3594247698784,0.028144832921732494,4.144772052764893,1390.705466491636,0.013264337916837541,4.225829124450684,2057.3854014775716,0.018105571679867555,4.60197639465332,1828.170848917216,0.33213941197279084,0.46038659766728396,0.2969540446761063,-0.1282471856944931,0.38428663696756027,0.7562,3.0413015146119147
test_phase7_run_PRISM_lens_SF_000000,3,2.86511006960138,1.4579886122739492,0.6883108357948587,3.132336778390599,1.0557379129250122,0.3130708744441254,1.7037161776109797,0.6049212656039534,-1.722948135268442,0.40388155189695385,0.33533654743093455,1.2044066028327458,0.0331652805028909,8.490338325500488,2249.9900188947795,0.03027298566125387,8.354985237121582,2615.187544357963,0.02227047887592256,16.037750244140625,4653.267991906963,0.017311219282925207,10.33704948425293,3053.6760834706947,0.33160594031816176,0.788943684171457,0.16830032142173346,-0.4573377438532952,0.5494920614511558,1.3674,2.2630480593840625
test_phase7_run_PRISM_lens_SF_000003,8,2.8609491190413556,2.500823071157993,0.9515799387352245,2.34610192345649,1.9202412209098476,0.3351849041133988,2.2495419289979353,0.4438585179832811,-1.3251423929567578,0.21785228579281346,0.12114716871663832,1.7982449618972705,0.03746600424968397,5.190110206604004,1415.285875281319,0.08845915490188337,5.528261184692383,1618.11663718801,0.022166650384276832,7.587375164031982,2724.00336532481,0.020599631385931894,8.212240219116211,2570.618846635334,0.6479837872246081,0.7109086685040172,0.5025696600593959,-0.06292488127940898,1.941463244706133,0.4589,4.3691904612677455
test_phase7_run_PRISM_lens_SF_000006,6,6.815642088149689,1.3688391359431236,0.22312462807104558,3.798694162798448,0.3829116739257097,0.2483957561878373,1.7800662590995187,0.4215513490974844,-2.3340347235822674,0.2565089525375972,0.18236198024928868,1.4065922742610586,0.023553943007792746,1.2568756341934204,281.7681600769283,0.0226974288380674,1.1790049076080322,292.42192067847645,0.01627505987202386,2.556671142578125,542.4234337802045,0.014173612305802583,1.5262259244918823,391.4827232870557,0.35705171168642214,0.7111163189348859,0.31675668862740025,-0.3540646072484637,3.389402489952912,0.5771,4.581185513199443
test_phase7_run_PRISM_lens_SF_000008,2,1.1025920092054948,1.1730148406623853,0.6660890791246905,1.993656355626599,0.9830989299096161,0.3030923255158186,1.7841466865422266,0.4265860197529401,-0.8389060670366205,0.14814957264527603,0.0382927932407688,3.8688630446406593,0.02582223829457771,3.720768451690674,581.0207851887681,0.02156963462744915,3.4871809482574463,612.4253181910026,0.011487523313380257,5.129631519317627,1037.3080788181396,0.014961381379824858,6.341523170471191,1017.6954740869696,0.6085654354666532,0.6292902284278274,0.5514117665345248,-0.020724792961174535,0.9104789496094813,0.8902,1.7381246686733334
test_phase7_run_PRISM_lens_SF_000009,4,3.6862601879866976,0.5429386281743432,0.5512198470039359,3.476327278569307,0.1647773723375807,0.2655523558133665,1.5866382519318696,0.5618174354988643,-2.155206641136606,3.616725412339715,0.6478137253235438,5.582971263125645,0.033021834086086374,1.5767569541931152,518.459708503171,0.022513051351345462,1.5640888214111328,547.407575760968,0.011995902001097975,3.0846099853515625,996.9934106012806,0.014967208017737245,1.927145004272461,724.6925728396745,0.3635969976055282,0.7099431915218182,0.30460751729823055,-0.3463461939162901,3.5056420491920877,1.6894,3.5977538170700436
test_phase7_run_PRISM_lens_SF_000010,6,1.768255465364989,1.470744116911431,0.4652577952069269,2.160075661791413,1.9993585122661472,0.44727182679014965,2.438979317290683,0.6146611440612912,-1.2445366862364877,0.179719338598172,0.11271734402814189,1.59442488773779,0.03233721483826339,7.3834710121154785,800.9954923930927,0.02591266676196888,8.812976837158203,1008.5016367560311,0.011643847906100006,14.158929824829102,1405.181685487274,0.012906001230677474,12.693619728088379,1448.9574107315857,0.6435638708144618,0.6102560216488688,0.3934475325773852,0.03330784916559284,0.6336925839722254,2.0209,3.576050770772102
test_phase7_run_PRISM_lens_SF_000012,11,5.191847760059667,1.551315589355197,0.8422251328795345,3.046832762645148,0.8888772969317932,0.4341707967668385,2.3715040829712155,0.5697910477223255,-1.6144424126300219,0.29833303378758363,0.12472594699670589,2.391908347630849,0.025790128108603306,4.692155361175537,2521.1372617103043,0.028367972084324355,5.142506122589111,2722.795562487212,0.015503571624286144,6.62123441696167,4080.594241018407,0.01560945443842503,3.378624200820923,2475.0200041353237,-0.020044444437061427,0.5228173027502201,-0.10359080176113021,-0.5428617471872815,1.4970818290582142,2.4486,4.3913518064798085
test_phase7_run_PRISM_lens_SF_000013,2,2.3887842458387656,1.2635996603428987,0.6957314027517582,4.1262811723226385,0.4980913340731638,0.4241175014011497,2.202626999145007,0.7158274819659091,-2.4138941359092136,0.12103390648200402,0.07245193082998953,1.6705407998858366,0.04915481361082679,33.48955535888672,4959.735314721707,0.028529172835550985,31.735576629638672,5273.409782000817,0.023019682963765567,56.764366149902344,9445.587695298716,0.030326376727206932,41.09049606323242,7422.42702765204,0.43771859100098254,0.6994262107110683,0.3711360403427698,-0.2617076197100856,1.1597662526390708,0.6001,1.1000999999999999
test_phase7_run_PRISM_lens_SF_000014,4,1.9288559921362465,1.519728493842623,0.7447336361147116,4.187335112577687,1.010644074975807,0.5049938329451196,2.6852543761987806,0.6795689872693894,-2.092400232325294,0.14625210703044156,0.06408368768788861,2.28220491527803,0.025836190211757266,18.70939826965332,2490.0700611067005,0.0296551724726043,18.044801712036133,2672.3177114302835,0.01824098651174204,34.82244110107422,5156.50873441156,0.016355461379743492,24.869564056396484,4001.311187947169,0.514976904398375,0.7903604776435625,0.43828559586891147,-0.27538357324518775,1.721318193330752,0.893,3.290983691923358
test_phase7_run_PRISM_lens_SF_000015,5,2.880601267776055,0.8823695747273346,0.3377723541563638,3.2650703236198093,0.5992851712822002,0.23768320356501502,1.7950073343243147,0.336133111149212,-2.014797217298159,0.22824047549968177,0.08230137166183606,2.7732280871026975,0.038429424215721146,0.5935977101325989,96.92701560031855,0.025452752253804826,0.6331117749214172,104.96100109047256,0.020507905653745995,1.2121639251708984,204.34330913377926,0.011968260387205236,0.7912930846214294,155.04152668028837,0.5100079881171724,0.8097889528063684,0.4235501798731331,-0.29978096468919596,0.7305250859898625,0.9587,4.43028099115055
test_phase7_run_PRISM_lens_SF_000016,6,4.632316417640152,1.5659155676707357,0.23365083641577572,3.843058725651222,0.9711264623896895,0.2688786016193472,1.848934156156386,0.4263771668517947,-1.064684625955728,0.7476728797996768,0.29113678995730913,2.5681154206217354,0.02927216940251329,1.185537338256836,480.79270330327563,0.02134073987883777,1.1155611276626587,502.68227846419904,0.016447581975686704,2.096783399581909,932.1129749212414,0.02565982148728236,1.428242802619934,680.8156570382416,0.3776791671076096,0.7187767133257427,0.3293398999099576,-0.3410975462181331,2.2964887815727595,0.3707,1.7772507430695592
test_phase7_run_PRISM_lens_SF_000022,5,4.205485888130108,1.4063279930875905,0.7287614689856976,3.8308542334789224,0.45898659874975956,0.4079157600706637,2.2091678172706746,0.6226428082332055,-2.3235159617695342,0.137729911186446,0.06037144290392701,2.2813751761014647,0.02982095593703993,8.777472496032715,1866.9452206639107,0.023714795717938487,8.50438117980957,1993.8367475040764,0.017395122784585316,16.791847229003906,3698.857011688873,0.0290627965989905,10.840237617492676,2802.312584385276,0.44096250474007276,0.7423399193267254,0.3695674526865983,-0.3013774145866528,1.5061241020338787,0.5941,1.1188063701006226
test_phase7_run_PRISM_lens_SF_000023,4,2.943474148656232,1.053450244115361,0.8193763070162333,2.8793139363716636,0.9808683713213676,0.24096422493839545,1.5371018516215897,0.45120168053852683,-1.5667841040047055,0.159873311050369,0.09341947270006694,1.7113488915063684,0.0336131736303669,1.0100772380828857,243.45531557005597,0.020597264012881266,1.1175565719604492,273.10236745892325,0.013132875861404365,2.2493748664855957,575.3467202163301,0.016666523920678685,1.5286980867385864,425.32828463893384,0.605762508150428,0.9337759510365251,0.48099699905289034,-0.3280134428860971,0.9412681101463556,1.0592,1.5592
test_phase7_run_PRISM_lens_SF_000025,3,1.9815729650957283,0.9633742001090853,0.5538762543275861,2.3999359174029724,1.20805921150335,0.23905964671346433,1.4118209494262528,0.49050935025947195,-1.1866908278527455,0.22595606439641927,0.037617194628856786,6.006722899614756,0.02526150489224455,1.6298679113388062,304.80816277001577,0.025103921389559306,1.6032730340957642,329.99198834982235,0.010958176643968847,2.7864556312561035,621.4445418894757,0.0116656014455429,1.9421179294586182,466.2589543017093,0.461501480236434,0.7734394618699487,0.37530947316997015,-0.31193798163351455,0.5185569537598018,1.0303,5.388233149900895
test_phase7_run_PRISM_lens_SF_000028,4,5.367822555682639,0.49363872564570127,0.4319451518139392,2.750943305200031,0.4414379848592861,0.23218770167582917,1.8960290771828676,0.31040320342673,-1.842815646549672,0.8571309068504033,0.27438882289944794,3.123782148970791,0.03260498619791362,0.3837343156337738,134.38653746134514,0.029536459934404784,0.3776342272758484,145.81842817633878,0.013713013867512381,0.7984743118286133,293.39365035202354,0.012376841152897349,0.5876438021659851,214.5515660441015,0.507939811501632,0.8477373657852337,0.41929819084006337,-0.3397975542836018,3.2524187774860702,0.516,2.340117008137198
test_phase7_run_PRISM_lens_SF_000029,6,4.227728531555292,1.1468990666239067,0.7050375714158447,4.000858242455822,0.1608651543826368,0.382371903378405,2.011272776423665,0.7030293034727315,-2.458861831271953,0.14707824450748694,0.04015340397965809,3.6629084941838927,0.042120841739540296,20.841529846191406,3098.620452957228,0.028149391306884302,19.987117767333984,3244.162113860715,0.03637377089260133,38.93369674682617,5966.392497818917,0.016293236685144746,25.28380584716797,4466.794786449056,0.3970690434591624,0.7113585918743809,0.3472336309445468,-0.3142895484152185,0.3,0.7425,5.62996642834693
test_phase7_run_PRISM_lens_SF_000036,5,4.0538620774318055,1.0986064458216775,0.6314513611508772,2.643841584587939,0.898088810270773,0.21521988647350337,1.3810725480937829,0.47442521952793154,-1.5733679616972667,0.15816844018041917,0.10294188995598641,1.5364827695318717,0.03664107046869422,1.2096197605133057,334.6431122496724,0.0235221992627013,1.211839199066162,366.20010069523414,0.014274174604381165,2.7238974571228027,731.6275305827148,0.011495337723243843,1.754045009613037,553.2335645464482,0.545816575396117,0.8492703716520388,0.4479751534815429,-0.3034537962559218,0.40103806203081954,1.3635,4.003524577924658
test_phase7_run_PRISM_lens_SF_000038,14,5.400600604732577,0.7030594303876248,0.8788519687510035,2.85577738473954,0.26691129360201304,0.1783944840933173,1.2862399684255104,0.40408263286889945,-1.950456305212686,4.293162356396809,3.6260876703263665,1.1839654047885726,0.03929976756176115,0.6635695099830627,816.7371164300712,0.02254091122222324,0.6823724508285522,820.9056602977216,0.017243620091300125,1.2219946384429932,1098.7155597340316,0.01749321797025156,0.7889110445976257,604.7276153609855,-0.3263062274815409,0.32200745619791094,-0.33183362190187504,-0.6483136836794519,2.3180514473633633,0.4454,1.806251363885286
test_phase7_run_PRISM_lens_SF_000039,5,2.8524654666771387,0.944254656112061,0.8284401786213049,3.15831961192881,0.7790991744837691,0.2455031995194136,1.4756552019139797,0.5189782990355601,-1.91861466289884,0.5197480778716216,0.47003445525313114,1.1057659115473095,0.029725632148385934,2.093303918838501,401.27469228056725,0.023071288094589467,2.0072989463806152,425.6801939762663,0.012085000947726434,3.689723491668701,787.6229164381512,0.01815819602260963,2.59529185295105,684.9321145068388,0.5805143978430511,0.7321914334381427,0.516410214235952,-0.15167703559509155,0.5118112815889848,0.5127,1.2850827277653951
test_phase7_run_PRISM_lens_SF_000045,1,0.0,1.2874764281538404,0.7428136053352687,1.8948663662430012,1.0006543206345289,0.20827171870644984,1.4597699279398886,0.32942578526154204,-0.9786655247785313,,,,0.025805123964925805,0.4725131690502167,278.73645262444916,0.02392549553173378,0.4279099404811859,303.43027883104514,0.01299131375230541,0.8044727444648743,555.321848642081,0.011474161074871817,0.6430556774139404,427.43459183257073,0.464189744026832,0.7483774802532229,0.3720268751726985,-0.2841877362263909,0.7957921278499532,0.6598,2.2803552965908995
test_phase7_run_PRISM_lens_SF_000048,4,2.6909600241351357,0.9476492497176199,0.6998015364029582,2.4851311150474507,0.9346194496575884,0.21124148976881088,1.4213806490035161,0.41231014053355636,-1.4367640687533199,0.1588055453673216,0.10177785072340018,1.5603153754828698,0.03030858442394535,0.5803820490837097,169.2015753829619,0.02057382919582795,0.6588371396064758,185.3182043636334,0.01165208367568042,1.1650683879852295,404.7922011320479,0.01365814843223367,0.8409464955329895,264.65577371639665,0.4856924266854685,0.9470693358529804,0.386908223776917,-0.46137690916751195,0.38844253451808575,2.1484,5.867757046877904
test_phase7_run_PRISM_lens_SF_000052,6,5.401007177335175,0.9069749343221101,0.6609452644837067,3.780876792553132,0.2226487871341035,0.29467350643552015,1.6205213638059885,0.6338304644002255,-2.3438854427860214,2.7887545151858326,0.7585175034368938,3.6765855798314453,0.07872751890133546,7.887015342712402,1488.3978182598948,0.024102693712295523,7.434755802154541,1595.1474846145138,0.024289257712623424,14.890172958374023,3007.4201679490507,0.021837763302808778,10.338985443115234,2263.446231212467,0.45512789355366684,0.7636877076460548,0.3799233469816283,-0.3085598140923879,3.211644831043647,0.3,4.990488990081088
test_phase7_run_PRISM_lens_SF_000054,5,5.4963888247822155,2.6968963032573567,0.7833775324158941,2.699453858534288,1.9034587239785667,0.3423125999948435,2.5566167356472715,0.45049117201552585,-1.0742634791410988,1.9987030246570645,0.39162521196193945,5.103611727764123,0.030243684629802713,1.660101294517517,930.5175659253728,0.024212649306811416,1.7064639329910278,996.324972297065,0.024021416039586886,3.4620022773742676,1835.0226915050298,0.02262818729486719,2.445600986480713,1381.3772987797856,0.4289693466569045,0.7372921576000556,0.35477824712293154,-0.30832281094315117,2.63296521785458,0.9907,4.875001740875669
test_phase7_run_PRISM_lens_SF_000057,5,4.387751130467012,1.1145497356914316,0.5038923713892639,3.1140828023609513,1.9434480653872372,1.0474394453861144,5.336922293393613,0.8469078433986025,-1.7884230088867104,0.17525747377072182,0.15571953731022603,1.1254687549037095,0.030229432576422684,83.19853973388672,3123.60892814006,0.02671965947527363,83.17800903320312,3830.694385238843,0.014304604291820084,83.8508529663086,8030.79891039987,0.016116972863689624,83.83812713623047,9048.459182573017,1.1547949403649536,1.0252552397576393,0.9332428162745281,0.12953970060731404,1.6860614302375156,0.8119,3.517765024008451
test_phase7_run_PRISM_lens_SF_000061,1,0.0,0.753779115435272,0.7363353287446921,2.6907985013569613,1.1228469673815542,0.2573188499881046,1.8251691385163638,0.43479596020980127,-1.2942084608775881,,,,0.02961471545936538,0.874402642250061,171.22875652524817,0.026974153493422443,0.7989218235015869,185.51947265937633,0.01417384346193857,1.4184950590133667,322.36144373822026,0.011568346209402048,0.972913384437561,251.41833075275645,0.417050589569464,0.6869159733371029,0.3300185937411155,-0.2698653837676391,0.5488596305235622,0.5752,5.395589802654455
test_phase7_run_PRISM_lens_SF_000062,5,5.857399143306511,0.9725397519084391,0.344806218157862,1.7927321534423593,2.0,0.27658958434909753,1.729252732282972,0.4932965403508888,-0.9237251440887927,0.575124179509965,0.20043926450684257,2.8693189476871757,0.032584644382360965,1.8816579580307007,262.47298190696165,0.025965236898451274,1.7337720394134521,272.51108327065594,0.03219943047779241,2.545809745788574,464.96866149362177,0.015983341791594993,3.202455520629883,471.33061903272755,0.6356026212848598,0.6208476939169434,0.5948537090323408,0.014754927367916535,3.461966063325325,1.252,2.3244845321899303
test_phase7_run_PRISM_lens_SF_000068,5,5.859692830382138,1.2890810377657063,0.3858122949492614,3.499323759547719,0.14677745444234763,0.3226726956370297,1.7066151047806073,0.6782091787863573,-2.2774855335633832,0.18943457910464426,0.04657270721567081,4.06750198624707,0.02434233053202527,11.510641098022461,2675.5582033655955,0.02925920482387348,11.21645450592041,2862.9078828957136,0.013978340253452931,21.545289993286133,5451.135842083488,0.01573750952634545,14.415047645568848,4048.769192357082,0.4497715419240638,0.7726815045656947,0.37628911336727183,-0.32290996264163074,0.5641155684361561,0.4755,3.390347689533444
test_phase7_run_PRISM_lens_SF_000069,2,1.3434956819966046,1.0708287031484616,0.786576181996867,1.9630756366772237,1.2823699387320775,0.2205878432618484,1.371458284422688,0.41323051031702596,-1.1271395610024744,0.12471965287185968,0.037191040492602676,3.3534865177183337,0.024790951608059386,0.8015551567077637,272.3335840794898,0.023862581989311713,0.7499451637268066,294.09775869263103,0.010699227421606724,1.6183186769485474,548.8193152260501,0.011598823620212154,0.9609697461128235,411.3000935581513,0.44764401654058344,0.7608204647715258,0.3641677337980436,-0.31317644823094243,0.6819233396907686,1.4046,4.794491129739381
test_phase7_run_PRISM_lens_SF_000071,16,4.571631271818356,2.1386265405098666,0.4694678248726259,2.426997382411,0.9708117510971124,0.3027970756062167,2.4975626475370887,0.2385696014903668,-0.6236639672832248,0.33846298431375954,0.21351779356713574,1.5851746061029695,0.02805679583009313,0.6653056144714355,291.9226904494717,0.028609862735038894,0.9471272230148315,369.6717728790827,0.024639357373951745,1.3144387006759644,662.597722524777,0.016366123561539922,1.4778364896774292,556.927032484673,0.7013261137528632,0.8899552145710466,0.44495502040570345,-0.18862910081818335,2.921736127120892,0.9301,4.246529751512499
test_phase7_run_PRISM_lens_SF_000072,6,2.974025860522521,1.7558310541263575,0.8539966690345406,4.059905967780548,0.5772943072270142,0.36419157583452255,2.005681678815247,0.6021410306482146,-2.3102395096378796,0.15285936564722027,0.0883952421136869,1.7292714176926487,0.033777166640321946,11.304332733154297,2977.4321790542454,0.037496660420877286,11.749755859375,3373.43825526163,0.02960722202350455,27.292476654052734,7256.001330293715,0.02346220227407189,16.43287467956543,5250.023832593113,0.6157984928419273,0.9671386897793771,0.4802212732925687,-0.3513401969374498,2.1044830267337593,0.3368,1.5522610173751563
test_phase7_run_PRISM_lens_SF_000073,14,4.925052657818435,0.3796557965511894,0.7946468514084389,2.7930775800383882,0.3543236606648025,0.21137871268392697,1.5555042795351484,0.38286930510003053,-1.8717228815246154,4.199517274385708,1.6236147559764904,2.586523224753518,0.03268864550126817,1.5369977951049805,353.54204486182425,0.03312583711266604,1.4020874500274658,434.700863111997,0.021080663449944234,1.6532187461853027,759.8380879461765,0.015797522575439697,1.0255134105682373,536.9513578200713,0.4537346885510246,0.8306999746532712,0.22936110611136074,-0.3769652861022465,2.8838857781926093,1.4066,3.9641070861896197
test_phase7_run_PRISM_lens_SF_000078,9,1.7903096755113224,0.8695924460788974,0.9338457257159709,1.7543694131855845,1.787055872010331,0.2518921713507373,1.725226052908304,0.3613609121289656,-1.03885998441716,1.7710326065253543,0.6392895712511065,2.770313620257244,0.03503305694599589,0.49061018228530884,187.50700883666286,0.02675496240292438,0.5222440958023071,209.91774091660045,0.013737404561448435,1.0413752794265747,421.26960858050734,0.01418808743702565,0.6836557984352112,326.737567754928,0.6029539148295159,0.8788565582561367,0.4803748196772615,-0.2759026434266207,1.0863061877171651,0.6605,3.839492442325558
test_phase7_run_PRISM_lens_SF_000082,5,3.4708387771382987,0.9480643728132518,0.8351722398629466,3.3206724050303493,0.27668852891975815,0.2372239307755948,1.4028474245849094,0.5436280610791486,-2.1315448292474275,0.11301967086359552,0.050290998742232036,2.2473141057086794,0.03249690851970028,2.6471359729766846,644.6315650099423,0.049291118896329846,2.5513174533843994,692.1658377861531,0.01364954341040325,4.766871452331543,1201.0914332512766,0.016585350594881188,3.3520474433898926,1048.6639535208233,0.5283119314929805,0.6756612551029433,0.45106544823341754,-0.1473493236099626,0.39525899921019186,0.9196,2.562625637885376
test_phase7_run_PRISM_lens_SF_000084,1,0.0,1.2908745367568324,0.7503306421156181,3.2409857234187696,0.88134287499031,0.38831661692547925,2.0479512278538956,0.6546429883257471,-1.8643158100145483,,,,0.03387438633807628,12.072990417480469,2249.3812452090788,0.03138116985942402,11.893197059631348,2481.5078519158997,0.01682444060408275,22.118867874145508,4732.277366390917,0.014879666107465876,14.79906177520752,3568.9258461589925,0.5011861366445234,0.807517804053019,0.39455467679808254,-0.30633166740849577,0.8648218398060831,0.4242,1.5717880852461021
test_phase7_run_PRISM_lens_SF_000085,23,5.512541665133588,2.387721233943161,0.5710208327992237,2.1138073014419065,1.694864926846746,0.3165849003784927,2.8109512274170543,0.2646080385524791,-0.547880878914384,0.5478547246477986,0.356459822672775,1.5369326072709222,0.028114768205598942,0.6993760466575623,625.1267673261827,0.029080840132130633,0.7906146049499512,634.8426137110218,0.024315217996219187,1.8596172332763672,1268.485482674092,0.02252804167832025,2.121176242828369,1029.1821205192246,0.5413103436111184,0.7682935147033004,0.5245654045163493,-0.22698317109218225,3.8696715629729987,2.7093,3.2217052684747314
test_phase7_run_PRISM_lens_SF_000088,1,0.0,1.0576243305551616,0.8994481114865557,3.5313324563233146,0.613455493566694,0.3284613566265015,1.749404545345387,0.6748175346429924,-2.1984587481677007,,,,0.03417592322406278,9.822145462036133,1502.6834832228633,0.02923538977928044,9.518763542175293,1610.333816803177,0.012913239504599498,19.666316986083984,3082.9013991164975,0.01535740084518393,11.754325866699219,2249.1991152393166,0.43790097780453724,0.7802303049165593,0.36277997711339993,-0.34232932711202213,0.4785580640299123,0.7201,2.564889889661151
test_phase7_run_PRISM_lens_SF_000090,4,3.2291045097307696,1.177954031071865,0.6040268933956293,2.6119023341278136,0.1973733668731228,0.14367465406859545,1.0010039152571701,0.4274909710516456,-1.8473227595419157,0.21960835181335522,0.058814180451364,3.7339354238721203,0.020159327667001722,0.6030303835868835,311.1751976662781,0.02548918581407467,0.6515434384346008,352.80022856340656,0.011097254631924883,1.3749794960021973,747.8487826976925,0.014927482379919204,0.9339942932128906,568.9241380464518,0.6551234652643289,0.9520220424466994,0.5188137559537006,-0.2968985771823705,0.5354529401916848,0.4302,5.766477645105176
test_phase7_run_PRISM_lens_SF_000091,5,4.29174912020969,2.2411994897654104,0.9334817835439728,2.8585139191349263,1.0957438334157337,0.3957524391712765,2.603525273206129,0.4399203198607499,-0.9630954941895916,0.12879370122430714,0.08623255054408979,1.4935624704554724,0.040177351028940954,2.1379125118255615,898.6454676488647,0.03224880952698292,2.079843282699585,1004.3033339839894,0.015955161478719636,4.211421966552734,2132.4581581046805,0.01736616712842784,2.7305946350097656,1522.39500210993,0.5723474031471099,0.9382303254235433,0.4516561127721167,-0.36588292227643343,2.0188208761197903,1.1583,2.5346308011137495
test_phase7_run_PRISM_lens_SF_000095,8,5.482846685054237,1.3775056709227753,0.485708010870364,3.385209887797357,0.1830067279603855,0.23065696894233365,1.49584078588404,0.4838700274162127,-2.2005138047571866,0.17333794849370146,0.12860318419340588,1.347851140552003,0.025678649911393264,1.7262064218521118,550.5131057943217,0.024010449580142014,1.744558572769165,618.3399601080455,0.021513450352673217,3.6077702045440674,1298.8298896001652,0.016633620599641675,2.4082465171813965,976.5256462437101,0.6222899776827617,0.9319615297445665,0.49614084982655404,-0.3096715520618048,2.7329096153106853,0.3031,4.921268995500292
test_phase7_run_PRISM_lens_SF_000097,4,2.1809307883290363,0.7534690838712781,0.6479978605082016,1.9466885571137,0.810050043396586,0.2450645123247483,1.424550232461933,0.4547115288008482,-1.0248317158259488,0.17111636034232997,0.06711015586183443,2.5497833844198223,0.02643856797192439,0.7830541729927063,316.91567450970615,0.032719347601431616,0.8954306840896606,340.67797048253124,0.01681860069682805,1.7784719467163086,606.6108015766367,0.010093769969972109,1.2097805738449097,399.8561468985863,0.2524001424515391,0.704916048863016,0.17389931338237374,-0.4525159064114767,0.4226313710887352,1.1814,3.6934121601417123
test_phase7_run_PRISM_lens_SF_000098,8,3.4949898246059576,1.1443423347626815,0.99242069527072,3.20220221424813,0.44392140022639215,0.26608056783487355,1.452337792256438,0.6275335350855772,-2.120172238224081,0.15013610901276397,0.08277260933071603,1.8138380585889065,0.027334196991181874,5.7774271965026855,1229.8782860596693,0.02226866608352928,5.786637783050537,1411.7267407935578,0.014841322936402617,12.885977745056152,3165.825776170939,0.015374917714266556,8.718172073364258,2351.7956665679812,0.7038436296129381,1.0265621921205035,0.5541223616054785,-0.32271856250756525,0.5376740201801036,0.3,3.54147404783718
test_phase7_run_PRISM_lens_SF_000100,5,4.380140808669473,1.3482429988990376,0.30610314586688747,3.2532864454473347,0.8654194669505935,0.26935603536335234,2.0113170591028657,0.38840106206226394,-1.1930741099513993,0.2211904969890116,0.058755448964590326,3.7645954696442656,0.028264976286916998,0.5219439268112183,126.17011644668673,0.023641289257465104,0.5360966920852661,143.67634933413683,0.012744118724230683,1.6580946445465088,396.5705832651729,0.011612868416078646,0.7067105174064636,213.83328634046484,0.5727970166604331,1.2434099804211625,0.4317250651360344,-0.6706129637607294,0.5446807833726267,1.595317584730192,3.6008946131006647
test_phase7_run_PRISM_lens_SF_000105,1,0.0,1.3915344559440217,0.8019284298486772,1.8510354701708667,1.3732482741878236,0.3298223403255345,2.163105363319912,0.4127654594386471,-0.7622602604792138,,,,0.034818979246753284,0.6811357736587524,222.31183509514085,0.02194148021658196,0.705019474029541,262.39365037603784,0.016184129666024824,1.5896401405334473,554.6108791253064,0.011858836480654042,0.9449844360351562,398.5386156090535,0.6337695606460834,0.9925645018384044,0.4537927161723509,-0.3587949411923211,1.4441360950276654,1.3785,2.3812239796855867
test_phase7_run_PRISM_lens_SF_000106,2,1.1418151601538378,0.9522575519310692,0.7272173271209407,2.626396596876229,1.3049599901808162,0.3579741062740574,1.927898171784552,0.6277016441056134,-1.2995071412467423,0.12961508527931676,0.05758849130427254,2.2507115978171233,0.02526515222580643,4.794801235198975,751.7188765777955,0.031965043973545805,4.7911810874938965,837.2986749010743,0.0170650600654031,10.401288986206055,1645.3559088176116,0.012447749222900449,6.843898773193359,1244.9470578827895,0.5477385678626692,0.8505109978415508,0.43067619823162084,-0.30277242997888165,0.5333158922770787,0.644,1.3355762875046402
test_phase7_run_PRISM_lens_SF_000107,3,1.653336982237461,1.421890627436737,0.8937069833273628,2.0984158558078225,1.646110910547094,0.28394834878595715,1.6046975847617424,0.5281442212453771,-1.199207229401668,0.15137158773136114,0.053977206033092834,2.8043613009268555,0.04147900194927892,3.735830307006836,1201.1458261838138,0.028309281411769492,3.8005168437957764,1366.198536775657,0.019143218701669646,5.753581523895264,2369.4860699921846,0.016919322975065206,4.159036159515381,2085.779345858842,0.5991815652206166,0.7376460583712554,0.45938636685184964,-0.1384644931506387,1.0858585837465147,0.9731,3.7324733636605685
test_phase7_run_PRISM_lens_SF_000109,4,2.947286852478293,1.0458271609733376,0.6736827986492587,3.6850931840967327,0.408068883398455,0.3018617665150027,1.6735227200811467,0.6076882000915401,-2.2442553434324704,0.11277253167113266,0.05028062403829276,2.2428626101626596,0.02441723767311689,3.7481439113616943,594.8095142231614,0.022213412678601413,3.9967849254608154,699.1531518734992,0.012599960814954268,8.566354751586914,1526.8567591942847,0.013420754978109324,5.90158748626709,1121.4829519893974,0.6885369237482537,1.0235509734118744,0.513050890687745,-0.3350140496636206,0.5022875617380955,0.6409,4.041919839103144
test_phase7_run_PRISM_lens_SF_000111,15,4.711302218073578,1.2335640081960264,0.6656063666646783,2.164542581099878,1.5147395300176052,0.4115215651552982,2.412410681206019,0.5681354224019024,-1.1934053903989659,0.45622735803523085,0.3038241015306273,1.501616743822545,0.0312826111433057,1.2696478366851807,918.9706942944113,0.02660782605490422,1.275949239730835,935.8357735751197,0.014480230766625697,1.3274736404418945,1092.5616229735315,0.014957439148026984,1.2853434085845947,1003.7528179064393,0.09581278857674409,0.1878606986289435,0.0760678371318905,-0.09204791005219928,3.3991199136427057,1.5313,3.2044865969697773
test_phase7_run_PRISM_lens_SF_000112,9,3.4457914697050405,1.2354272055358888,0.9105262750638691,3.419524997601214,0.39841772062825276,0.25243491041930877,1.4364448396144183,0.5861402192330664,-2.1880365398888215,0.24266271797298514,0.12601697857028393,1.9256351066824215,0.025190936906264547,3.601083517074585,895.2026608528831,0.027105799979895682,3.837153434753418,994.0285512150149,0.015795505868037962,8.056318283081055,2136.097380209714,0.014986860781800625,5.234731674194336,1580.1534971138462,0.6169447806230416,0.9442492074709812,0.5032510448627854,-0.32730442684793976,0.3497628427183273,2.3876,2.8876
test_phase7_run_PRISM_lens_SF_000114,2,2.7568154207178415,2.1010758480556686,0.9038396632755563,3.2858911013910497,0.7850260620317376,0.29956640652042504,1.7942644580110525,0.522766443436979,-1.044938825689818,0.14262248369294062,0.06403538738177317,2.2272448020441935,0.03427507997396984,3.264765501022339,1807.823245335836,0.032070246519947034,3.408196449279785,2043.0431837597862,0.019472479322473403,7.394548416137695,4469.2136710500345,0.022039606808159987,4.86851692199707,3270.2372032310814,0.6435582214103472,0.9826878806050686,0.5107542712392084,-0.3391296591947214,2.2945618050708094,1.9303,5.586662091195311
test_phase7_run_PRISM_lens_SF_000115,5,3.0695757608092036,1.6082672989875675,0.4353464204430226,1.252081879605175,1.9838679263691381,0.33354023821493084,1.9741799733624092,0.47254260209335264,-0.7102447366551621,0.18688294753902218,0.07243204641325625,2.5801141455092114,0.026242281099266875,2.7947540283203125,460.24430893843237,0.038666245597966276,2.8121001720428467,522.7732990174554,0.01194037313769587,4.3499627113342285,957.5746665969491,0.019436848056895367,4.708291053771973,866.4757264479995,0.6869199345471966,0.7954605522937991,0.5486075080979678,-0.1085406177466025,0.5055039966382336,1.661,5.003997966175735
test_phase7_run_PRISM_lens_SF_000116,4,2.851685989536784,2.4239576401311522,0.3389306625057439,2.468415335212,1.6492757574848071,0.5054270044566508,2.6784853726866396,0.6437737789759052,-0.7128557454306953,0.20390089340535641,0.06090607771747019,3.3477922244674416,0.02913152852091839,8.949559211730957,3261.772727988893,0.024786792823763896,9.391753196716309,3813.488157568907,0.026568628536074706,22.10509490966797,7243.027936205268,0.020239758255937622,13.248713493347168,5431.627807045821,0.5536907644594652,0.8661661576070487,0.3840190023590684,-0.31247539314758355,1.1942754739553432,1.5644,3.995192997131097
test_phase7_run_PRISM_lens_SF_000118,1,0.0,1.4904054966699105,0.7016494559186226,3.6411384485370393,0.7343426068143318,0.3118858583430401,1.901502903151207,0.4933511623745177,-2.0172643430683186,,,,0.03659872388514952,8.387993812561035,931.9223486432747,0.028762051236538008,2.8931193351745605,821.8583465733682,0.014884658559345825,23.59722328186035,2266.710958735086,0.01688507145082964,20.92371368408203,2028.6690998557024,0.8445787185561631,0.9650410437814212,0.9810356102625466,-0.1204623252252582,1.9813715958101952,2.918,3.418
test_phase7_run_PRISM_lens_SF_000120,2,2.684667339377134,1.1389052346546267,0.5444244058444105,2.313412772433307,1.6909409650666085,0.2630128747216622,1.5418609194168331,0.5582871079325674,-1.3091185622392887,0.37357901226830587,0.25373710038875447,1.4723074067447754,0.03211735167883008,2.6636312007904053,549.727367282263,0.021580307039213893,2.169849157333374,565.2694302025484,0.017102847667569927,3.4897031784057617,971.9028166853823,0.013100404213601126,4.12033224105835,1085.3132524881512,0.7385193698891475,0.6186887065361588,0.7082490166860345,0.11983066335298853,0.6706423394846666,1.0605,2.3931892752892354
test_phase7_run_PRISM_lens_SF_000123,7,3.237066777444203,0.9673986521134272,0.8013259007749213,2.227452954914871,1.2004422535909722,0.24002722270570506,1.399630022981542,0.5364859257244426,-1.3191559357625058,0.2640648195506046,0.12475442225104907,2.116677026640505,0.0446367605266189,1.875442624092102,551.0572739626514,0.02672347577397376,1.8145556449890137,591.3956590002053,0.012985663678214179,3.479987621307373,1223.530855490826,0.01738189429257077,2.3676414489746094,961.4246360668913,0.604296267690489,0.8660454664533769,0.5275927854170731,-0.26174919876288794,0.48685017212318377,2.2225523153201574,2.7225523153201574
test_phase7_run_PRISM_lens_SF_000126,11,5.979781498106219,0.6399187999389127,0.732260564947551,3.1235614773709113,0.24144258538546595,0.17822777207309762,1.161246717738476,0.47141323440611627,-2.03440361694807,4.199922675036372,3.7541816152714986,1.1187318849870393,0.042981750230369126,1.6599211692810059,914.9465563867707,0.03227532336989516,1.5948703289031982,1016.0486155019607,0.0276031722182696,3.1051876544952393,2096.270689152181,0.02859311844707773,2.073920249938965,1515.8389236684889,0.5481433193998715,0.9001290874803254,0.4343464156862539,-0.3519857680804539,2.3848951011471082,0.9865,5.556497149706222
test_phase7_run_PRISM_lens_SF_000128,7,2.808054253163598,1.346789552908879,0.9240135838351303,3.855819303958889,0.7125171861760758,0.37085365607021914,2.067315243560379,0.5696894261005382,-2.296149008309794,0.4830442941018865,0.3314195854999734,1.4575007490072587,0.03447033052822487,5.223639488220215,1013.7850253776123,0.10975221167183594,5.3162431716918945,1158.2857005319092,0.01301436357821839,11.494743347167969,2273.619953481946,0.015314976078044029,7.804316520690918,1688.9620989509858,0.5541850798816919,0.8769300000901332,0.4095105226806124,-0.32274492020844153,1.2574427722527604,0.65,2.090284170754288
test_phase7_run_PRISM_lens_SF_000129,2,1.8465260827874732,0.7871343804793953,0.9410689408053692,1.9583576642454243,1.1698195418814328,0.2220407946356338,1.3313174737388653,0.4458129859419132,-1.163561048033547,0.2437682039817845,0.22804566769608955,1.0689446830739533,0.024166344204722853,0.8194738030433655,222.0307969150599,0.019437809821020825,0.7973906993865967,247.96962197928224,0.01611271530923607,1.594215750694275,462.13828871166334,0.011372075101352637,1.1302708387374878,342.09962954491857,0.46934846546976317,0.795896835306133,0.3493853098345045,-0.32654836983637003,0.509668517563269,0.7395,2.088176333496552
test_phase7_run_PRISM_lens_SF_000130,6,3.8593750286178166,1.3592212941673627,0.8730500618095668,3.004448880425126,0.40205948584952206,0.24869664748069245,1.4137119781502543,0.5312171396542019,-2.02055398870992,0.12155838191499257,0.06681193017807766,1.8194113175745121,0.02344388975358004,2.522515058517456,859.3969065053388,0.030770193574306007,2.6126179695129395,977.764916674787,0.018612408962677147,8.600147247314453,2861.1272086389363,0.014157586739238412,3.666435480117798,1550.1550985015929,0.6404534174602555,1.305858453378662,0.5003517570491478,-0.6654050359184065,1.0101757764432584,1.6249,4.3816377008198275
test_phase7_run_PRISM_lens_SF_000131,4,6.170342150649149,1.9338476055722054,0.7805637112864346,1.0970215945805817,1.8545033241270148,0.6306661976237316,3.3634756176952276,0.6156460754428833,-0.8016315046375178,0.3883677421787971,0.2751444455758488,1.4115049328580256,0.02848525448910882,12.169361114501953,1743.1412946315832,0.032158379776460376,11.477916717529297,1958.4339156678761,0.01426901288828991,15.591992378234863,3548.4655605219305,0.016794116141011887,18.68667221069336,3189.886715157889,0.6561066713854689,0.7717700080208563,0.5296658459284812,-0.11566333663538753,1.6581859710003166,0.7763,1.366355394812374
test_phase7_run_PRISM_lens_SF_000135,9,3.751139536314685,1.4660086939860788,0.7410468289606758,3.9417555031709717,0.490797889870625,0.3166167958551742,2.0099804155860745,0.5347179227947245,-2.3388887408509613,0.15028621820904173,0.13124509162518627,1.1450806757652596,0.04117422183489316,2.8021838665008545,609.3507475369261,0.03371972607339704,3.0915887355804443,703.2353180365171,0.01683464328213245,6.936101913452148,1513.7431207238697,0.014976037461905496,4.521457672119141,1161.5278411855688,0.7004056895290844,0.987962085585174,0.5448223755416081,-0.2875563960560894,1.6377404447657968,0.91,5.270684146498734
test_phase7_run_PRISM_lens_SF_000136,9,5.3372616849638375,1.4792627972153765,0.3615908090990118,4.058635675634528,0.3936056438804702,0.3253447138782618,1.8282687200457608,0.5988695965622506,-2.4647212998043435,0.936090734493517,0.23985233138420717,3.902779385513002,0.02870964096810697,6.137072563171387,1288.1146674479824,0.03003049629984765,6.459277629852295,1492.534661135258,0.02238452010346231,14.069262504577637,3230.1631212402135,0.018471418079133335,9.052555084228516,2355.79908015579,0.6554593060195302,0.9981748225586041,0.4955345558298773,-0.34271551653907406,3.227905010800067,1.1537,3.1951297849789113
test_phase7_run_PRISM_lens_SF_000138,5,3.4037574802619477,1.128133244983703,0.47493042458552315,2.6537607564787224,0.47657577897810816,0.23361529655551666,1.5514035811411642,0.47159376712088835,-1.6854771175219123,0.4472069974678226,0.2896995390023304,1.5436924718897298,0.028247925055713382,1.1318780183792114,390.96831977353577,0.025648336645469658,1.0686334371566772,452.5539405313757,0.05005031917464922,2.500624179840088,1071.9857880230993,0.012673001563232445,2.290860414505005,1014.7984595191665,1.0355955785371453,1.0951186495398009,0.8767736212410205,-0.0595230710026555,0.44160991953727874,2.1946,4.03637989015048
test_phase7_run_PRISM_lens_SF_000141,10,5.065533885016731,1.3865070389551275,0.5731451391805472,3.7621949764173945,0.11097195262002134,0.28621144235163987,1.6038563210732666,0.6014881633841648,-2.3406228993329883,0.23073385115089934,0.09358581395827431,2.465478916000807,0.03366697574981347,5.719905853271484,1416.7636197781103,0.026665624359475424,5.891452789306641,1555.8695862866007,0.02040401990625361,13.100574493408203,3309.3545377943665,0.019779615973279676,8.289244651794434,2482.7198478779756,0.6090757995987481,0.9211147503844532,0.507386311910287,-0.31203895078570504,2.6564514436569304,1.0087,5.381366307814744
test_phase7_run_PRISM_lens_SF_000142,6,4.6669334073183,1.500170216512805,0.8970208083743728,3.3026461791828043,0.8819077092624117,0.29748920400739853,1.9585029619101442,0.43665057071870406,-1.7801255337587665,0.28981092499682143,0.23555199112423178,1.230348016221918,0.03701994631025584,1.6055961847305298,489.648968487978,0.03098693789742149,1.572668433189392,520.8306633371831,0.013626949493717863,3.1158342361450195,1030.6521491091698,0.01651445510465873,2.078455686569214,779.663025340531,0.5050552370730254,0.8080681731069563,0.438025984613184,-0.3030129360339311,1.4156795622992178,0.906,2.705763649568332
test_phase7_run_PRISM_lens_SF_000143,1,0.0,1.3122971963630885,0.5838533458341141,2.7098337712719553,0.5031181324274691,0.22741657718457545,1.5437805841005643,0.4233116061848276,-1.5482415216046297,,,,0.031723842216123774,0.9469746947288513,310.9290403248233,0.02913935845526497,1.0199731588363647,406.59453567149467,0.0125546311036475,2.019813060760498,789.3549911031732,0.012930626219678972,1.312218189239502,656.1010394667974,0.8107735984936627,1.0115276823642823,0.5195229701711919,-0.20075408387061966,1.0196250997211773,1.6469,2.1469
test_phase7_run_PRISM_lens_SF_000144,5,3.1795346999826037,1.282385833096602,0.7821461235802403,3.568610246712649,0.5907523291647263,0.3217299990655839,1.7735759250670686,0.5879517880799676,-2.135904886410285,0.13750801458133827,0.08236632997420665,1.669468757736316,0.031337904481389005,5.660528659820557,1139.7027415253979,0.027250492861962045,5.820111274719238,1329.5431330400752,0.015573105201906936,12.690774917602539,2858.079019312747,0.01653869454352277,8.613017082214355,2203.749021748081,0.7159263489070532,0.9982065972623783,0.5486492531107211,-0.282280248355325,1.0903474550679864,1.1015,3.6173975221739005
test_phase7_run_PRISM_lens_SF_000146,4,2.6917186415613212,1.4100505414556697,0.6094619045192783,3.862934479122343,0.7769919144692945,0.3968388662070206,2.0784777773735255,0.6854619293912169,-2.077936622518526,0.14242949116730308,0.05259531704689659,2.708026097462363,0.03673543660625431,18.811429977416992,3017.2637905200245,0.02675254974542185,18.68179702758789,3622.9416845950764,0.02339946381036408,39.594417572021484,7494.37467835471,0.02025821077157474,29.430740356445312,6030.452872784808,0.751841617322066,0.9878053018939694,0.5532214605832912,-0.23596368457190375,0.8435298179303675,1.6755,5.495674035922321
test_phase7_run_PRISM_lens_SF_000148,6,5.016072735065234,1.6578363897197674,0.8333801444832222,3.7216002212262667,0.7470434437549346,0.366218619508839,1.9494707346133773,0.65357905333636,-1.7744822529252458,0.2390777029795748,0.08008720118521523,2.9852173560999726,0.035498465149721006,20.49915313720703,5538.027041670866,0.030362974666193122,20.84252166748047,5930.602672655135,0.029577370562133026,34.465057373046875,9421.501781021245,0.025448254526566887,25.903095245361328,7864.6085493881255,0.3808050975568267,0.5769126563090163,0.3064457052314322,-0.19610755875218963,0.828297609726898,0.3105,3.77871856147413
test_phase7_run_PRISM_lens_SF_000150,2,2.402494152461042,1.9190720652407827,0.8129851073966133,4.205867618536784,0.6448894485079838,0.37269209031286105,2.0377106584597096,0.5969887638333153,-2.291745873827517,0.15027140779770912,0.03699012494384052,4.062473647381714,0.06310439846418352,32.72023391723633,8184.447984723374,0.04788582843055464,31.609825134277344,8768.602723447606,0.059554117495803714,33.474605560302734,9894.48174566403,0.05248532116453017,29.360139846801758,9458.544293514453,0.1570872725209402,0.20600914667893852,0.08223476969764539,-0.048921874157998355,2.008078942725191,0.3,5.074956327899745
test_phase7_run_PRISM_lens_SF_000151,6,5.360941523437682,1.650064404640239,0.6085952428161662,2.637351310825178,0.2028732690032123,0.14464979145372414,0.9123013226067767,0.5141210261838325,-1.8052409745466163,0.16683718066693864,0.07441765061112507,2.2419033562179846,0.026684539536250957,0.8516954183578491,970.715094906569,0.020894478800575746,1.1449493169784546,1365.8695266375435,0.013478253441467457,2.4649150371551514,2833.6405086545274,0.013409500126213263,1.6749136447906494,2076.8955681147054,0.8258071912684659,1.1631324232902813,0.4550136095602514,-0.3373252320218155,1.3433065976516432,2.1698,3.818092562187786
test_phase7_run_PRISM_lens_SF_000152,9,5.614882729659796,0.26012559432950766,0.74235262586838,2.2379823576913185,0.4108690918851438,0.2444360177972033,2.004571435243993,0.2696665079685218,-1.683289515311378,0.7864173244799488,0.16771037365078365,4.689139421497402,0.02301555129248907,6.482207298278809,720.5177187845256,0.02539894060027756,6.9513654708862305,856.2165261973678,0.01403509624643814,9.061479568481445,1100.6283979326254,0.014973233164165834,10.271334648132324,1459.867388380968,0.7666718543512594,0.45999012189405447,0.5793245024954764,0.3066817324572047,3.075188009020252,1.2362,4.940910467056526
test_phase7_run_PRISM_lens_SF_000156,2,2.943520428049899,1.3269386793866342,0.6569791414174139,4.068200014725012,0.1343845936574298,0.4309651951222432,2.232984516247124,0.7382639366804412,-2.5312074080122726,0.09003893708161927,0.0593487495364794,1.5171159929203863,0.03480771450627461,49.35969161987305,8227.684233866632,0.031515863497901545,50.8411865234375,9322.953872267157,0.03226620224152057,54.319671630859375,9725.670813579112,0.02514504736643641,45.86195755004883,9538.559348579496,0.16051292609615878,0.18160487517038026,0.02482312692772192,-0.021091949074221537,0.7831444104989621,0.9792,3.3983567896119857
test_phase7_run_PRISM_lens_SF_000159,3,2.5041234894174926,1.5581246593297549,0.7546530514791309,1.1582794527285365,1.441788058784146,0.7535377397740933,3.8025843967701127,0.7448337471980527,-0.8068192438927531,0.10122315559074689,0.06548652305827188,1.5457097256587509,0.03448258240671881,48.241554260253906,10809.997584260534,0.02220719618207742,44.711368560791016,12125.12756679696,0.028332066306666445,81.29341125488281,24762.347354459576,0.026230561311266498,54.57498550415039,18568.476296192035,0.587376676723535,0.8999155362009068,0.46272487784752603,-0.3125388594773718,0.9546443533693022,0.7173,2.684025971904109
test_phase7_run_PRISM_lens_SF_000162,3,4.174161701503767,1.2644889986766485,0.8435949108119983,2.203492402797032,0.9428836317202759,0.2975670103340636,1.5778376314905629,0.6249090839298045,-1.3052988514553618,0.2749402325111424,0.16970265281898916,1.6201292551649347,0.038199552400766494,6.424840450286865,2087.5898865089403,0.028607889491234207,6.625807762145996,2394.1025207239727,0.01568975805673635,13.85438346862793,5124.059715989977,0.015465382459515066,9.621233940124512,3807.620535721071,0.6525211905720458,0.9749224954289721,0.5037772913316175,-0.32240130485692625,0.5955475550345096,0.9094,2.8598109518791124
test_phase7_run_PRISM_lens_SF_000163,7,4.028415179805656,1.0588083470158733,0.7749314472803132,3.9202244960644883,0.421104587837094,0.4218571750183027,2.1978565563033134,0.7203535193430474,-2.4003846867736773,0.18308085796537493,0.10939614520622276,1.67355858490488,0.024470352828457578,14.083747863769531,1717.1873014721832,0.022250720758371357,14.68593978881836,1973.1934305175382,0.014192278565524786,30.151729583740234,4312.68239375297,0.014274008930881604,21.507789611816406,3090.536401669495,0.6380404875891478,0.9998245190057026,0.48716050599536964,-0.36178403141655463,0.41678993789077345,0.9949,2.139691446473379
test_phase7_run_PRISM_lens_SF_000169,3,2.3687211881791397,1.0868868820731772,0.8041572557442208,1.861609182187388,1.3511208843235323,0.2775905227147029,1.6990945570029987,0.4170984129274489,-0.9706623732062103,0.1337307262862277,0.10413185882361357,1.2842441093148154,0.033048069547685306,0.7276598215103149,232.33639974694233,0.023480528075442233,0.6823141574859619,254.9414439539978,0.012238025576349166,1.4294239282608032,514.8086301432922,0.01195663665560544,0.8907325863838196,381.78240061039105,0.5392466228106583,0.863821408522637,0.4384386579102635,-0.32457478571197873,0.8643181505021684,0.9831,1.4830999999999999
test_phase7_run_PRISM_lens_SF_000170,4,1.8132265209924252,1.1887287244404074,0.8514638114424581,3.3522089072295422,0.7537626925774337,0.2646448566492257,1.5369673141486535,0.5483013259057952,-1.9674512533335118,0.18516190987303086,0.04153448745619153,4.458028044003919,0.030358381076084743,3.2385692596435547,746.3904627393349,0.03125323631056183,3.2572786808013916,828.085061843798,0.014914290529510665,6.120870113372803,1542.1688552349806,0.012998777537167293,4.008679389953613,927.979545651935,0.23643080565342753,0.7879146167155129,0.12365863346630612,-0.5514838110620854,0.9334349632577138,0.3,4.382739120875616
test_phase7_run_PRISM_lens_SF_000174,3,2.7423118052948072,1.1391171557758812,0.7068982136004726,2.4221928095015137,1.1132926490807604,0.30325669648185377,1.6945961163373444,0.5387318624394777,-1.0697122655906846,0.12820497343640294,0.04712202475890302,2.720701712041363,0.029512084546934356,2.3796379566192627,514.9173151863506,0.02523203466359361,2.3606884479522705,565.0577563174375,0.011311870376329,4.695559024810791,1127.5368521045893,0.01190496784722982,3.0747337341308594,812.3321094545536,0.49499031000440896,0.8509831224950153,0.39410194866015724,-0.3559928124906064,0.6755679144760561,0.8707,5.827778738321475
test_phase7_run_PRISM_lens_SF_000175,4,2.99585078661828,1.0062079490812383,0.5967059290934168,2.838116569934221,1.8994499198635606,0.2973405410784166,1.7171582875677367,0.5604993940796217,-1.5524178050686133,0.13146134755916386,0.0659377964621666,1.9937176340824942,0.024559002076335556,3.4659836292266846,1023.1314516669663,0.023846435198329408,3.867222309112549,1237.6998141731601,0.014071867658829215,5.0828938484191895,1634.9014909230755,0.014921918164022597,5.884561538696289,2009.4027034989558,0.7328388672335551,0.5089003863446597,0.5261291412427842,0.2239384808888953,0.8643367187812991,0.9321,1.678850524436182
test_phase7_run_PRISM_lens_SF_000176,10,2.576364942840716,1.6156053546169484,0.7462841447911179,3.0093064527719764,0.9254654814557489,0.28368194629672583,2.5375840460830714,0.25356577807065545,-1.1306891788724431,0.15386593212589872,0.07631992477785153,2.0160650390283332,0.024503713513359313,0.31769227981567383,189.23716275859624,0.02442423582479093,0.36589181423187256,211.50022775985417,0.028289049298541813,0.6810981035232544,413.9640284832567,0.012759620563517272,0.4764907956123352,318.640466182027,0.5657362519030141,0.8498904414875867,0.4449752234907123,-0.28415418958457267,1.785111117823851,1.9157,5.476952844767685
test_phase7_run_PRISM_lens_SF_000177,11,4.5407410417590475,1.7689591732196472,0.6607002662093491,2.4407948715261947,1.1466920846051005,0.2275395854729263,1.5873093690013576,0.3942696078935105,-1.459962731374178,0.8307546604712351,0.3573832059263386,2.3245486824651316,0.02840667915729716,0.6506741642951965,873.8609384894371,0.024023038460434125,0.7084574699401855,909.8212285048794,0.011930860948945262,1.3886691331863403,1496.1417251050007,0.017245731743667305,0.8637900948524475,836.9077375828929,-0.04691185933069105,0.5838260201540595,-0.09069620678586807,-0.6307378794847506,2.548902596263151,2.5704,3.0704
test_phase7_run_PRISM_lens_SF_000180,8,3.9982890899642123,2.1447363366487373,0.29146030106998444,1.9296230810754547,1.7959860690849994,0.38170245709212813,2.1084711432598255,0.6022082424230577,-0.6296142083845299,0.11577022351757091,0.06020178768220264,1.9230363079699022,0.03517988892243408,8.821280479431152,1874.5093293388272,0.026585710620131615,11.053108215332031,2237.9210403102916,0.019736090377719704,16.479080200195312,3870.670289698988,0.03126215055841795,16.422388076782227,3233.2251934241503,0.5918708698886076,0.7872464318113657,0.3994779868983287,-0.19537556192275804,0.5362766784686607,1.071,3.7765409586688357
test_phase7_run_PRISM_lens_SF_000181,3,2.4710353374208447,1.928363741563178,0.45031959094646234,1.4545662670479156,1.8347476253121446,0.3810853462187973,2.162717186629814,0.5104425132538786,-0.7769682839684225,0.11294210200042194,0.06296841000335315,1.7936311555970306,0.026139558214261865,2.687467336654663,662.5578003371484,0.02389773974382096,4.069234848022461,1173.26872438984,0.015843173252071956,5.3998942375183105,1926.0800214922056,0.016282668830326186,5.988324165344238,1764.8128536548465,1.0636872172023812,1.1586263879218128,0.44325291071405537,-0.09493917071943167,1.4092468097326467,1.4429,5.774059583030755
test_phase7_run_PRISM_lens_SF_000183,3,2.2607753789939182,1.232424931710315,0.7834049883476283,3.690869405720403,0.6668758141993679,0.3006474423156443,1.7087523820484098,0.5611448506575044,-2.1040586405373034,0.15281035526778378,0.021178557041714608,7.215333649351037,0.023844372186287096,3.9536240100860596,767.1790997271892,0.026539751080584695,3.9365358352661133,838.1003387477249,0.01907460332431823,8.561856269836426,1782.409305313602,0.014652258917487877,5.796412467956543,1339.889725246001,0.6054307349365611,0.9152766949043173,0.5094326015394075,-0.3098459599677563,1.0664169709181608,0.6695,5.4647585624389965
test_phase7_run_PRISM_lens_SF_000184,9,5.333839145415162,0.48560923816991025,0.7968379238040961,2.7278872074781892,0.35008274886814567,0.19058622072239373,1.4721307275335431,0.36650497081277367,-1.8724953177512322,1.4844799431831608,0.2860386225534664,5.189788462590157,0.029218842932479193,0.3747004270553589,94.05082901846617,0.02973414850870924,0.3718186020851135,98.7825953635911,0.01635985800642011,0.7349136471748352,181.9347616797313,0.014243217628421678,0.4590983986854553,139.25105454819277,0.42608966185972375,0.7163826454784351,0.3727951509069472,-0.29029298361871136,2.635345527247077,0.3905,3.2324440626551265
test_phase7_run_PRISM_lens_SF_000188,1,0.0,2.61198025943764,0.80927775406896,2.956256692508769,1.10570220530539,0.4962617489189024,3.0191380918483035,0.5536782404171141,-0.9444344758429147,,,,0.030041317428047384,3.2520108222961426,1592.2741445994543,0.02403475895653696,3.1847925186157227,1680.9793838908372,0.011515636365917955,6.504127025604248,3212.239523090422,0.014634461868116264,4.6625895500183105,2608.6040386189707,0.5359757981041537,0.76197519560086,0.4771144379485742,-0.22599939749670606,2.0405456039839667,0.6101,1.1101
test_phase7_run_PRISM_lens_SF_000197,8,4.369767105197086,1.049459797779643,0.8896491705804072,3.725655042872292,0.10930955299990654,0.2802577402783367,1.5594993793279446,0.6194758142287975,-2.324243786569366,0.5898852854301296,0.47246176201119117,1.2485355067023542,0.024079073296898106,6.446163177490234,1130.4837495464205,0.02795964196672009,6.297816753387451,1399.8967167903902,0.020689376292429864,12.647196769714355,2491.094291246496,0.02049076031039795,7.964648246765137,1986.3804326569661,0.6119952615016676,0.8578146065866398,0.37991608365891216,-0.24581934508497227,0.49654491053417615,1.9252,2.4252000000000002
test_phase7_run_PRISM_lens_SF_000199,6,3.4028981710689497,1.3125398801828114,0.31626121571369875,3.3570864195222567,0.38399332830362104,0.2726485759718417,1.9082891787666385,0.4011514908662027,-2.1410492461613635,0.14308871015178298,0.06400186715724705,2.235695871188045,0.025928392159496744,0.8354579210281372,206.35969685192686,0.027095393339483975,0.7802329659461975,222.77463370142505,0.010936384045318359,1.5621402263641357,424.00651690363884,0.011165158603792172,1.0839725732803345,326.976162594161,0.49972802853733145,0.7818691261515986,0.41662588594247363,-0.2821410976142672,0.8048881845176006,1.5008,2.774859102416515
test_phase7_run_PRISM_lens_SF_000203,16,4.145283108396951,1.4690568473573218,0.6696625211297977,2.349141271385898,1.7629022353912605,0.36380595860002674,2.3222599817086804,0.49932267263476254,-1.2194046800340095,0.3319889848830011,0.16990889652619792,1.9539234947112518,0.034154492295710805,2.6390655040740967,394.19840130014927,0.02020249009372598,2.493846893310547,443.8408867012214,0.012083352940326976,3.2231996059417725,744.1486035156995,0.012342912303047385,3.3420190811157227,689.010294747306,0.6062771306736154,0.6898620311305399,0.4774960097012626,-0.08358490045692439,1.3035034520242401,0.9504,3.1188446711609865
test_phase7_run_PRISM_lens_SF_000204,4,6.3517502693012675,1.4075615048005528,0.4228013022750238,3.3964557670079447,0.17432435876317712,0.3362024396465404,1.8193418261342653,0.6328154642818433,-2.215767951341271,0.1503612763608808,0.10895428401097414,1.3800400574036729,0.024307604788106067,7.008905410766602,1615.7457796865783,0.028096033731534038,7.1404500007629395,1820.8647260015132,0.013571240004447782,16.007442474365234,3991.2295356635004,0.012235092492481921,9.943183898925781,2823.0215399267618,0.6058529041136222,0.9818341864018438,0.47609127269773927,-0.3759812822882214,0.8627393100984418,0.5933,4.919188565113473
test_phase7_run_PRISM_lens_SF_000206,15,3.9712099948041164,1.1449066360193307,0.6644683502066416,3.4977021597731444,0.708384549648464,0.27334084850362117,1.62206303089852,0.5557103819950245,-2.036231259348959,2.5218329118606926,0.7402559046694781,3.406704216681234,0.025693860400142238,2.7363831996917725,579.8023545868928,0.02045942490204265,2.9740781784057617,672.7643370841979,0.016366158688343894,6.185783386230469,1405.929704198148,0.018639832691888708,4.009450912475586,1014.4005578695796,0.6073237616959517,0.9617090800351258,0.44586629430190605,-0.35438531833917425,2.1982966875863,0.3,3.897508913980942
test_phase7_run_PRISM_lens_SF_000208,6,4.491360695124281,1.2653193703878305,0.5548013010525763,2.7696669275466945,0.7107422604316933,0.26386482375460846,1.503828750200765,0.5826347879061649,-1.6365441626185064,0.21658208248382735,0.09663248917600521,2.2412967349867956,0.025912446186747307,2.2773208618164062,771.8889253964153,0.02642965254961703,2.3079779148101807,879.1149475152197,0.017384443759904774,7.819770336151123,2709.806766381953,0.014351440747967459,3.20163893699646,1331.802450796822,0.5922124994373575,1.3634587822414526,0.4509853634047618,-0.7712462828040947,0.3,3.168045956744111,4.615759719518557
test_phase7_run_PRISM_lens_SF_000212,4,5.143931516287302,1.2922764558024773,0.6705317128992107,4.144674181768102,0.0838237070914662,0.42881088929554984,2.2232746135828676,0.7318463855823881,-2.5332569885674574,0.20244013884069642,0.10325774511520525,1.960532244964606,0.029888804504530922,33.867828369140625,5218.066772667458,0.03347184087822588,35.03618240356445,5973.38610991952,0.023545396483970252,51.71439743041992,8988.099193874747,0.02557309193438417,47.87546157836914,8960.594396186993,0.587067967713265,0.5903955612096863,0.44029057891812307,-0.0033275934964212116,0.31920689258187523,0.9496,2.035753489313182
test_phase7_run_PRISM_lens_SF_000218,3,4.7149546249338785,1.5843442751952457,0.6507865044565251,2.6323142192387747,1.339463379548046,0.3263685088766354,1.765599536480343,0.6039123137336643,-1.2766790354925885,0.12149729202846284,0.08397250936339126,1.4468698500205939,0.03044861044130797,6.892014503479004,2322.9433603435755,0.02491101467411667,7.261425018310547,2641.4933089779224,0.022948392351488076,15.564234733581543,5264.166540300474,0.018660629439394533,10.553882598876953,3359.0981080490164,0.4004601691682107,0.8882274994224681,0.26093293345758567,-0.48776733025425745,0.3519984307238271,0.3048,4.994606585590344
test_phase7_run_PRISM_lens_SF_000220,7,3.84949849442037,1.294790776762421,0.43943413927472474,3.443155451840834,0.2736337389187386,0.24242243302449196,1.4775311279254317,0.5333797203849983,-2.177109574642081,0.15619386923993886,0.08202135946246804,1.9043072470825266,0.0404276496160401,2.763146162033081,733.4265763140284,0.030127092060946662,2.666475772857666,753.9194165962981,0.016835740370657732,5.004548072814941,1413.319683660753,0.014882729258683478,3.2580435276031494,1045.122704305686,0.38452659888322016,0.712209411505925,0.35460588528507364,-0.3276828126227047,0.3,1.6444,2.3231045745800927
test_phase7_run_PRISM_lens_SF_000221,1,0.0,0.94194052747428,0.5701441709982589,2.057148689498387,0.8436283461345085,0.2973337713898779,1.755452740402668,0.4732585600856321,-1.009388182456735,,,,0.0631111707255586,1.067779302597046,261.05437441705726,0.019615303460989924,0.9911571145057678,280.42592438682914,0.012737844216857678,2.302460193634033,511.8120432398282,0.012819958634656329,1.214779019355774,385.3484143547248,0.4228065032833853,0.7309488147878402,0.34508854033260067,-0.3081423115044549,0.5930250028641496,0.7993,2.829456514068086
test_phase7_run_PRISM_lens_SF_000223,4,4.783501848725889,1.5653182454856271,0.7498529687919891,3.5539074195774605,0.8634510964813982,0.37994237617432597,2.0809005940424035,0.6287898181150058,-1.4444442849159531,0.19278621277858124,0.12036176582156893,1.601723034409269,0.0335086683585442,8.281792640686035,2506.9930081211496,0.03219768949676812,8.578429222106934,2670.802529432811,0.02171607799210178,18.169130325317383,4930.343107301742,0.01996353158291268,11.858847618103027,3601.897129798308,0.3934454561841733,0.7343100514097661,0.32472381584904203,-0.34086459522559276,1.3921248012983534,0.3371,1.161903983727409
test_phase7_run_PRISM_lens_SF_000224,11,5.75359147781389,1.0049247925402929,0.8393856385474611,3.4995605940052688,0.13516693612027836,0.22537901462262985,1.3042379017177528,0.5598526667475004,-2.2174005966013697,4.952156303505346,4.45396254141575,1.1118540529825018,0.04054441761031647,5.432051181793213,4389.144355160184,0.03828780916749857,5.927517890930176,4687.5307531049475,0.049460089652853964,13.143693923950195,8666.97930084169,0.03972102711330175,8.432917594909668,5819.85860928148,0.306331422872377,0.7387197367485452,0.2349207595316398,-0.4323883138761683,2.7675621312306755,0.3,3.877424520861111
test_phase7_run_PRISM_lens_SF_000226,4,2.8113426452863775,1.4611680498224175,0.7748509221953053,3.5089305332351115,0.8634628984464213,0.31145853934213535,1.7715757381656068,0.49177640613454465,-1.9818470957329084,0.10397573846251533,0.0570413649769469,1.8228129446856123,0.03779956009094874,3.865302562713623,830.7869981619297,0.02471469792437348,3.5186543464660645,865.9332647892879,0.014616932045428455,6.903456211090088,1667.3637122148648,0.013071871821485852,4.804937362670898,1235.7065732593182,0.43106416421658467,0.7563516356740525,0.38607733378803716,-0.32528747145746795,1.2807055941855034,0.3,4.464631537817805
test_phase7_run_PRISM_lens_SF_000228,3,3.8882166700202743,1.1681224035657716,0.37559554039761417,3.4220179818561873,0.35787682460363346,0.25213856969890874,1.463902880835512,0.5679615086168315,-2.1884274729399267,0.27324122155640373,0.18341574288381846,1.4897370163556989,0.037755165142548196,2.5358753204345703,529.431167838753,0.022513867221649157,2.601771831512451,599.4156978425599,0.010622290921251703,5.662874698638916,1241.768920598086,0.011489953910900838,3.9384765625,946.4993445104919,0.630777031784595,0.9255782029028283,0.49598051305337243,-0.29480117111823345,0.5831292612215861,0.4197,3.946719136289147
test_phase7_run_PRISM_lens_SF_000230,3,0.978275729326179,0.547567383810531,0.9015540938155687,3.1965896349944978,0.20623915215113608,0.22011420052612046,1.3272143971081665,0.5499325262453509,-2.11775728865963,4.5316239975884365,3.1234187284791153,1.4508538212534243,0.03559405680192479,2.925483465194702,1839.5686651353026,0.023354390811521162,2.655263900756836,1951.856073387462,0.020863006726167605,4.881343364715576,3478.204796202015,0.01892369339698285,3.048722743988037,2556.6240992555395,0.35737718769004695,0.69159786585427,0.29304771997661105,-0.3342206781642231,2.4775549703180944,0.8432,4.907679922189136
test_phase7_run_PRISM_lens_SF_000234,2,1.6912326755106935,1.741793784311565,0.7905661885474087,1.487514679381473,1.0976751423660598,0.39239323078956606,2.1846229954424303,0.44939809690589316,-0.7885827775126593,0.13204484610877254,0.08017545820746072,1.6469484435885036,0.02722184280237048,1.3127751350402832,787.1296606303367,0.02301030374760339,1.2677068710327148,913.8958252582233,0.013568898666834745,2.3726015090942383,1836.5547220874578,0.014540208436486554,1.5986968278884888,1416.971999839181,0.6382874765872243,0.9198939883545496,0.47616143746774475,-0.2816065117673251,1.37266157257868,0.8138,2.457550995584391
test_phase7_run_PRISM_lens_SF_000235,7,3.2178536009852956,2.3247250186577144,0.7512036045651883,1.8438300793240554,1.9885877828555143,0.3764784678923792,2.4845951863841904,0.4704010157394824,-0.8344964254615622,0.722541126636598,0.43715835357880983,1.6528132671410567,0.0405525087005016,1.6087744235992432,692.2500526158256,0.027442503348875068,1.657302975654602,776.4878127042903,0.018386302153307617,3.473156213760376,1578.7870493424125,0.016053960252107695,2.3597216606140137,1141.4698507073335,0.543003619159813,0.8951513945747622,0.41832450350864947,-0.35214777541494924,2.1487706604302286,0.3,5.35286167541136
test_phase7_run_PRISM_lens_SF_000238,11,4.830278732017464,1.6417688371040575,0.5959766891066913,3.0091853136904327,1.3013750508731867,0.5584002017857823,3.055435342318463,0.6737408323872106,-0.526067148278271,0.12516957740703571,0.11145354165209,1.1230650507075073,0.0285480550724159,31.24889373779297,2720.332902567083,0.025852970813987138,26.185630798339844,2915.9749978825967,0.014393633137310288,21.436660766601562,5026.435677035712,0.014646636226899303,7.754098415374756,3483.4571415728424,0.26847104307920205,0.6665951873082688,0.19306668914437303,-0.3981241442290668,0.6047557657968758,0.3408,2.388168221923162
test_phase7_run_PRISM_lens_SF_000239,11,3.5568089938355514,0.8928307997733471,0.6448389949292942,2.911840153298699,0.5843036521808063,0.4087294356152621,2.1910363976603064,0.6835998676831436,-1.2610716231532957,0.14567493845139892,0.12433591785177432,1.1716239439762184,0.03121168836853551,6.65995979309082,1263.978235807881,0.025365622208283038,5.611405372619629,1293.349754340561,0.013923198399763569,6.698371410369873,2096.069362468086,0.011105007737263145,4.21848201751709,1562.305698884651,0.2300660524521842,0.5491651352655601,0.20512508008439262,-0.31909908281337596,0.34505482132369103,1.3909,5.082813255400456
test_phase7_run_PRISM_lens_SF_000242,2,1.4925306246570762,1.067763235620142,0.6290139324051859,1.70720086357343,0.8300005062773654,0.3044980900348857,1.7035980150353618,0.49049718505435147,-0.9293244864048671,0.08538559570014818,0.05625102713536236,1.5179384279450836,0.03321148788315691,2.274533271789551,624.0298071777215,0.026427091809539713,2.150686740875244,713.1272156245541,0.030322619873135455,4.643048286437988,1468.1364093460143,0.014305167026119486,2.8239357471466064,1106.5662274458446,0.6219301920620253,0.9289026866117414,0.47702600068260154,-0.30697249454971615,0.6734298786264356,1.3386,4.10145302282296
test_phase7_run_PRISM_lens_SF_000243,2,2.484347665456906,1.4888604582821663,0.7310797910440557,2.515030617593945,0.5058775757666704,0.264578349398418,1.4559337951713558,0.5558506074434977,-1.4220560197530154,0.14852576259730485,0.06392657828596428,2.3233804558238833,0.030072622506614154,1.9492524862289429,1715.862369063143,0.0343807747205513,2.10618257522583,1950.0011362633522,0.011049195488124526,4.437089443206787,4164.3115425808355,0.0169782447719652,3.002573013305664,2999.535175849858,0.6064287739451615,0.9626519074301892,0.4675477372320348,-0.3562231334850279,1.3078606563765556,2.0425,5.1111860651648815
test_phase7_run_PRISM_lens_SF_000246,4,1.7275671500806724,1.0472904725466763,0.5663461442169142,3.336967279256008,0.46237175539842623,0.24579965099404516,1.5602269185839208,0.4854409343008255,-2.058336394018554,0.13088078803273778,0.08054141773909647,1.625012219883057,0.034194090895323354,1.5189555883407593,321.4036018925108,0.02184238928870528,1.4484691619873047,342.39555493649095,0.013201873988793276,2.75103759765625,628.2282638531178,0.015347158298565356,2.0015110969543457,470.3418793734163,0.4134072767070749,0.7276668295712372,0.34471383061769395,-0.31425955286416235,1.1002754829422299,2.7534,3.2534
test_phase7_run_PRISM_lens_SF_000249,2,1.4310731566088286,1.348854829657078,0.75598893139054,3.013314057794352,1.671031367614769,0.6549504509248658,3.4849505646380674,0.7039381335896837,-1.4898684647837774,0.13744883858408302,0.06478821975938226,2.1215097296168333,0.03238140814460888,1.9820443391799927,748.8625058720427,0.03026758943192467,2.5339369773864746,952.3130563211162,0.015031394018532138,10.010124206542969,2927.702317004092,0.01321613507740176,10.038422584533691,2702.4017417766154,1.393369563285387,1.4803120739917406,1.1324254338610422,-0.08694251070635378,1.5994079611085414,1.4982,3.990582884071577
test_phase7_run_PRISM_lens_SF_000250,15,5.8632040024982475,1.8860321804630125,0.7438175794860098,1.320129179228919,1.9629088930240222,0.4624348084199705,2.696681221626213,0.47966007210855,-0.7505753553819685,0.935632855091236,0.7790711402698852,1.2009594589360797,0.028304795490661852,1.5287286043167114,1300.4457048269805,0.023516852165920782,1.5234639644622803,1494.210363141021,0.013570698436075597,3.0981593132019043,3491.1858703913167,0.016559128593903356,2.0538840293884277,2752.490109793842,0.8140838563824631,1.072201866579701,0.6632850575003447,-0.25811801019723807,1.6655009336511601,0.6864,3.360229460510212
test_phase7_run_PRISM_lens_SF_000251,3,2.804291497133951,0.980071030271875,0.9062766125465884,3.341922025684501,0.24252893671536657,0.21649526918340936,1.3348110661729597,0.5129008013374444,-2.1350891186477403,0.13253775426863948,0.05925731614000222,2.2366479432768065,0.030189751833433934,1.581216812133789,309.4854910438007,0.021718911359083975,1.5933785438537598,348.3064696844667,0.011636210374907875,3.689180374145508,739.2840589771513,0.015132782113093296,2.237109422683716,540.6571237688768,0.6057040899116781,0.9454276199498318,0.47740097066664366,-0.3397235300381538,0.7074793321990871,1.1903,1.8477416126262294
test_phase7_run_PRISM_lens_SF_000254,12,5.66298969320569,1.6806586486174075,0.8334902455995646,2.4897761148009296,0.38192592490952076,0.25484189173719296,1.3938643084628748,0.6469035626250729,-1.4900191811802643,0.15650981311259896,0.14808578917942644,1.0568861062216148,0.029166342634714074,5.958743095397949,6176.824293158716,0.02582874499752841,7.336700916290283,7543.958190635312,0.024585749119712095,9.918421745300293,11344.895125373267,0.020585494020251234,9.321022033691406,10464.083631821908,0.5723398862125502,0.660088095048388,0.35525482290413,-0.08774820883583756,0.38845812836615823,2.0754,2.68787412927337
test_phase7_run_PRISM_lens_SF_000257,7,3.0316463420963156,1.1472267744640996,0.7679300911013969,1.9561687457678496,0.841681513745602,0.21874560555147896,1.3236763499103494,0.3929372989225768,-1.1911641551572716,0.12712781926711694,0.07482447161395873,1.6990139258584602,0.03028936068083116,1.0731983184814453,390.1109394399973,0.023484957766298026,1.1263065338134766,467.7183052817127,0.014440654646897054,2.6284313201904297,1130.1978730731644,0.01961124538724545,1.6328036785125732,948.0150409801572,0.9640677472338834,1.1549158918733173,0.7670771510104186,-0.19084814463943364,1.0144123261067304,1.7331,2.2331000000000003
test_phase7_run_PRISM_lens_SF_000258,9,5.291598773435379,1.3873127071103382,0.6012426881611531,3.805941378147364,0.463385619602284,0.3461209040696728,1.8615852936487507,0.6475760925139059,-2.330794576128646,0.1913690903276039,0.09051974215931809,2.114114399384692,0.02708826979459009,11.450713157653809,2422.155227520736,0.029552442331231814,11.21288776397705,2620.9420527420007,0.02064547480585618,21.18311309814453,4794.291736048646,0.02134476404336667,14.857813835144043,3672.029232805595,0.45176039452671846,0.7413062137597194,0.36612177710062055,-0.289545819233001,0.5919474796777192,1.6348,3.838176020136914
test_phase7_run_PRISM_lens_SF_000259,13,4.544576949308133,0.485350170365791,0.9751163113308229,2.8586323548785493,0.3931510122720252,0.20309129808861745,1.4548820025588607,0.4045802126313817,-1.9063572471433832,2.721417507956082,0.9281475719878646,2.9320957034100434,0.025599285946926155,0.5609862208366394,293.9932025484741,0.020993084012978322,0.5730836391448975,317.5986320209922,0.020185941632100857,1.0364364385604858,582.9175268150866,0.018945887861879795,0.6880868077278137,417.98780581192113,0.38206580723464956,0.7431745611696614,0.29821247226775877,-0.36110875393501174,2.187019822145744,0.7797,3.606188043413395
test_phase7_run_PRISM_lens_SF_000260,4,2.0151428188196308,2.6637000038575813,0.9290971026288234,1.6831105466602527,1.7716784183620935,0.4882682249553407,2.905395718198872,0.5234150220624912,-0.8752073518235306,0.13854162259760378,0.08907670919402531,1.5553069242357715,0.02766835569724327,4.191694736480713,1916.2978352465434,0.04168079569675423,3.9213950634002686,1973.4752780278213,0.016289033768598173,8.102473258972168,3765.3964076633565,0.015472922972228671,5.076626777648926,2787.838343029842,0.4070114448619918,0.733369237347296,0.37508974159426395,-0.32635779248530417,2.1076185168615695,0.7159,1.5067345448252392
test_phase7_run_PRISM_lens_SF_000261,2,2.7692003300564347,2.002947877499042,0.8234737381660551,2.680361916105078,1.6355770592842451,0.44050142474281256,2.473960614811224,0.5314774630622373,-1.1674232251407624,0.10507341815836739,0.0755344895512103,1.3910654428548235,0.027991598641911537,4.634690284729004,1244.977368377702,0.020878693895420925,4.606783390045166,1419.8154760688776,0.013352225082452724,9.6380615234375,2927.1249011224136,0.013374547081040147,5.574475288391113,2047.8181676742388,0.5403248371720597,0.9281994938209612,0.39764871480279895,-0.3878746566489016,1.8936216068809808,0.7237,3.6977567579317667
test_phase7_run_PRISM_lens_SF_000262,6,2.8335569557953777,0.6981207291014714,0.8653704512119993,2.036041521534698,1.4271432547120968,0.20175857614463721,1.3405002042283891,0.38362004739761524,-1.1823490551532598,0.6341499892989334,0.5150080719104291,1.2313399029777259,0.03576460142237311,0.5361566543579102,103.23136032622642,0.0213317936199495,1.3115763664245605,264.7979169113096,0.01243612839648857,1.2011419534683228,363.3590785707347,0.015688928336647874,1.174110770225525,327.24120264779776,1.2526408244999743,1.3663109132313658,0.22988353940193132,-0.11367008873139156,0.3,1.2089,2.2991977545018782
test_phase7_run_PRISM_lens_SF_000263,1,0.0,1.9999886564331821,0.9378632478653589,4.229492694860574,0.9835788563423141,0.4647921142228529,2.533711017703445,0.5779100414494039,-1.7621438451230884,,,,0.03541175909548116,11.90060806274414,2374.9569821883924,0.0249606750499135,11.908419609069824,2706.955399092287,0.019534495689089784,24.104007720947266,5439.097616810352,0.019495691496942316,15.889474868774414,4335.4559616735205,0.6534475788136933,0.8996777641432427,0.5113841973169905,-0.2462301853295493,1.605046497916173,0.4735,2.378521638673731
test_phase7_run_PRISM_lens_SF_000264,3,3.079251328996711,1.3504089351683226,0.939834753182181,2.14876240561379,0.7349636604932303,0.26161236071620664,2.0129063652433565,0.292326579549083,-1.008446804221535,0.2607646655947335,0.11420430686204841,2.283317264993524,0.030179831035351753,1.379124402999878,210.80164880907978,0.02453981037235286,6.148135662078857,541.9082482873782,0.014018079785952877,11.466439247131348,971.1338017550297,0.02003801374197419,11.819293975830078,1352.4455731743947,2.0181144831621296,1.6585126680315068,0.992985088304833,0.35960181513062267,1.1812641457395598,2.1761,5.215629497277487
test_phase7_run_PRISM_lens_SF_000265,1,0.0,2.243166427003744,0.8391914373292931,1.2308099625382576,1.290119704831672,0.45368495166927797,2.435184516109425,0.5094825455893391,-0.8748309035892397,,,,0.04004355263881265,3.476473808288574,2404.244250102027,0.02630019024189255,3.645801067352295,2746.7945811297686,0.013892782845264226,7.9221696853637695,5497.988882005215,0.015240035118610768,5.0422468185424805,4300.18841698952,0.6312722473985076,0.8980631780091076,0.4866532577224948,-0.2667909306106001,1.836590041370601,1.1695,4.925481724945783
test_phase7_run_PRISM_lens_SF_000266,6,5.992666086894389,0.9279838289151188,0.8839362913552451,1.9853996632986837,1.3287751471764724,0.42467956309673854,2.2037606256102302,0.7447595597844828,-1.2422729309428655,0.2458312811654861,0.18701631899836937,1.314491069453835,0.03964970571474445,8.313817977905273,1832.9062321765232,0.0213655964678052,8.189496994018555,1989.437752128928,0.013752972293918359,16.537540435791016,4079.331840925035,0.015949278437225496,11.499451637268066,3037.3251304402947,0.5483775889088849,0.86862196841029,0.4594023211939694,-0.32024437950140505,0.3087526194343046,0.9286,1.62730714993949
test_phase7_run_PRISM_lens_SF_000267,2,3.075620176523169,2.226787457257743,0.8334176184499853,3.0423191184903997,0.7861305462780578,0.43896304942057546,2.368962476376263,0.514353576623387,-1.1886290278561464,0.12319358443806559,0.03106392993409911,3.965808083504433,0.03805930674852373,12.365584373474121,4871.368847365644,0.03293904599169814,12.069601058959961,5329.743529536878,0.029909783757256603,22.2381591796875,10651.166264709085,0.025692180395511615,14.877385139465332,7819.892347253859,0.5138743997771001,0.8493653740268112,0.41623615839304323,-0.33549097424971097,1.8350864352797454,1.6618,5.594555561194804
test_phase7_run_PRISM_lens_SF_000271,2,1.669655099948138,2.3003276330998808,0.6705097075021713,4.51180242917398,0.8576385193202258,0.44458422378557616,2.5395454373866366,0.5708105871071306,-2.5566849355048595,0.1386480590144681,0.03323787924696608,4.171387048622357,0.04259050739285774,16.197368621826172,4024.6664668796584,0.030228525017178456,16.2740478515625,4570.441608805209,0.043783596051571165,32.206180572509766,9042.501524042338,0.03700972043642203,24.0048885345459,7280.878540914506,0.6436347275099359,0.8788967384785923,0.5055640535067834,-0.23526201096865637,2.09665815602864,0.6671,5.128705764637618
test_phase7_run_PRISM_lens_SF_000273,2,2.4557187084618652,1.8964754347509358,0.4939963820540946,1.982058535192647,1.8007423887780187,0.3623232474980571,1.9606040285424697,0.610303814537239,-1.0100601731361993,0.09112994703494924,0.05798959562340583,1.5714878859780712,0.027830016057470024,6.700863838195801,2721.290971968454,0.02808283530168237,6.395571708679199,2986.7352742530347,0.015099461931003425,13.011581420898438,5230.8429921725765,0.014187827624607262,9.194476127624512,4715.643291268381,0.5969149128795432,0.7094917591650094,0.4958605372231873,-0.11257684628546633,0.3028872807573925,1.327,3.2326886916573443
test_phase7_run_PRISM_lens_SF_000279,3,2.8775565159266683,1.8880333184657445,0.3935547205857149,3.478373586889723,0.09968124259540896,0.25493227736735924,1.4181166083585803,0.5928136827209701,-2.2640129809506093,0.12996782243642918,0.0633046065082844,2.053054739696089,0.047730587392510467,12.163627624511719,4360.998414631002,0.03201893030510613,12.437874794006348,4974.211993610486,0.027947009859619364,24.14253044128418,9774.831679165363,0.03212479320663345,18.777528762817383,7899.791189678013,0.6450742080258725,0.8763083971673812,0.5022283042045466,-0.23123418914150878,0.7820032744345503,0.3,4.779864865522104
test_phase7_run_PRISM_lens_SF_000281,7,3.4825529852705426,1.4510421026119045,0.8172225064187875,1.9088137994605159,1.0991742788146364,0.27379372052875794,1.5350239083171227,0.4836655999938816,-1.108273125541823,0.1610923123137965,0.11697079590103364,1.3772011301871716,0.027248938407776233,2.0902984142303467,879.2151593754861,0.0245526008024143,2.2347986698150635,1008.4616346268886,0.013795186619037855,4.730625629425049,2002.6604758976027,0.013098688371458823,3.163874626159668,1550.0763945681392,0.6156448376908884,0.8937803979909025,0.4667343045976715,-0.278135560300014,0.8203229419272334,0.7391,3.626737089944534
test_phase7_run_PRISM_lens_SF_000283,3,2.9892408394272723,0.9852084114940806,0.534404005724053,3.1849530733127085,1.014788232501533,0.2937860491851466,1.7539680515679597,0.5025032760496885,-1.7353480854924737,0.13066813251004575,0.10266059250586955,1.2728168552365884,0.0365552709497472,1.7663460969924927,301.50234147766605,0.05669013377342783,1.7392469644546509,338.9704575704527,0.012878486747080682,3.681330919265747,632.5667548761703,0.01337898936417326,2.6098556518554688,516.2133920239285,0.5838464448405387,0.8045391855020312,0.45666854390497924,-0.22069274066149241,0.3629209414755547,0.8311,2.108453711894888
test_phase7_run_PRISM_lens_SF_000286,12,3.3424828108892974,1.40871997382887,0.8359558548129791,3.732510519811299,0.805827674698096,0.29575799079847026,1.903894590799091,0.5121213884696884,-2.136017225566479,0.65415343991148,0.17423580550332318,3.7544145304795196,0.030168047694786405,2.2962822914123535,555.6705898473447,0.028458779986524428,2.436420202255249,621.6065257156151,0.01606044734764377,5.411003112792969,1342.790076748468,0.014549097559797927,3.4373364448547363,976.816658763215,0.6124891154104095,0.957976779471049,0.4907437310334277,-0.3454876640606396,2.1798414375273585,0.5338,5.810443042952738
test_phase7_run_PRISM_lens_SF_000287,7,5.207622086296705,1.051373841085355,0.8486902704411438,2.4533530020295835,1.2782714908892696,0.30629848069226323,1.6664951964338421,0.6239898245358223,-1.2983760956514023,0.290555733218857,0.23293743454647198,1.2473552556486578,0.03210494126210141,4.144331932067871,1012.4442901071161,0.024024660461156186,4.014507293701172,1096.4494517846615,0.013866538025195432,8.234888076782227,2039.505490064621,0.015170232754146175,5.177718639373779,1499.0283401827328,0.42609677035027654,0.7603843582179687,0.3395530720481305,-0.3342875878676922,0.3121422245784292,0.9931,1.4931
test_phase7_run_PRISM_lens_SF_000289,6,4.706891803189819,0.5059455927941274,0.8330431860866996,2.7860050780961676,0.8571014754473903,0.22339450553451207,1.8160507154451795,0.37073496423811575,-1.809954633069721,1.8682542057919784,0.904723140643541,2.065001017286974,0.029237929118627964,3.825507879257202,844.9828519331058,0.02964486419843357,3.7442831993103027,894.4730973437472,0.01564930340416486,4.766873359680176,1166.8946120918263,0.014324763143329035,5.565415859222412,1500.9517198868562,0.6237970683306493,0.3504593477554921,0.5619985994566055,0.27333772057515715,1.6411907254995388,0.5091,3.396955152197138
test_phase7_run_PRISM_lens_SF_000295,1,0.0,0.9180747661625506,0.6983065602912667,3.2103463584131804,0.6863297331434514,0.2542243759121861,1.4877272186509607,0.5102947235744981,-1.6876572314072569,,,,0.022973862393894273,1.690674066543579,235.78173138972488,0.028482098458293113,1.7333825826644897,274.9318465908873,0.009864433319660118,3.81443190574646,655.414653966669,0.012282795673639288,2.400174617767334,426.18658911495004,0.6427240677370422,1.1100149869160645,0.47593682634392964,-0.46729091917902227,0.6724835565926476,1.1547,2.9630546086606797
test_phase7_run_PRISM_lens_SF_000296,5,4.574294172047609,1.340292807350289,0.7186287525820223,4.031744724252571,0.13858502204006126,0.34859366906532024,1.8654455539418577,0.6495860576398061,-2.43664779225608,0.11178019747013163,0.06824583943321672,1.6379049389452716,0.028975016030607988,10.663064002990723,1904.4141599945724,0.02443621895898579,10.926382064819336,2134.924073525588,0.019594888341913395,23.723390579223633,4459.6694390908815,0.015979175760739962,15.389628410339355,3418.7165170093067,0.6352542206498122,0.9238531676396537,0.5112016395704879,-0.2885989469898416,1.348007514557722,0.3518,1.7014102375534654
test_phase7_run_PRISM_lens_SF_000297,1,0.0,2.4083690595364553,0.9011056491252142,3.445567087613697,0.6559384403841972,0.4805941283592774,2.8929693371555008,0.48947557132081837,-1.1033920426311992,,,,0.03783512959109917,4.093636512756348,1775.6824368166417,0.033728552545741655,4.268525123596191,1964.2616464393213,0.020319525563626765,9.2849702835083,3941.137553216424,0.018464742335237348,6.235793113708496,2956.655866075307,0.5535886987985572,0.8656407342682564,0.44400360454478305,-0.31205203546969923,2.406917461137478,1.2092,2.9357485057753636
test_phase7_run_PRISM_lens_SF_000298,4,6.0504982716621205,1.380623322510345,0.4504068307456193,4.063894947795597,0.2999902635065878,0.41381161219098,2.2138510566168006,0.7006331773121329,-2.478455131048146,0.16631497142750154,0.07563441774520423,2.198932395933558,0.03757538577371375,14.467645645141602,2278.2667361088097,0.02271776494830178,14.516719818115234,2574.3316727008205,0.019148938969577325,30.900617599487305,5217.763508498669,0.017418817827320136,21.06696891784668,4059.4645037371665,0.62716044744321,0.8996995545946068,0.49451062071847607,-0.2725391071513968,0.3925039732758655,1.6013,2.8245998377825536
test_phase7_run_PRISM_lens_SF_000300,5,3.9012089182156653,1.4273448868747698,0.7434052113444227,2.9594012678295947,1.2327188411045875,0.3305106945590997,1.7875289571021962,0.6043586272421949,-1.4969597576922027,0.12904082785393672,0.08111888849648007,1.5907617849021205,0.033204275039559035,8.288597106933594,1951.3256119333237,0.03859192255927814,8.412070274353027,2699.0526283606887,0.020030276978263758,16.58698081970215,4283.320270443335,0.016685883671898296,10.048691749572754,3610.673846033169,0.6681462882111765,0.853627008999187,0.3159422682239623,-0.1854807207880105,1.7542580378574366,2.0991,3.8632181412493773
test_phase7_run_PRISM_lens_SF_000301,1,0.0,1.5799898894614368,0.44698279011758346,3.1127557312502234,0.3133586521748823,0.3108980641829812,1.7195886766279826,0.6107622404709308,-1.9793587372525006,,,,0.03088387190519716,5.686540603637695,1777.2028037717537,0.021057720927220077,5.595449924468994,1998.215449110935,0.015101366297297348,12.448224067687988,4312.942136839032,0.014495412222818374,8.478137016296387,3094.914417258464,0.6022791359518733,0.9625916047266291,0.47501582932680114,-0.36031246877475565,0.7696352585318832,0.3,3.4425996986398597
test_phase7_run_PRISM_lens_SF_000302,2,0.8230791526118484,0.8416392884119889,0.7535382674113263,2.0095673743999547,1.1105402855811348,0.2269035894506089,1.744383128018969,0.2949568491558915,-1.0713947852539716,0.16305538564529773,0.1153563169161828,1.413493339630224,0.03040413358652462,0.2624414563179016,82.80035289947409,0.025083496226017455,0.2587173283100128,87.88661806943128,0.014083636032133976,0.4943429231643677,155.83550591906533,0.0123482883518971,0.3156696557998657,115.13680775044486,0.35795499097263433,0.6865855687169496,0.293228578215483,-0.32863057774431526,0.38145232841349697,0.3,4.569566363385247
test_phase7_run_PRISM_lens_SF_000304,5,4.707990356239265,1.5655717222220038,0.7311182370353264,3.650493936872315,0.2851613058150119,0.30056344595327644,1.6453388423537931,0.5974153604548048,-2.282998604116375,0.09926912945541788,0.05680747404839495,1.7474660001754232,0.028431541089063223,9.364038467407227,2626.2586302370764,0.031158807149650237,9.191898345947266,2837.2388529023156,0.02502821298998546,17.822208404541016,5323.168329093605,0.020964474264194104,11.804505348205566,4029.6697899829596,0.46482991727257905,0.7670817676821579,0.3809339026675517,-0.3022518504095788,1.2772465223783822,0.3,1.8282786600721241
test_phase7_run_PRISM_lens_SF_000305,5,5.840480704249492,0.6266357059317631,0.5954546880338352,3.596165155242446,0.25229133753673233,0.27956759283750604,1.571542800604665,0.6189645533635446,-2.2641609951597466,0.4314064828256628,0.39769369416483485,1.0847707397815938,0.03503418544276553,19.376649856567383,1440.632432776154,0.02740642418948349,17.124765396118164,1531.92817205959,0.018491909994591944,26.743818283081055,2624.881698959507,0.01698474758929303,25.39911651611328,2380.1522553102113,0.5451288786068532,0.6513913678913462,0.47841584080504435,-0.10626248928449297,3.4518788581689264,0.5713,4.008512000240705
test_phase7_run_PRISM_lens_SF_000307,4,3.9791818290037555,1.4989335402848807,0.7710390254860744,2.670789798142334,0.81505340753563,0.36448069370794584,1.8840269184426865,0.6292662791880946,-1.2816057670016672,0.11091278949676045,0.08670149295253717,1.2792489001022995,0.025394650958205905,17.12379264831543,4779.785149985473,0.029819901210985218,16.513086318969727,5249.2376737325685,0.017797125364366596,34.3603401184082,10613.70927455742,0.017266210045727638,20.534263610839844,7707.717950422317,0.5187935961055768,0.8661470296085488,0.41707394245347107,-0.34735343350297204,0.9781871374239893,0.482,3.452582571350246
test_phase7_run_PRISM_lens_SF_000309,3,3.3973423505025506,0.7484461955805667,0.9409207796380604,3.177568801057346,0.25818130467616074,0.21337923043255883,1.3786908383791376,0.49287416946979407,-2.074018470022426,0.4861274784091954,0.39264911142020936,1.2380710009781388,0.0327626596844483,2.648601531982422,350.81959743496554,0.02594017123235835,4.6740546226501465,549.0887199770659,0.012675861163947524,6.468647480010986,839.4791634781577,0.012776495702695036,7.154079914093018,881.4997993560974,1.0003459297847586,0.9473151880354769,0.5139492394178181,0.053030741749281546,0.332320625969598,1.0886,4.182648540301586
test_phase7_run_PRISM_lens_SF_000311,3,6.395636619345813,1.1376095768579275,0.22892556745068818,1.6765225816138445,2.0,0.2429859170493835,1.498296179845781,0.504652988323013,-0.9603014662489919,6.659188268101984,2.9459278300035083,2.260472303591379,0.038203441124122585,3.9433717727661133,1307.208477462642,0.03346316792992398,6.957638263702393,1662.4690778981894,0.02556734235764644,8.420190811157227,2637.5366958435625,0.023710822508873988,10.580081939697266,2085.4141898208763,0.5071186715594418,0.7621341374609997,0.2460968704148525,-0.25501546590155794,4.9066297689536995,1.6425,5.328422687251892
test_phase7_run_PRISM_lens_SF_000312,1,0.0,1.0939115388186456,0.8308274916010108,3.73534885300906,0.4971993272906255,0.330065147355534,1.807761180508936,0.5562581844666752,-2.293052941609569,,,,0.02029108765399502,8.009944915771484,1235.0723382456345,0.039849173756694924,7.60054349899292,1327.2901623561047,0.016229323300086723,14.468415260314941,2534.260449721478,0.054112370911067256,9.516379356384277,1858.000606693793,0.4433836411973031,0.7803971273570427,0.3651999399438306,-0.3370134861597396,0.9935806095899239,0.9259,1.8583822974891913
test_phase7_run_PRISM_lens_SF_000313,8,4.508354661236149,1.3374747089169294,0.802840645260854,3.9119635538004793,0.3918630058535915,0.3755091252125554,1.9680959593587093,0.6957716900224385,-2.389598011945741,0.17750157134474723,0.08524953745735539,2.0821411662619207,0.033079344978903254,20.451183319091797,3779.0259670345113,0.030834875671984324,20.345691680908203,4109.696319612907,0.02650720384106245,42.222171783447266,8633.526529695839,0.0206939847159527,27.889198303222656,6322.594360006973,0.5587886086667421,0.8970208793916199,0.4677139703026307,-0.3382322707248777,0.5421817917517715,0.6202,3.8707511887337196
test_phase7_run_PRISM_lens_SF_000316,3,3.04445293556531,0.4710937744873245,0.7871546728459803,3.2427779900544715,0.2560722988862303,0.21027806123876724,1.3034629835989133,0.5196735476946756,-2.067744334496932,4.783520758056168,3.54984618034288,1.3475290238052309,0.03569558911609593,1.224622130393982,724.9074939993443,0.03278206537304303,1.1785213947296143,773.875295411679,0.013972515504435958,2.179128646850586,1432.4869966618717,0.01445708421223448,1.5007976293563843,1059.2592478208244,0.41179918706258434,0.7395202472821292,0.3408282036898602,-0.3277210602195447,3.0302078674385324,1.1805,5.547633057942218
test_phase7_run_PRISM_lens_SF_000317,5,3.4427694973809473,1.5329633918742187,0.6615635626017782,1.6643169308348469,1.9407475338104785,0.2653882173165714,1.5540942095267873,0.4835836958175123,-0.9290767592613626,0.16566168070184642,0.08416296217963741,1.9683442266237987,0.038244063911419136,3.6047284603118896,985.4204543802771,0.028685578060785023,2.950617790222168,1052.3989811340289,0.015303332901356752,3.647587299346924,1685.776559448801,0.014497854288809819,3.2931435108184814,1569.4694041288458,0.5053282027996437,0.5829460950893017,0.433931087122167,-0.07761789228965814,0.6289149068588964,2.5707,4.27765593466529
test_phase7_run_PRISM_lens_SF_000326,6,4.46194597307221,1.2005121663212357,0.4958835714747571,3.966504869511993,0.2990786675081693,0.38203799748159584,2.0651009989427314,0.6516407309075192,-2.401935329803035,0.08668330578681577,0.06453259255173516,1.3432484634384183,0.03757154499824971,7.915981769561768,1285.7175784374122,0.026815244401096266,7.572142124176025,1380.268325538491,0.014080287124832051,15.04338264465332,2598.9307396262884,0.01522252737183709,9.781450271606445,1991.1634743334725,0.47490333843089755,0.7641228106034972,0.3978584878456198,-0.2892194721725998,1.2894796248578346,0.3,1.0365059167608588
test_phase7_run_PRISM_lens_SF_000327,12,4.98124556294218,1.4312592834009719,0.7141984581907778,3.5163744155288503,0.3877820703706436,0.2806297846921178,1.5396039515536453,0.6132093291515259,-2.2094263228901054,0.2818459456071504,0.21846639585253388,1.2901112068393261,0.03470475097964738,8.077192306518555,2054.767020911153,0.027963569701702117,7.890503406524658,2220.650789730251,0.018208411780778533,15.560770988464355,4252.342217560392,0.017082448688113167,9.640039443969727,3192.849511207314,0.4785396568131449,0.7896640537372388,0.3942454520232966,-0.31112439692409377,0.758778018739721,2.034,4.921727727104231
test_phase7_run_PRISM_lens_SF_000328,3,3.914577398691229,1.6617411189655353,0.8366300214891312,4.052522450465893,0.6286485173359188,0.3401399060618951,1.9572209998987102,0.552405304644303,-2.2741908509802458,0.11628058281123474,0.058230180920809387,1.9969126142570546,0.03087896150453891,6.334519863128662,1470.327364192577,0.02922444862949467,6.152318954467773,1523.6625766647048,0.023596598223161163,12.164958000183105,2928.7741218786687,0.01852520815239092,8.068333625793457,2206.9343210346997,0.4409384217267626,0.7481795965026767,0.4022515196185464,-0.30724117477591417,2.311724364356135,0.8835,1.3835
test_phase7_run_PRISM_lens_SF_000329,2,1.3155523691071866,1.2698873111109343,0.4887875510566715,3.8446520125764456,0.1974453227355504,0.3395117018357854,1.8546918615850714,0.6379782833053935,-2.3700915126485995,0.09661127862742988,0.04279865277772516,2.2573439198934753,0.027322171860391785,7.07402229309082,1229.5173695752164,0.020463129231724574,7.3270087242126465,1422.463989278247,0.017235735853606857,15.622536659240723,2981.892832707148,0.01779859421578778,10.033188819885254,2196.5492372119334,0.6300156856721889,0.9618934066867206,0.4717491550192612,-0.3318777210145319,0.7531308201908999,0.898,4.493575405272839
test_phase7_run_PRISM_lens_SF_000336,4,3.8200131760791116,1.0901507955204366,0.738991013180967,2.6625309660822074,1.0370487775818462,0.28765834573887317,1.5307065301547655,0.6590393339172633,-1.528999228366896,0.4121256002783108,0.361543226725027,1.1399068487922592,0.04200689383234472,10.723588943481445,2951.1976927409414,0.025647436612816724,10.386390686035156,3136.3110676724464,0.01901738665324843,21.50060272216797,5317.567731735297,0.028298893403400704,13.469160079956055,3983.788533512503,0.3257449364113858,0.6392868192159264,0.2596928665494781,-0.3135418828045409,0.4023629046081339,0.7443,2.1180603484678593
test_phase7_run_PRISM_lens_SF_000339,21,6.9242598694679005,2.6918383549909217,0.9019343742084318,2.4068064711734936,1.2275106867712127,0.4289527121426046,2.6471208776465045,0.4774382944284923,-1.021114335828541,0.5399586380568787,0.41678497633839184,1.2955328735709537,0.04245615076698384,3.519766092300415,10022.379886769937,0.05289732424337248,3.612971782684326,10525.944805659354,0.04617246585636606,5.093194961547852,9010.181880591437,0.04703396896964374,6.636998653411865,8766.886750116013,-0.14531365934669502,-0.11559325590921155,-0.19853922997035642,-0.02972040343748366,2.0658166221770675,1.3269,2.975752429290965
test_phase7_run_PRISM_lens_SF_000344,12,3.5696728864636986,0.1273186420313051,0.618984190915804,2.3667570008998537,2.0,0.0,0.0,0.1752245274534963,-1.2209572031858391,2.3470392501193342,1.8629138714662574,1.2598753415647888,0.03192741475862417,4.218074798583984,1608.3712981124027,0.020276996887506404,3.453378677368164,1741.437338077012,0.014305349639681608,4.22305965423584,2685.4240909949876,0.012703738779734715,2.6498961448669434,1574.209989010349,-0.023309126333253233,0.5565664157090776,-0.1096129701622854,-0.5798755420423309,0.4629280399225801,0.6738,3.5474274190038324
test_phase7_run_PRISM_lens_SF_000347,1,0.0,0.8588216064744312,0.8537194093616206,2.796108586514609,1.1010663785745525,0.5972412672237973,3.0797477208655066,0.7598634781947458,-1.447671821474104,,,,0.024377109547932804,30.688251495361328,1896.7248832810146,0.024865111155932373,26.228744506835938,1962.403470579593,0.01171458785821195,33.510948181152344,3532.917367153219,0.011455697522007254,15.86180305480957,2701.6566450558603,0.38406452925362355,0.6753228447049697,0.347104625545145,-0.2912583154513463,0.723233015591077,0.6933,4.6736055747301375
test_phase7_run_PRISM_lens_SF_000348,6,3.330357211760839,0.08696143947978838,0.49595746206368685,2.5820044749247852,2.0000000000000004,0.0,0.0,0.10885242095553314,-0.593457821131501,2.873700643136862,2.5561470524040124,1.1242313467193508,0.03131388805712939,0.7304979562759399,352.06806017621966,0.03331038733204987,0.7441569566726685,458.64315411949065,0.018067577172930862,1.6358990669250488,1229.720801136922,0.01560351679486061,0.8614477515220642,674.2631799990777,0.705507042680899,1.3579497298262841,0.4183863225675253,-0.652442687145385,2.091663122559315,1.0538,3.194611566341483
test_phase7_run_PRISM_lens_SF_000349,4,3.158375075773039,0.6140132952468048,0.70697405664768,3.0322765575463206,0.5855858840592857,0.21919757232039916,1.394291715391999,0.4928965261393554,-1.9003265057397285,0.6536448289776099,0.40317916354420835,1.6212267103082527,0.022589555737844946,5.466821193695068,435.27107078558765,0.0192355917210502,5.45900297164917,488.33604032575386,0.01667710877505462,7.839287281036377,710.3486630262341,0.013463251839506411,9.141454696655273,826.5035221148282,0.6962122620822819,0.5317794089683374,0.5713148281013635,0.16443285311394457,0.4242771234003066,1.6549,2.185173349044359
test_phase7_run_PRISM_lens_SF_000350,7,2.727310795668831,2.13905774260967,0.6634765859354713,2.583307442974236,1.5194019266641519,0.3066265283276515,2.6072536833819444,0.2915511965990877,-0.8200994174979871,0.255835293603207,0.09423804206263121,2.7147772598371387,0.03160031485528917,0.44679513573646545,217.3492470055935,0.02758117025756257,0.40417835116386414,232.4899464531336,0.012829417915610106,0.770583987236023,477.24405358731747,0.013306239866664068,0.4693123698234558,341.8552805914078,0.4917103820863865,0.8539559647343251,0.4185952882736681,-0.3622455826479387,1.6602479822843503,0.3398,1.4731430799573726
test_phase7_run_PRISM_lens_SF_000351,3,1.6838576886953718,1.0308706198965294,0.3817474637564166,3.4360374057512137,0.15129402266715916,0.3404742352024517,1.8081567678044579,0.6846676553521204,-2.2294091607785687,0.13619129233195956,0.07965651221189059,1.7097320551731343,0.02398855710240444,8.618643760681152,1618.464658883866,0.024416125445653348,8.85869312286377,1804.8441813131794,0.014315377625997898,19.0056209564209,3525.004793768516,0.012460221932086648,13.132286071777344,2675.4955638225656,0.545752536789385,0.8451412285938258,0.4274113039027358,-0.2993886918044408,0.624070782227381,0.7837,3.6467308468467876
test_phase7_run_PRISM_lens_SF_000354,3,1.2888804208146651,1.0244856672481797,0.8286552427757148,2.2905832406297404,0.5359546099813576,0.14567747238368625,0.9747421766143137,0.4336032610945008,-1.5359539465927496,0.0952010548513401,0.07564678582225484,1.258494380382947,0.034089116475770495,0.5521383881568909,390.2410923728021,0.02768246098656102,0.5532313585281372,436.68784587830305,0.024245691223250956,1.090939998626709,844.2862110394053,0.011015443819882374,0.7876133918762207,650.9601816367358,0.5555535637719465,0.8378917443347762,0.43345829896777976,-0.28233818056282955,0.4558620207379586,0.7071,2.808270972078803
test_phase7_run_PRISM_lens_SF_000355,4,4.046689931077804,2.048747840693265,0.84602205933485,2.1336325463461963,1.2276374962832597,0.23138930021546592,1.515464502939544,0.30142839063550364,-1.3258154793570998,0.13571594471020124,0.07261887538758571,1.8688797366504253,0.024147754983366645,1.1262989044189453,532.9080920841552,0.022013313597603165,1.1265170574188232,603.0801572814671,0.012593165097334115,2.2107062339782715,1309.7706764678005,0.013242075257301571,1.370861291885376,954.7813718817197,0.6331290555739975,0.9763573703450902,0.4988222443935576,-0.34322831477109284,1.4806640401872992,0.6904,5.341679325381333
test_phase7_run_PRISM_lens_SF_000356,6,4.985803853166362,0.30574682540531817,0.6212162138741872,2.807949914766739,0.3188280404351061,0.18212674330717232,1.3826448626205352,0.42148085014221204,-1.9176404720949205,0.7943149894873921,0.2642945542701671,3.0054156495234765,0.029837567478585677,0.43626853823661804,96.55926457187161,0.019477904923422416,0.36182302236557007,93.81151533155935,0.013324148965228608,0.7485347986221313,181.2501149480231,0.012859499614044551,0.4574633836746216,137.7374741609674,0.3856454130831982,0.6837108532575865,0.4169899086251485,-0.2980654401743884,2.992474106016242,1.6844,3.2792213792255236
test_phase7_run_PRISM_lens_SF_000362,9,6.276503281978776,0.8417338779315402,0.8016138202483641,3.831605632912993,0.15190233817339557,0.320545175952963,1.732732506766128,0.6564876217176663,-2.3583257535635003,4.345969307840279,0.9323628297711971,4.661242564664214,0.035569373855466116,7.659231185913086,1079.0590214140248,0.02279446376036183,7.526246547698975,1161.5020103543466,0.018526477836620626,14.94909954071045,2161.904284831602,0.01939218201832907,9.191851615905762,1601.3800605507568,0.4286230415907786,0.7544781557475401,0.34868612699952206,-0.3258551141567616,2.8544861738954492,0.8932,5.568906356002335
test_phase7_run_PRISM_lens_SF_000363,4,2.620169944512648,1.043064252850733,0.9124283852636287,2.853733146134845,0.7092052200602871,0.3391795763614601,1.8374306497679174,0.5729566215312041,-1.4813519408878955,0.11675321468337087,0.07822393103067413,1.4925511048222335,0.0368040951928175,3.2507121562957764,704.4868985527137,0.025377671517044835,3.362051248550415,760.801590571049,0.011922371209825854,7.201877117156982,1563.5748126106337,0.01385093423331765,4.447856903076172,1128.1155734327622,0.5112016843542719,0.8656143623776058,0.42770545683642913,-0.354412678023334,0.7798593667668308,1.18,3.590970842343289
test_phase7_run_PRISM_lens_SF_000364,6,3.6230293876381316,0.08919074577233761,0.7153719099523147,1.9145681170673512,2.0,0.0,0.0,0.06252895783703526,-0.33755999102788986,3.4530148710041106,0.8496498667712249,4.0640445035623864,0.033857128145727874,1.121995449066162,430.7542897666426,0.027377278462294256,4.754940032958984,799.4823202476837,0.015197833137882632,8.284785270690918,1517.5255620861426,0.020190840779040375,8.750380516052246,1417.0844361726195,1.292915292612029,1.367266010386328,0.621467160021918,-0.07435071777429857,0.3219537171937675,1.8117,4.47024784338576
test_phase7_run_PRISM_lens_SF_000365,2,2.341735604022825,1.4595273776637268,0.6385196934188688,2.411481934593503,0.8011549365796761,0.31676467015657883,1.7415570981327608,0.511216151408744,-1.1559080375968593,0.11219004623558865,0.06491746251496408,1.7281951864604659,0.044389606590780825,4.0777130126953125,1276.5166583356913,0.05611353669085398,4.020827770233154,1562.8560528230155,0.01601380263005423,7.757989406585693,3079.3978389743716,0.01466349131436903,5.525007247924805,2157.700521261024,0.5699116995930411,0.9560982850338033,0.3501804685204071,-0.38618658544076234,1.3139262635514546,2.5426,3.0426
test_phase7_run_PRISM_lens_SF_000368,7,3.620287621546562,1.459933623790148,0.6687095739980536,2.9905982690312016,0.390925409326935,0.17902329886818014,1.2003760899768086,0.5253147835565247,-2.01819457433552,0.577516571518835,0.25792770243481067,2.2390637611514337,0.03752607209712392,0.6524891257286072,364.1916189553158,0.0274428946206311,0.9274781346321106,552.8737450296176,0.013953642618955346,3.233567476272583,1719.333239307627,0.015138661037272134,3.648540496826172,1863.6266548368149,1.7725724153012503,1.685075280152882,1.3193323670481387,0.08749713514836818,2.505590123880309,0.7156,3.689109462525919
test_phase7_run_PRISM_lens_SF_000369,5,4.1930651714415665,1.0374298133715747,0.3934899842807388,3.59482586639189,0.21439528596269475,0.29220715777060846,1.772088672557496,0.5287430105873008,-2.226989631604389,0.22110477601021536,0.1397419752144305,1.582235943573402,0.025805127076942866,1.8578922748565674,363.2880904278718,0.025496707664367787,1.7800203561782837,392.08884225701286,0.015830980443512586,3.6037423610687256,744.6264309724793,0.0144248550982567,2.3016042709350586,541.3168265139684,0.4330009158680643,0.7792182174102558,0.3501676085222419,-0.34621730154219155,1.1473568730270165,0.3,2.1409987334842797
test_phase7_run_PRISM_lens_SF_000371,1,0.0,0.8175782532571294,0.8106723732425644,2.8445032015858347,1.3056997044977086,0.25731245058647984,1.6299304894543556,0.4795825053001195,-1.6319628127510573,,,,0.024070582084612397,1.1266343593597412,141.47204147884622,0.02096198508975856,1.0723358392715454,150.56763553476776,0.011614510145951216,2.241307497024536,285.3810883369297,0.01211035507691096,1.306652307510376,205.8441330974456,0.4071696820779057,0.7618864232563418,0.3395171573849088,-0.35471674117843605,0.5459869433135646,0.4719,2.49673418151206
test_phase7_run_PRISM_lens_SF_000375,1,0.0,1.3548773723981902,0.6099675839497772,1.9059862054723316,1.1515826987280686,0.3983125512904934,2.267496795794584,0.5085346946163459,-0.7445631749825972,,,,0.030346180241715395,1.6915305852890015,519.6176007062895,0.02404081091687559,1.5846375226974487,553.6946092140861,0.010683822107585868,2.8359715938568115,1045.1281208593864,0.013559286352201981,1.8039239645004272,776.7715099954512,0.43652358779642847,0.7587142000871736,0.3675574828621293,-0.32219061229074486,0.9118189668638075,1.3386,2.9624147356072346
test_phase7_run_PRISM_lens_SF_000377,5,3.01072881122774,1.097041333928742,0.8418784212613544,2.041128281199735,0.5070799985161993,0.2066093491690254,1.2645769171461625,0.42104166970907786,-1.3492266874905272,0.1671363988537223,0.1159318321194204,1.4416782327873203,0.02975995201046685,0.7787905931472778,458.3074197876849,0.032167691676884255,0.8778336048126221,530.410789181944,0.01397080849428107,1.803367257118225,1107.008660831023,0.011459528445766101,1.1976577043533325,798.580472062109,0.6029044942963903,0.9574853258059001,0.44426584125039975,-0.35458083150950975,0.8369431279668186,2.4403,2.9403
test_phase7_run_PRISM_lens_SF_000381,3,2.7796974793343248,1.124687244975572,0.9026003895291014,2.061763268782374,1.2681845706163017,0.24979831609053327,1.3751751805346981,0.5602678416592255,-1.2016449818857071,0.08101739618374527,0.0681182617718007,1.1893638222178549,0.023767484377591165,2.266850233078003,817.3816236509883,0.027164081545570953,2.3853986263275146,929.8340994362952,0.013837896068489675,5.0253448486328125,2017.0911920915823,0.012970658492486941,3.411860704421997,1413.8877538372763,0.594975158083715,0.9807516582270198,0.4550236601884141,-0.38577650014330467,0.4458994291238968,0.3364,5.351569467363649
test_phase7_run_PRISM_lens_SF_000383,7,2.696421157373095,1.3832658195644378,0.4064207977726781,2.6207126447281475,1.5873553019790505,0.30270754854903004,1.8083810927982766,0.5566452507394046,-1.2702865513440638,0.1262838952122759,0.06465784575796958,1.9531101559583035,0.03413384195949599,2.896590232849121,505.46975083783036,0.029460946304440544,2.7377045154571533,539.270906928039,0.013444619947252167,5.618697166442871,942.3234263667837,0.012625310823582626,3.5722758769989014,635.3931300286495,0.24836835981066177,0.6762620424423158,0.17808880911218153,-0.42789368263165406,0.3591449224366445,1.1139,3.9108302465614826
test_phase7_run_PRISM_lens_SF_000386,3,5.141646243685139,1.080837724998723,0.787051036368829,2.013781000693365,1.0539432550316725,0.36814276768398974,2.002803857450441,0.5611051894745497,-0.9299773035255112,0.25677577289374903,0.18180644239389995,1.4123579423957997,0.023776251480254727,3.0126965045928955,633.7398410721216,0.028367730473571596,2.7502479553222656,654.3707629790297,0.012892575449488887,6.040341854095459,1223.512039953377,0.011901299989748135,3.0761847496032715,921.0943010967458,0.4059827117137232,0.7142430919366607,0.37120052073388077,-0.3082603802229376,0.7168667315115053,0.331,5.035488522661045
test_phase7_run_PRISM_lens_SF_000388,3,3.800763485275324,1.0217767253596937,0.9064625903163819,2.410807504953033,0.6360370602354096,0.36844507452674424,1.9368905161146819,0.706121284164222,-1.3875564655723647,0.2043432759128333,0.10691117228939652,1.9113369682234802,0.024445094558280103,4.814045429229736,1398.1417516032234,0.02099942254632928,4.7401933670043945,1576.9400887732554,0.013632845645892976,9.754094123840332,3275.560599902179,0.012665473923283911,6.339329242706299,2404.7326630838215,0.5887889936839442,0.9243360841509952,0.458129021197616,-0.33554709046705106,0.35653022686458286,0.3,2.2930352650407437
test_phase7_run_PRISM_lens_SF_000393,5,2.6765573811660843,1.205409094926353,0.9216445658577958,1.88085269374908,1.2415362117390456,0.39612543288867624,2.066426529386482,0.6629162549259502,-1.1389251550699881,0.13701206166276525,0.11067415303340439,1.237977051619373,0.026560723699650485,6.220880031585693,2264.145281598976,0.028028511029302677,6.025407791137695,2381.497917209519,0.017262930010177892,12.075773239135742,4616.6438264250755,0.01535198316900256,7.470423698425293,3320.079708251171,0.41561054976275047,0.7735551990851163,0.3607457607896759,-0.35794464932236586,0.8066652535237582,0.9863,1.488206228432266
test_phase7_run_PRISM_lens_SF_000399,3,3.891501941817408,2.039577441014604,0.8726244107681959,2.0411020693139963,1.3810942750391064,0.2068250192013711,1.5525559349684874,0.3015160035045002,-0.9793064123375419,2.7224745356573656,0.7250561285759803,3.754846595124078,0.034719223294456716,0.9858152270317078,1152.784803899005,0.036752003896133305,0.9587857127189636,1398.6568311676383,0.040443128056746686,1.874735951423645,2981.322072710842,0.03313913974928796,1.2308121919631958,2336.4275127332658,0.7670101717938772,1.0316516313291217,0.5571028521194483,-0.2646414595352443,2.742738181809972,1.1695,3.077592577274641
test_phase7_run_PRISM_lens_SF_000401,2,2.794830348070683,0.9176986402626347,0.608454171969496,3.065572928414906,1.023751597180583,0.25846194891562446,1.8994740494470528,0.41462965731251356,-1.655700740604972,0.124297055902847,0.0994158862292606,1.2502735791763553,0.03707143475149432,0.8349502682685852,144.8326584910683,0.025826424927316273,0.7563593983650208,146.8481454148423,0.014295841530028748,1.4644410610198975,267.0486859595403,0.013946163944398172,0.8978463411331177,193.75581404735567,0.31597060198647053,0.6643098570718557,0.3009656930383694,-0.3483392550853851,0.9079222480332542,0.3,2.3308359754202903
test_phase7_run_PRISM_lens_SF_000404,3,3.8049046115746625,0.842961323293632,0.7144551991669441,2.5329430423490473,1.1480101305263934,0.21967432738463932,1.402266242286668,0.44103486091436633,-1.2662968395704033,0.13773103272510995,0.12017498521729758,1.146087369813842,0.030938290641509502,0.9650482535362244,188.37159159011208,0.024922869275793912,0.9169049859046936,195.64187582273735,0.013126938935697849,1.7235225439071655,350.5894512855448,0.011494753923414203,1.1100890636444092,269.53718494810164,0.38900820259668334,0.6744585936094041,0.3478921751792238,-0.28545039101272074,0.4558132723993712,1.0099,4.121093273037028
test_phase7_run_PRISM_lens_SF_000406,3,2.6190017641937455,1.7459896403167972,0.5635516888660017,1.3445550853462058,1.1714508253898674,0.5581885973123337,2.9423470964745206,0.5929225948752032,-0.6528026098600197,0.13906376351446548,0.07705545049388245,1.8047232560856414,0.028826857259042077,6.613927364349365,1305.21081561147,0.027033277065783737,6.897531986236572,1488.9543508944043,0.014943775223847745,15.283711433410645,2966.364895492792,0.01532767059706123,9.525171279907227,2280.9131087968126,0.6060701931801951,0.8913597726703002,0.46306839509692943,-0.28528957949010514,1.5796323890448216,0.8042,1.31360927697071
test_phase7_run_PRISM_lens_SF_000407,4,3.2434018566404594,1.9160700397626658,0.5665549190826751,2.383586841881655,1.2747857824849225,0.41514959185715555,2.265184954688749,0.5283613949251545,-0.5899845215060362,0.1147277481806096,0.0783921397279238,1.4635108644667192,0.030356984117631887,3.5762526988983154,1252.960583953347,0.022022700104728146,5.240419387817383,1539.5200615583453,0.01231823466139623,8.18789005279541,2562.4722583843395,0.01501320555278807,9.518232345581055,2254.71792547917,0.6378870213735996,0.77680440834417,0.4142671624793484,-0.13891738697057038,0.895991493583732,0.9896,5.235092941305017
test_phase7_run_PRISM_lens_SF_000408,6,4.58033562068288,1.3738730444250882,0.8464376889897548,4.098372657331794,0.10259619733851451,0.38785289291753416,2.0345447503693577,0.7062753995512554,-2.518606846814927,0.1444290011442123,0.061817010361657876,2.3363957638720536,0.042211988756061934,27.438751220703125,4849.0466006839415,0.02751464544328278,28.570301055908203,5519.590854402166,0.027500150947942635,44.15209197998047,8713.955198545009,0.02685098078586451,38.66716384887695,8689.960103074089,0.6334035617881051,0.6363974123033764,0.49277724040946014,-0.0029938505152713574,1.085893919434694,0.6985,2.2671711018639376
test_phase7_run_PRISM_lens_SF_000410,2,2.2894753175384075,1.2156507437586557,0.9467680697598172,2.393822618672924,1.814641410132681,0.3044638944288219,2.1440653338416595,0.439804568736643,-1.2696759554956492,0.5843044726485391,0.4075306174504596,1.4337682805380103,0.02568820528746266,1.3449997901916504,267.5132930781401,0.02009556177998498,1.29605233669281,288.3590784904136,0.01345277746233183,2.5248258113861084,537.4244001928018,0.02087717778478681,1.6223840713500977,415.71051748655736,0.47861411191018693,0.7574300322023496,0.3971434583209781,-0.2788159202921627,2.047189734346411,1.2606,2.7085830951681995
test_phase7_run_PRISM_lens_SF_000411,3,2.242962685844533,1.3136258688405116,0.7769800045613984,2.939334737952557,1.069970215055001,0.3736361104940999,2.438878887616224,0.40933971622450305,-1.3348214067200403,0.12749003025697675,0.09267283980346001,1.375700048982602,0.03709659053561117,1.722700595855713,338.865789312782,0.02888734331752885,1.656227946281433,383.93160763639025,0.02419557525506914,3.983375072479248,999.2503960812464,0.013316356091079404,2.576996088027954,589.6557262949646,0.6014269855449024,1.1741165071398934,0.46586163257162494,-0.5726895215949909,1.2967172792345252,1.2988,1.7988
test_phase7_run_PRISM_lens_SF_000413,9,5.081902487278595,0.22540171385928615,0.5873418407235828,1.9688245885098352,2.0,0.47806255230290967,4.718641071335628,0.08716803088436334,-0.7042616486477405,1.02337511638766,0.7084649192659579,1.4444965284208868,0.0243996575101386,4.086652755737305,467.16246638519806,0.029690402141743878,3.8383986949920654,523.2803497837594,0.015064834564225681,6.154462814331055,798.8872897031251,0.016126169897914867,5.863953590393066,858.826854173094,0.661094182638945,0.5825439223946601,0.5379279731508837,0.07855026024428496,3.1430825265370923,2.4927,5.26926369054444
test_phase7_run_PRISM_lens_SF_000414,7,4.185351053349468,1.2720318338889576,0.5138948720760692,4.232824319406088,0.664730976685968,0.44130956728115034,2.32895607905095,0.6987459206717556,-2.4529320830714605,0.646658342529627,0.19091310167190545,3.387186824092065,0.0402148914207493,20.48088264465332,2806.0783258886077,0.029736233289978358,19.193286895751953,2992.8779826825485,0.021844995468309626,37.77537536621094,5804.4256175439805,0.01656758849128908,24.777889251708984,3961.359956936175,0.37436129485578445,0.7891486522030261,0.30438823971773454,-0.4147873573472417,1.5471393155360067,0.3296,2.9052066354565733
test_phase7_run_PRISM_lens_SF_000415,9,3.0716949391874313,1.6014333066726825,0.5132072631167443,2.736270098687568,0.9182896154132673,0.2585313286451693,2.2643806468339363,0.2273552004717837,-1.0464381984169417,0.2636582249976282,0.11332790323285931,2.3265075720661597,0.054463049248378276,0.28775256872177124,173.22893358886358,0.02082622192915807,0.2577378749847412,176.50152458917,0.013503048090296012,0.49847450852394104,369.0157947046682,0.015270254924666635,0.3550475537776947,276.43308158544824,0.5074239582724239,0.8210613087362826,0.4871038851272905,-0.3136373504638585,2.0683581421873884,1.629,3.383221316127602
test_phase7_run_PRISM_lens_SF_000423,7,2.5917179220753885,0.5588691405911914,0.8827930837233746,3.0419380050617084,0.2374081470761749,0.19384543501390028,1.3551667444250075,0.43922507635599867,-2.0104387390710574,2.5161413692918244,0.8669892728269375,2.9021597477066816,0.033483645280112245,0.46693211793899536,133.10036910683266,0.027429274130566738,0.4618190824985504,136.58916943354416,0.013233995689856098,1.604995608329773,336.8525894219056,0.0164950757564169,0.7130362391471863,190.9009805379901,0.39157224814440844,1.008151575827726,0.3634797372564471,-0.6165793276833176,1.9373926332979228,0.9251,2.1938989294849294
test_phase7_run_PRISM_lens_SF_000427,1,0.0,1.9311253296961945,0.7954535652255317,2.236067625813685,1.410564088822594,0.5848673100285743,3.096678068071696,0.6291991687808399,-1.3241244375029106,,,,0.026217634796085534,23.98065948486328,2055.947475063207,0.025091122675052365,21.45481300354004,2215.1777588496916,0.014853045216224462,32.95204162597656,3650.5230473428965,0.015144273913523024,34.40459060668945,3646.278752646176,0.6220946289157786,0.6233576986994752,0.5411032111740102,-0.0012630697836966908,1.21046114074046,0.9225,5.591538007106911
test_phase7_run_PRISM_lens_SF_000428,3,2.422638100692869,1.6333550298726718,0.5030877424874011,3.6299818016211627,0.4847484484419283,0.41240359273117305,2.267650759003873,0.6244529576566882,-2.1680012816431837,0.17650683749855003,0.0775014431162909,2.277465172276877,0.04323807016647906,6.917175769805908,1707.2565037450986,0.027871729074433277,6.997613430023193,1929.857443085406,0.014656386166056088,15.287881851196289,4210.586447500624,0.014000105810416445,10.283467292785645,3033.8474349139724,0.624237403802083,0.9801095311261515,0.49117127028823043,-0.3558721273240686,1.7400293264078277,3.023754011927937,5.758396606173669
test_phase7_run_PRISM_lens_SF_000430,7,4.050499583142356,1.5538113965904927,0.4913580124754447,2.218848385939666,1.4940917007660848,0.4492752500371462,2.43171343413638,0.5881109066367088,-0.9685643853184513,0.15913453765126184,0.12260654990382243,1.2979285183058609,0.02806603382841167,6.333834648132324,1364.2606597668491,0.03690652336526643,5.897711277008057,1489.5303632884752,0.01515104608211433,11.460278511047363,2713.967331165448,0.015449739880679129,7.28465461730957,1312.524745690378,-0.041974639343706016,0.7467681493938962,-0.13735465094170454,-0.7887427887376022,0.3,0.3,1.3004085016431934
test_phase7_run_PRISM_lens_SF_epoch00_000083,12,4.425826266949895,1.1385022368108597,0.6013636123715099,2.3301253943445657,1.9437152403605193,0.27320870652352053,1.6051453565717364,0.5120010421302654,-1.1744270363418954,0.7977566375100323,0.3040048213646245,2.6241578470007227,0.026058589798312694,3.0024847984313965,663.627112028309,0.02682408306750207,2.7525296211242676,713.461633091676,0.013809815858632618,3.3862571716308594,1022.2529744245112,0.017101630402140466,3.446082353591919,1075.8902977469843,0.5246096764955901,0.46908565591933915,0.445993418829415,0.055524020576251054,2.033504616669789,0.6159,2.916864004775125
test_phase7_run_PRISM_lens_SF_epoch00_000086,8,5.455293452299975,2.3369955448644246,0.8746851907548592,1.9358927521038622,0.7247856150188091,0.19207237633945234,1.2272406372877536,0.34194805086910995,-0.8910137861997267,0.15077585027471854,0.09898688558686428,1.5231901618160089,0.03865679321310559,1.510477066040039,1489.4255382065894,0.027697239298401795,2.337080717086792,1955.0846266681328,0.024090407849140575,3.3652517795562744,3911.7305217944086,0.02518156022873592,3.294921398162842,3182.416142019443,0.8243454312561411,1.0483753314132644,0.5289785196939911,-0.22402990015712326,1.5232517295535022,2.9269,3.4269
test_phase7_run_PRISM_lens_SF_epoch00_000087,3,2.999189828798444,2.9811295991542055,0.7970928544953775,2.7514883932090455,1.7855737784792611,0.38163223001271634,3.074000221969348,0.3804265072379681,-1.0149742101021662,0.21976005562696208,0.13249671154649076,1.6586076217435188,0.033174393707232984,1.3318754434585571,508.86920495145023,0.02712649956801252,1.435822606086731,576.5213061028626,0.02098050367871864,2.976724624633789,1142.3280982114375,0.01850049204655107,1.9581559896469116,879.0563931185752,0.5935264178584335,0.8779617244404496,0.4580034373081461,-0.2844353065820161,2.3335879400667072,1.5602,5.0515740567748395
test_phase7_run_PRISM_lens_SF_epoch00_000139,6,6.35681270526031,0.616041907791057,0.6122502875443026,3.295323973923338,0.18057456922067408,0.2136325267847387,1.3018739013912894,0.5324895440527484,-2.110331382348885,1.15100726126324,0.44187205248005124,2.6048428607401086,0.03025227327987675,1.9934625625610352,893.4375635096076,0.02781307835200744,1.8315720558166504,979.1244971082779,0.019255445064352766,3.8093953132629395,1874.6261253990233,0.018514859560490295,2.3144216537475586,1317.8428497491404,0.4219985416143871,0.8046261432294387,0.3225642701608177,-0.38262760161505155,3.111141351282633,1.8564,4.250535363514306
test_phase7_run_PRISM_lens_SF_epoch00_000158,14,3.6700885845447413,1.9155886502838633,0.8767669649015829,1.2458381664999902,1.9744597353688214,0.43195628377178985,2.682492344219987,0.5234589413021927,-0.8673037398039906,0.8350067611266507,0.28283374294122887,2.9522883388781516,0.024576567535162578,2.2898411750793457,707.6767610147799,0.022069453290099607,2.2273120880126953,775.2996298564249,0.017108628893140104,4.617753028869629,1503.367360079661,0.014459910078330855,2.80861496925354,1054.3105119324755,0.43283400586988013,0.8180754566480004,0.3337474000375163,-0.3852414507781202,2.1469058338410982,0.3409,5.216804065289079
test_phase7_run_PRISM_lens_SF_epoch00_000161,0,,,,,,,,,,,,,0.03087123658299979,0.16535420715808868,,0.026161721567691875,0.11975721269845963,,0.013376443865243472,0.07866299152374268,,0.012761545354938607,0.07709545642137527,,,,,,0.41014892681032267,0.41,1.6091463479830983
test_phase7_run_PRISM_lens_SF_epoch00_000196,12,4.610356120068428,1.2633080598190078,0.8306484995762192,3.9502287221036725,0.11056062115840289,0.35943006743103995,1.895915268278037,0.6922293252054,-2.4468514366541645,0.310293044159139,0.30339811263632865,1.0227256902256179,0.027990635978609305,17.652271270751953,3093.295626808889,0.024670458176964522,16.796669006347656,3237.815577621106,0.0253226490800253,36.0333137512207,6349.704868052155,0.018886361842099242,20.637418746948242,4352.129561051726,0.3707009701455754,0.7808302808157466,0.3211242686365703,-0.4101293106701714,0.41438989589870084,0.34,4.914517604556521
test_phase7_run_PRISM_lens_SF_epoch00_000198,16,5.2853181475019655,1.9798723572897856,0.36954487141906867,1.9619787479355046,1.9680422241689284,0.29598670649472414,1.914183032589307,0.44279905005251696,-0.751665294683195,1.2854604756554897,0.3795703189918476,3.38662011052318,0.024844609373869425,1.2834277153015137,402.08333403278084,0.02635077017056522,1.3645812273025513,520.4820112636953,0.014610111597957371,2.9730732440948486,1153.3934012232348,0.019248089165558355,2.061422109603882,1052.0157333891839,1.044265406391219,1.1441534750383544,0.7640412769703062,-0.09988806864713538,1.492447342000585,3.1384,3.6384
test_phase7_run_PRISM_lens_SF_epoch00_000200,0,,,,,,,,,,,,,0.025446422689115268,0.12084557116031647,,0.02012339666701815,0.11205081641674042,,0.010427244846466703,0.07411440461874008,,0.011261775175968873,0.0717059075832367,,,,,,0.49783697211033934,1.1701,3.3607121211594295
test_phase7_run_PRISM_lens_SF_epoch00_000202,2,0.18605432045088457,0.5827039956226621,0.8293807285690221,3.1163341475189372,0.2650878370031339,0.18359861049526702,1.1308630760623664,0.506609532057063,-2.0551890371203125,6.587676544416276,4.913679104773824,1.3406810668641547,0.029761647097684314,2.422307252883911,1564.2742666667327,0.03424978691909092,2.369823694229126,1766.4124906947836,0.03448997643002662,5.204155445098877,3746.1497358344495,0.027254127291702974,3.151679515838623,2610.237670758739,0.5559178803773631,0.9481805786518214,0.4239698150816062,-0.39226269827445814,3.595704898515124,0.9322,1.4322
test_phase7_run_PRISM_lens_SF_epoch00_000211,0,,,,,,,,,,,,,0.02572535748227097,0.1376264989376068,,0.023097592533115295,0.11389164626598358,,0.012960010091443222,0.07416842877864838,,0.010958861069796627,0.06830005347728729,,,,,,0.7394240350659964,0.3,1.899036259633229
test_phase7_run_PRISM_lens_SF_epoch00_000227,5,4.697072258208464,1.2891795200281515,0.5881580448265291,3.865499215330429,0.1752080821332913,0.30887062204104787,1.7144417291534613,0.6154079069111853,-2.375171210735564,0.2006999960993497,0.04901619013875895,4.094565398314151,0.03342321835230385,6.513401508331299,1289.854438379407,0.023479347608154982,6.42462682723999,1370.350257810409,0.0177348985353696,11.992692947387695,2601.7104367539287,0.014808908325156068,8.207844734191895,1928.825259912759,0.4368804562994344,0.7617956417938263,0.3711532477348381,-0.3249151854943917,1.1577018110540065,1.6519,2.9714484796584686
test_phase7_run_PRISM_lens_SF_epoch00_000240,5,3.428729838699323,0.7999067821293757,0.7753749687081568,3.3981375884051914,0.2656580071778025,0.24245861410719646,1.489467610977259,0.5247717510344637,-2.1662836715775655,0.2992895965767953,0.2832599701135553,1.0565898049654314,0.036996516585619775,1.5322588682174683,224.04953261939227,0.021228130600226165,1.3495924472808838,237.00023295736173,0.011523669300914434,3.070127248764038,484.32009522011504,0.011617847474936344,2.0472419261932373,337.7877545630581,0.4457496481208664,0.836971116778318,0.384737821594848,-0.3912214686574518,0.5474012958784668,1.6154,2.510510212408747
test_phase7_run_PRISM_lens_SF_epoch00_000288,9,5.817930569990872,1.291128936807201,0.6153280306094615,3.608356562081822,0.3580922188867425,0.28693202898183556,1.6204999119517238,0.5801974938446897,-2.25499341442872,0.13627957690004655,0.10611820005913852,1.2842243538252573,0.026560753387383666,5.611235618591309,1311.607213128067,0.11022055216719796,5.504150867462158,1377.2207345096394,0.01676670303853896,10.467000961303711,2545.3005094667897,0.018161449176526352,6.601624965667725,1910.3649251330644,0.4082813483974659,0.7198381701115625,0.3552819580481412,-0.3115568217140967,0.7236775486902621,1.1876,3.7342346634842
test_phase7_run_PRISM_lens_SF_epoch00_000292,3,2.3750469057270567,0.8568801362770793,0.8185840232548097,3.8443527254737098,0.2292918658354604,0.3399059637079644,1.8545977725682514,0.6609136483195376,-2.3765715109259795,0.12951191056261832,0.05435697987096593,2.3826178509191864,0.024242370879348305,7.028501033782959,766.268904907658,0.026705818049145836,7.175178050994873,859.0134881055565,0.03391907501923726,14.557982444763184,1780.102516415529,0.012596066023369587,10.517098426818848,1352.1314863441512,0.6165943094624589,0.9151595295589945,0.49254735742953704,-0.2985652200965356,1.0938412023152428,1.4079,2.4727277904409144
test_phase7_run_PRISM_lens_SF_epoch00_000324,8,3.8741560107376967,1.0344231625491394,0.6355363077486337,3.649247215362439,0.7956712847644335,0.31739991706093335,1.9146614437847922,0.5780410155390092,-2.1059671434999685,0.7396985420812531,0.16435634149384673,4.500578044984935,0.030151797654210718,2.5100581645965576,390.7287370970298,0.024286013862374743,2.610048294067383,445.99456853425363,0.012417560073134534,5.453831672668457,939.6866881141905,0.014942953269990284,3.6848995685577393,681.4527703541098,0.6039010194851825,0.9527693022665708,0.4602654791834201,-0.3488682827813883,1.8875316320912292,0.6557,1.8140465285067595
test_phase7_run_PRISM_lens_SF_epoch00_000334,2,1.5726955112066088,0.861694708250887,0.7432529177433708,3.2052050070813887,0.4408466971875259,0.25750374350591926,1.4165280758624637,0.6361791988014578,-2.0628609446743664,0.08941284752152744,0.07250145362864299,1.233255928626006,0.02540014947623528,4.515260696411133,709.9041347187012,0.02996584473619275,4.4968581199646,781.3549315992859,0.013934809774898964,10.416712760925293,1582.1075972006656,0.01522054870627022,6.571783542633057,1172.0223301532678,0.544340451430569,0.8700907758611396,0.4402188216000386,-0.3257503244305705,0.4011498817552335,0.7876,5.787681791859472
test_phase7_run_PRISM_lens_SF_epoch00_000338,3,2.7539084634875968,0.8551485873858865,0.5346403867937358,3.325119969965715,0.24873521383355937,0.23343997834440186,1.4985499373393538,0.496763237549883,-2.149516391816517,0.07654921055544663,0.0629352718740947,1.216316514983638,0.03241721970523212,1.5739586353302002,268.11370527964027,0.02754266080371108,1.5900981426239014,277.63476065840223,0.02145891708405616,2.9285871982574463,518.6721993703395,0.01276607456407646,1.9793260097503662,382.6888405692298,0.3863169589147848,0.7164348900977585,0.34842989510343264,-0.3301179311829738,2.349993272708655,1.3015,3.424130179539019
test_phase7_run_PRISM_lens_SF_epoch00_000391,4,3.0769202543180567,0.716210122535294,0.8658498506521511,3.4208168510062755,0.2677409053135558,0.2589855358806442,1.7024115953191523,0.4968040734017304,-2.1924312282209786,0.13683656170866304,0.09235796182290719,1.4815892318091843,0.030931657182336394,1.4366155862808228,164.81827635888476,0.02863497871641234,1.38301682472229,178.77571050683036,0.017010740472259964,2.7566964626312256,316.9179291743785,0.013688558523834715,1.8244507312774658,241.79520494211465,0.41610579008570714,0.7098536035439846,0.3278479283902938,-0.2937478134582775,0.8396980006675504,0.5215,3.8601541183240284
test_phase7_run_PRISM_lens_SF_epoch00_000405,8,3.6390863360057817,0.9523941487839083,0.803041169256805,3.467315768446751,0.2394072498442272,0.24933422181757411,1.5161071157392925,0.5366533967601317,-2.1860823848111743,0.15104706056320125,0.1192143629159174,1.2670206581545518,0.03633403774459367,2.1458845138549805,356.37543453098624,0.03514866901266373,2.069195508956909,385.59379079472274,0.013836826967819071,4.5950164794921875,792.6907155998051,0.014445287973237545,2.9158737659454346,599.7771656429395,0.5652054192069087,0.8679900292185949,0.47964973920690357,-0.30278461001168633,0.914249614206658,0.9101,2.9785399400369674
test_phase7_run_PRISM_lens_SF_epoch01_000083,8,3.8078636378477473,0.9329801561229683,0.5702614984676667,2.982500559629635,1.988718079938368,0.4307225509252652,2.310826260297902,0.6419756995873257,-1.5951182240481059,2.9231513510175136,0.5335951953081872,5.478219025808874,0.02585392685974692,8.442529678344727,726.4702520638239,0.026626900295188726,8.374321937561035,835.4853388301563,0.013749766785928671,13.382265090942383,1348.7252970659174,0.016888612996266775,15.17011833190918,1536.691068910528,0.813421829889729,0.6717641701984077,0.661619334866135,0.14165765969132132,2.033504616669789,0.6159,2.916864004775125
test_phase7_run_PRISM_lens_SF_epoch01_000086,2,3.353639727310278,2.3108117325786273,0.8348636649766393,1.9053494184060484,0.8511037843611763,0.20822278049218015,1.3252908904831688,0.3441377438668929,-0.8300680681177514,0.1512595043501441,0.09760748045640943,1.549671230553842,0.03823698004044237,2.9596755504608154,1395.8281743921398,0.028240146588926682,3.8650319576263428,1838.9906513146125,0.022448390521077978,3.4286818504333496,3223.7633025981486,0.02408209807007946,3.9779789447784424,2705.099079567939,0.7183780410857741,0.9088279676063228,0.4190091378911127,-0.19044992652054862,1.5232517295535022,2.9269,3.4269
test_phase7_run_PRISM_lens_SF_epoch01_000087,5,4.034359679386395,3.277813079957813,0.7977254217222435,1.7087762019510955,1.757418786487045,0.3800841352520003,3.046565563522213,0.3676691484254353,-0.8824005167555556,0.23190567385837998,0.08255546225331144,2.8090893991581747,0.03490640499161048,1.4303654432296753,786.1440591990249,0.028882709530882754,1.3824843168258667,903.1673999602208,0.023325980848593966,3.063183307647705,1791.4761798135005,0.02046599081528726,1.9676729440689087,1400.2657219171524,0.6267708017179042,0.8942722528247915,0.47610551076414254,-0.26750145110688717,2.3335879400667072,1.5602,5.0515740567748395
test_phase7_run_PRISM_lens_SF_epoch01_000139,7,6.360786620542964,0.6200553332153503,0.6133126911441559,3.331627648824874,0.14320696196296345,0.2104253359505735,1.293544831541885,0.5293805355828138,-2.104707416316172,1.120160666150667,0.43729882259144504,2.561545122652203,0.03024350629711741,1.8919183015823364,899.9261085549224,0.027828805491748106,1.8920512199401855,978.2273671845905,0.01937672430216226,3.6759636402130127,1878.5531930290163,0.018602829804949806,2.332343816757202,1319.686228334438,0.41565958228140887,0.7990416133389724,0.32507719001211915,-0.3833820310575636,3.111141351282633,1.8564,4.250535363514306
test_phase7_run_PRISM_lens_SF_epoch01_000158,6,3.292159946193225,1.903482652338768,0.8372984960769362,1.26322962408319,1.9720107194263596,0.4358891149262656,2.7161920328207145,0.5314255098747679,-0.8544588723528307,0.8234571911817289,0.2900253456722077,2.8392594077360958,0.024223847958309376,2.317854166030884,707.843486629894,0.021815361586611078,2.1798441410064697,763.079719549627,0.01675482612396486,4.2423858642578125,1470.3644518014044,0.014254775078779215,2.7546591758728027,1001.4094953332678,0.3766861622090658,0.793719385757498,0.29510448407881945,-0.41703322354843203,2.1469058338410982,0.3409,5.216804065289079
test_phase7_run_PRISM_lens_SF_epoch01_000161,0,,,,,,,,,,,,,0.030871983693760756,0.1458665281534195,,0.026228883227638663,0.12130236625671387,,0.013460514182786858,0.07780538499355316,,0.012785908841873953,0.07515956461429596,,,,,,0.41014892681032267,0.41,1.6091463479830983
test_phase7_run_PRISM_lens_SF_epoch01_000196,9,4.508162783629981,1.2773756949063535,0.8294568003802505,4.0209761034410345,0.14275512379933092,0.35771263759426525,1.8892575614741522,0.6881949047547746,-2.464096545103651,0.31658372889049896,0.30472145959083496,1.0389282373338329,0.02803233617134399,17.829286575317383,3067.0084296942223,0.024806105832680263,16.976900100708008,3225.7121322108433,0.025440117015310838,32.67116928100586,6298.156096213497,0.018844414814529958,19.845670700073242,4301.298167400062,0.3672114484699991,0.7812461263246397,0.3124348534904867,-0.4140346778546408,0.41438989589870084,0.34,4.914517604556521
test_phase7_run_PRISM_lens_SF_epoch01_000198,11,3.5292997673966866,1.988037411410498,0.38703438998617784,1.9697196126715153,1.9753383085600296,0.30708425932790107,1.9851171134189074,0.4403405303975665,-0.7529763362677407,1.4382907442289012,0.47990011211084754,2.997062738540649,0.02511855626163526,1.309381127357483,434.78046665037255,0.026551559300476407,1.383603811264038,555.0677890310981,0.014687307067895325,3.05755877494812,1249.2372027356178,0.019450775509686477,1.9908756017684937,1085.072255677078,0.9929715869168287,1.1459372121518594,0.7277815836261317,-0.1529656252350306,1.492447342000585,3.1384,3.6384
test_phase7_run_PRISM_lens_SF_epoch01_000200,4,1.623489074635528,1.0343062856472416,0.7512614749314159,2.301215965547403,1.3623689989483276,0.23985749172919454,1.3929018219427185,0.5050564212365768,-1.2518288403746585,0.16002864538742917,0.0870240245659564,1.8389019145643146,0.02660963791871919,2.058312177658081,429.8119218023494,0.020959047168047532,1.9532281160354614,451.1784327734058,0.011522289551472085,3.4952945709228516,839.8646307196468,0.012133187149366531,2.3558223247528076,618.7853006620426,0.39565382740082566,0.7273270867783259,0.3429791427194394,-0.33167325937750036,0.49783697211033934,1.1701,3.3607121211594295
test_phase7_run_PRISM_lens_SF_epoch01_000202,0,,,,,,,,,,,,,0.022771618503015147,0.11796475946903229,,0.026479309132340364,0.12450682371854782,,0.010172414486720394,0.06833463907241821,,0.012204548706980562,0.06972579658031464,,,,,,3.595704898515124,0.9322,1.4322
test_phase7_run_PRISM_lens_SF_epoch01_000211,0,,,,,,,,,,,,,0.025896739830658565,0.12292980402708054,,0.02321054465778129,0.11480897665023804,,0.012962677366562213,0.07264869660139084,,0.010964446992295021,0.06702004373073578,,,,,,0.7394240350659964,0.3,1.899036259633229
test_phase7_run_PRISM_lens_SF_epoch01_000227,6,4.83424716709225,1.285007758831833,0.5810753320739643,3.8617353224818,0.16109781022920816,0.3097071612183453,1.7187741809662072,0.6155165113820977,-2.371509404163388,0.1480750866732236,0.07014693118773123,2.1109275083885937,0.03337851679899453,6.524960041046143,1287.0904829059727,0.023393195529656328,6.22614860534668,1361.0926528362324,0.01786073400507999,12.351152420043945,2589.7331037763506,0.014839218406195107,8.422433853149414,1912.7811322021298,0.43014050047474317,0.75911482312093,0.3694439738619162,-0.3289743226461869,1.1577018110540065,1.6519,2.9714484796584686
test_phase7_run_PRISM_lens_SF_epoch01_000240,5,3.1387763554771118,0.8227709668057452,0.7945060572351657,3.417527754110364,0.3072034922013483,0.2396741252177052,1.4686470998217491,0.5184278074983245,-2.143914304714137,0.2916813452571496,0.278516162505263,1.0472690081375002,0.03723153633427505,1.3380173444747925,222.55128411087935,0.02117686602077435,1.4227784872055054,242.81582095119666,0.011520426012501755,3.139585494995117,505.1101670053322,0.011571322441789983,1.9785364866256714,347.61038303608075,0.4841565893841659,0.8898900143036437,0.38953939986179564,-0.40573342491947784,0.5474012958784668,1.6154,2.510510212408747
test_phase7_run_PRISM_lens_SF_epoch01_000288,7,3.78546847784388,1.3030555797549581,0.6207897998851521,3.5623192359208278,0.40419133952004077,0.2868173418918246,1.6152237942675165,0.578181324866586,-2.2408268107356544,0.1835514768406214,0.15479583733113148,1.1857649404872388,0.026511048123571336,5.536251544952393,1345.7973358127056,0.1108166232539814,5.544543266296387,1434.7741328852717,0.016776328633817512,10.576325416564941,2604.3623119289987,0.01824311039125557,6.823950290679932,1962.510974581819,0.40958107456158255,0.7168043444113698,0.34007138934681824,-0.3072232698497872,0.7236775486902621,1.1876,3.7342346634842
test_phase7_run_PRISM_lens_SF_epoch01_000292,5,2.7524520309517384,0.8746501118983299,0.8387921540588072,3.845176630277003,0.2319341561315613,0.3379174279519039,1.8500987444661348,0.6570691712385643,-2.3855298097965427,0.19281947423877344,0.0925705867001586,2.0829453621518756,0.024284107690302807,6.952988624572754,769.9480901868374,0.026671120577856228,6.979472637176514,867.3470594689716,0.03393140668327502,16.262527465820312,1793.2562667019665,0.012759735222462406,10.36587905883789,1358.4284468572587,0.6164383037088035,0.9179522777956299,0.4871096427579902,-0.30151397408682634,1.0938412023152428,1.4079,2.4727277904409144
test_phase7_run_PRISM_lens_SF_epoch01_000324,0,,,,,,,,,,,,,0.029025353127088132,0.1657835990190506,,0.0227545725672703,0.11110981553792953,,0.009528113345743796,0.06288705766201019,,0.012793281802128319,0.0750475525856018,,,,,,1.8875316320912292,0.6557,1.8140465285067595
test_phase7_run_PRISM_lens_SF_epoch01_000334,2,1.307521521832315,0.8535482681773308,0.730526826843464,3.2341653543633364,0.3486101471926443,0.25767780630727116,1.4246739968592748,0.6339092673266232,-2.1497193446975844,0.11939221436118287,0.05393803745257363,2.2135068311701454,0.02535201843968193,4.500741958618164,672.355968419346,0.029891281565132412,4.485727310180664,739.229332544026,0.013957889992819675,10.58498764038086,1510.5377729143947,0.015169799384447772,6.700217247009277,1117.3385810167529,0.5514638263519688,0.8788308135582832,0.4485140090823343,-0.3273669872063144,0.4011498817552335,0.7876,5.787681791859472
test_phase7_run_PRISM_lens_SF_epoch01_000338,4,2.37580505632001,0.8676678635539634,0.5199247266798801,3.331197440685586,0.2272739049882175,0.23116901275097848,1.490877181741747,0.4960327977789012,-2.1471058764671858,0.11510598239338463,0.08244673895535788,1.3961253513703025,0.03243159063078981,1.6162147521972656,272.3733678064309,0.027741927996069657,1.5240755081176758,277.5123963858932,0.02161433670810613,2.916222333908081,527.2633753605187,0.012802032915326228,1.8895972967147827,386.1778783951886,0.3790568787675868,0.7171574119090607,0.3587625114609654,-0.33810053314147415,2.349993272708655,1.3015,3.424130179539019
test_phase7_run_PRISM_lens_SF_epoch01_000391,7,3.1122918196068285,0.7029579557722957,0.7621758804292017,3.391507111187728,0.2901813878686262,0.246703078631598,1.5770238475092415,0.4923357523022127,-2.1291304549093555,0.31787806660574286,0.16621850794780155,1.912410781027873,0.030795069673542286,1.4008662700653076,176.0697158006369,0.028683534549217297,1.3775049448013306,185.13080322439782,0.017031424243393812,2.7349166870117188,333.22430163249373,0.013720891318882362,1.7975096702575684,252.38648028252646,0.3909535597281909,0.6926300080454431,0.3364685042799479,-0.30167644831725227,0.8396980006675504,0.5215,3.8601541183240284
test_phase7_run_PRISM_lens_SF_epoch01_000405,4,3.626760283189193,0.9898766582787561,0.80402987751031,3.4991682517855676,0.398372018143369,0.2478464981211033,1.5100513751606899,0.5294916198509193,-2.154307327070206,0.13546662918613694,0.059063890529003696,2.2935608875885887,0.03653651072907371,2.0755462646484375,365.6524515602505,0.03500291440368907,2.142697811126709,393.49710226160823,0.01389076511717541,4.650537490844727,812.3564618648961,0.014623175107575688,2.8967487812042236,611.1372839706019,0.5576757255220331,0.8666953746333329,0.47799310305958237,-0.30901964911129975,0.914249614206658,0.9101,2.9785399400369674
test_phase7_run_PRISM_lens_SF_epoch02_000083,6,4.303397025115782,0.9153626110285338,0.560122417568894,3.0117896673411577,1.99288709997621,0.43507778276959913,2.329620956913745,0.6496308152108006,-1.5872055835895482,1.1133804716202818,0.42243745836232965,2.635610194078296,0.02569531039859066,8.257368087768555,686.0091077407124,0.026452207867143467,8.690909385681152,798.7747513919894,0.013568328307944404,13.701720237731934,1311.2138057062402,0.016746713400136806,15.384900093078613,1482.3876341208816,0.8365797547032788,0.7033590790842756,0.6713436369315812,0.1332206756190033,2.033504616669789,0.6159,2.916864004775125
test_phase7_run_PRISM_lens_SF_epoch02_000086,8,5.318344043991635,2.2368899870277064,0.83221863983305,1.9749233206120436,0.8450915701374268,0.20069263446342367,1.3121135639935437,0.3286514961309885,-0.8402637613612263,0.18084756763393228,0.1238634684544157,1.4600557362923186,0.03594211267556655,1.5980093479156494,985.3238232853764,0.02667178152372506,2.232518196105957,1283.3124428578449,0.020547498439522135,2.937894105911255,2593.6707557751797,0.023453791860573142,3.869793176651001,2285.9895014986396,0.9137381205107199,1.0508396548712473,0.6268545659745397,-0.1371015343605275,1.5232517295535022,2.9269,3.4269
test_phase7_run_PRISM_lens_SF_epoch02_000087,10,4.321752518532006,1.2845589695245696,0.35372142283074864,2.655661540666581,1.703333350005584,0.26310481023684396,1.7851738182821297,0.47927775558192215,-1.19791215609412,3.7432163150046285,1.630979007705915,2.2950732641677107,0.03270967933417638,1.313412070274353,408.53141675808,0.026422357110829808,1.3954482078552246,460.1203228723607,0.019906114787956314,3.0369787216186523,900.1908656843007,0.017520946992580718,1.9652189016342163,694.0482229320332,0.5754104660961548,0.857772854166215,0.44629557675782466,-0.28236238807006026,2.3335879400667072,1.5602,5.0515740567748395
test_phase7_run_PRISM_lens_SF_epoch02_000139,7,6.364167752319473,0.6110167570716434,0.6047127820772397,3.285924040655326,0.19634447283657297,0.21071952568969,1.2898980714156691,0.5293917108642654,-2.111951205835135,1.1303389014973457,0.4355827504106494,2.595003820586809,0.03019455565392163,1.9586516618728638,893.992011723778,0.027792348217291592,1.8506529331207275,973.0906197500735,0.01937005912854344,3.587893009185791,1859.521917970851,0.018562736067405716,2.3669564723968506,1308.9684035293758,0.4139888132778192,0.795169158836192,0.3219396933734833,-0.3811803455583729,3.111141351282633,1.8564,4.250535363514306
test_phase7_run_PRISM_lens_SF_epoch02_000158,8,3.8998955296159163,1.8617307548655302,0.8116083146687494,1.5318094204797288,1.9393821896846695,0.4201161252828624,2.68685677385931,0.5261164564005042,-0.9114999570735175,0.7189285189893152,0.24652595818447715,2.916238615534904,0.024224104508229278,2.274427890777588,638.6013550289208,0.021743918731490477,2.213146209716797,696.4243295818742,0.016241286310090218,4.052326202392578,1317.759976693429,0.013856412293438009,2.8362162113189697,899.2504949406721,0.3716271245056745,0.7865161930000574,0.27751687684066695,-0.4148890684943828,2.1469058338410982,0.3409,5.216804065289079
test_phase7_run_PRISM_lens_SF_epoch02_000161,0,,,,,,,,,,,,,0.030739622351374743,0.15257589519023895,,0.026056476967286562,0.13427336513996124,,0.013447150301659045,0.07210080325603485,,0.012740758139953791,0.07299906015396118,,,,,,0.41014892681032267,0.41,1.6091463479830983
test_phase7_run_PRISM_lens_SF_epoch02_000196,6,4.633694148340275,1.2630242077250253,0.8252054957699377,4.003693694350014,0.24547947058780886,0.36008035683340095,1.9011264880297087,0.6932851713653269,-2.4544420163438927,0.3440468372111324,0.26878229488834704,1.2800204617422828,0.027980262190016522,17.624042510986328,3078.2615237699356,0.024505496287103325,17.228973388671875,3225.1628996005747,0.0252977241789029,32.76144790649414,6327.966597668827,0.018773051657941266,21.665088653564453,4343.010011482635,0.37371329131598585,0.7823966602276949,0.3230979380296546,-0.408683368911709,0.41438989589870084,0.34,4.914517604556521
test_phase7_run_PRISM_lens_SF_epoch02_000198,11,4.7318780979322765,2.2478717098981242,0.4459435593800514,2.7246588364045716,1.6053569156516097,0.3482381389024818,2.4009403410643335,0.4295902870620726,-0.8499903166634664,0.1783444142194548,0.06108952966591195,2.9193941284994254,0.02503345541853584,1.2952823638916016,463.05653437096043,0.02684751664095523,1.3977078199386597,595.0233632529853,0.014781390175535775,2.910003900527954,1312.5234578093514,0.019310412058486333,2.109811305999756,1123.9601177158765,0.9627922101098885,1.1311826422698918,0.6905422068373844,-0.16839043216000352,1.492447342000585,3.1384,3.6384
test_phase7_run_PRISM_lens_SF_epoch02_000200,1,0.0,1.046413043845149,0.7494181004223406,2.179377167900401,1.378604337316695,0.2407711670322933,1.3785534991720316,0.5066191865987466,-1.2022517432831914,,,,0.02637884553343961,1.9702537059783936,461.81112262792885,0.020991457167196664,1.9172000885009766,483.65024692215957,0.011542757555132661,3.601850986480713,892.2697416446172,0.012121093511079043,2.465575695037842,665.6528760773363,0.3969585604859472,0.7150794424576532,0.3467909974078092,-0.318120881971706,0.49783697211033934,1.1701,3.3607121211594295
test_phase7_run_PRISM_lens_SF_epoch02_000202,0,,,,,,,,,,,,,0.022852480602992914,0.11469589173793793,,0.02660862561225441,0.1262616217136383,,0.010182555246397287,0.06336433440446854,,0.012135229949871268,0.06931445747613907,,,,,,3.595704898515124,0.9322,1.4322
test_phase7_run_PRISM_lens_SF_epoch02_000211,0,,,,,,,,,,,,,0.02586684179490128,0.12618005275726318,,0.02320639337601407,0.10481258481740952,,0.012951975616511952,0.07501165568828583,,0.010871892724779378,0.0670856237411499,,,,,,0.7394240350659964,0.3,1.899036259633229
test_phase7_run_PRISM_lens_SF_epoch02_000227,4,3.9294167708066454,1.3199117233405326,0.6146359773453903,3.844726778002911,0.11989195982791549,0.3060587527579325,1.701548068140976,0.6066803388897322,-2.3652871996849845,0.17262756141669988,0.06307396961056781,2.7369065635560816,0.03354517117195896,6.599172592163086,1309.111290787856,0.023602438068875218,6.344038963317871,1391.1313639513683,0.017847082220090293,11.936979293823242,2647.324492313899,0.014946827997647015,7.688194751739502,1948.6906750565395,0.43191584597703775,0.7645765226760177,0.36593691196128797,-0.3326606766989801,1.1577018110540065,1.6519,2.9714484796584686
test_phase7_run_PRISM_lens_SF_epoch02_000240,3,2.3212269398714342,0.8775779833612567,0.7955174240925651,3.291146257416402,0.42092094793274976,0.23529026412284196,1.4473411468355684,0.5020307705174962,-2.0816932260319,0.30793981925663094,0.2876560843283878,1.070513839384281,0.03725294718904662,1.3059605360031128,239.76792529886006,0.021223456710688315,1.4061942100524902,259.7685350199172,0.011588129632726527,3.006864309310913,559.4311742535792,0.011527149713648615,1.8593697547912598,375.52169975970173,0.48710988171254643,0.9198889459240062,0.4001212322677511,-0.4327790642114598,0.5474012958784668,1.6154,2.510510212408747
test_phase7_run_PRISM_lens_SF_epoch02_000288,5,4.412227826701466,1.3143178242639857,0.6157912357296341,3.5926276335421967,0.3165084768767535,0.2832882112197616,1.6047187462031316,0.5784616086329722,-2.251650818126183,0.1829310247664242,0.15003605464892059,1.2192471016015234,0.026606347596902096,5.6028900146484375,1325.4992250644282,0.11048094748723424,5.243830680847168,1410.5235906299204,0.01682704532132545,10.36693286895752,2569.3211858402938,0.0181058692547464,6.825406074523926,1927.3762718774378,0.4064675746829866,0.7185972995078964,0.33896538506661217,-0.3121297248249097,0.7236775486902621,1.1876,3.7342346634842
test_phase7_run_PRISM_lens_SF_epoch02_000292,3,1.442509120145445,0.8646923796128108,0.8334264534754856,3.874535791673288,0.21773432763235326,0.3407216275543933,1.8614192218251306,0.6591616339516166,-2.384946742851514,0.14875134940815787,0.059205071512785555,2.5124764755335947,0.02432396362794229,6.955881118774414,768.525816962996,0.02665437699528844,7.109575271606445,861.7299754293635,0.03393971392266696,14.7628812789917,1786.427638977766,0.01261862689399596,10.621814727783203,1358.654568169266,0.6186264801938093,0.9158174202535727,0.4943446328094711,-0.29719094005976315,1.0938412023152428,1.4079,2.4727277904409144
test_phase7_run_PRISM_lens_SF_epoch02_000324,0,,,,,,,,,,,,,0.028928154944919297,0.13832078874111176,,0.02279744265544699,0.11407154053449631,,0.009444291593896382,0.06980367004871368,,0.012900547937395755,0.06769882142543793,,,,,,1.8875316320912292,0.6557,1.8140465285067595
test_phase7_run_PRISM_lens_SF_epoch02_000334,2,1.6173356890622688,0.8517219774108238,0.7111373526264592,3.340424302805319,0.3201361474709622,0.26434067005240874,1.4606410164445427,0.6351308460048241,-2.213323136843948,0.11379586484602143,0.0417982513886237,2.722503001094286,0.025379549375168464,4.567838191986084,638.7931408452569,0.029858250327631546,4.525736331939697,706.8816599587517,0.013996225867634148,10.768385887145996,1449.4462575551588,0.015179668282560312,6.511863708496094,1069.9874392866623,0.5600460882543391,0.8896046826958746,0.4500799135997257,-0.32955859444153535,0.4011498817552335,0.7876,5.787681791859472
test_phase7_run_PRISM_lens_SF_epoch02_000338,7,3.8649362126503854,0.8440844701166169,0.5332000487071679,3.3281243389200066,0.24638406945275584,0.23097198809011737,1.472409947397506,0.49705131749211223,-2.1391772524482455,0.2096073243513952,0.13093390965548218,1.60086355706418,0.032259144296646995,1.6418217420578003,265.57767795328255,0.02773842819398551,1.4924050569534302,278.8671605081763,0.021580483553239917,3.094059705734253,521.4705411763862,0.012754348546624767,1.8938407897949219,381.8330211378634,0.3942047858379457,0.7325955249630167,0.34119027276442343,-0.33839073912507095,2.349993272708655,1.3015,3.424130179539019
test_phase7_run_PRISM_lens_SF_epoch02_000391,5,2.8997186400807498,0.8244733298317088,0.9018017613031378,3.4555992583686166,0.44125734200031674,0.26273806056645366,1.7688126179119277,0.47772412958436694,-2.188894708731702,0.12023757901820398,0.09939978033087267,1.2096362649692827,0.030867406346664204,1.399843692779541,183.5549599842634,0.02872892521823271,1.335120439529419,198.7966231579776,0.01705648554757356,2.7343881130218506,355.62186282873154,0.013820572084676436,1.7683254480361938,267.8992459892761,0.410513417150491,0.7180558203701919,0.3239062206429754,-0.307542403219701,0.8396980006675504,0.5215,3.8601541183240284
test_phase7_run_PRISM_lens_SF_epoch02_000405,4,2.575621031226092,1.0196957726662945,0.8118583993120677,3.481661243949306,0.40528939579194984,0.2589303184787628,1.5723001856355512,0.5239433274524864,-2.1331638620004925,0.0976456035796393,0.06525784214079053,1.4963045110957516,0.03653920030798792,2.1094040870666504,374.01658767837216,0.034982825499515834,2.105806827545166,407.18064950266853,0.013766445102070958,4.688737869262695,840.8559085950255,0.014497009887112226,2.9720261096954346,636.2178252346202,0.5767874228778538,0.8795767915677424,0.4845467550022909,-0.3027893686898885,0.914249614206658,0.9101,2.9785399400369674
test_phase7_run_PRISM_lens_SF_epoch03_000083,6,4.455359985479575,0.914669031546698,0.5578916824747888,2.8837139801319234,1.9884404475739166,0.43324579909896255,2.316233109476016,0.6509458224494977,-1.5486043763877329,1.0854179916502904,0.40405689243803217,2.6862999047015506,0.025492063386180677,9.112151145935059,692.5638465037628,0.026361893254028698,9.101747512817383,795.0420822799206,0.013399152210459652,13.067924499511719,1254.0394257991575,0.01658605794191501,14.6390962600708,1371.9552179530729,0.7422002979696838,0.6446284348050936,0.5923745473060602,0.0975718631645899,2.033504616669789,0.6159,2.916864004775125
test_phase7_run_PRISM_lens_SF_epoch03_000086,7,4.560141716634282,2.2583823859041536,0.7395593834839874,1.714339620257625,1.2203707021109205,0.2864072101263317,1.808086192387578,0.40248355781816475,-0.6874894556365904,0.09301018858129913,0.08899383787128971,1.0451306607971913,0.03616142101526158,2.6207709312438965,1297.5877107376582,0.02642503760825051,2.605437994003296,1486.669240345247,0.020681262008337486,3.422198534011841,2713.7871730029583,0.022730609438911642,3.544783592224121,2400.7902087448165,0.6680437186736855,0.8010976541225467,0.5203496384644026,-0.13305393544886138,1.5232517295535022,2.9269,3.4269
test_phase7_run_PRISM_lens_SF_epoch03_000087,4,2.8249099996077764,3.1487596709798447,0.8031032062718579,2.39551883276215,1.759659574581232,0.38018973762848796,3.0658898558726815,0.3708552237525486,-0.9365618069810892,0.17426467929083095,0.039638904720811066,4.396304098668478,0.033926392322600564,1.4364304542541504,630.7793383111712,0.027942651641500015,1.3945215940475464,722.8961742205429,0.021914884726877547,3.0185024738311768,1435.568516753614,0.019397232396386053,1.9911425113677979,1109.3542597964406,0.6129819903266466,0.8928661652351367,0.46498582253440723,-0.2798841749084903,2.3335879400667072,1.5602,5.0515740567748395
test_phase7_run_PRISM_lens_SF_epoch03_000139,7,5.229615956184576,0.6164964770456316,0.6097640526549014,3.280048694024129,0.2836284188577389,0.21288746715543747,1.3058065398387868,0.5322672185919498,-2.1255872278903287,4.34744748294381,0.7255466172507814,5.991961618423669,0.03022307425099631,1.9595205783843994,898.571281027147,0.02791678798829921,1.914210319519043,978.0468717883341,0.019301062112907823,3.65384578704834,1864.2778387367725,0.018552427192283887,2.4176180362701416,1313.5740079311654,0.412255030573624,0.7923952572202203,0.3202371949811747,-0.3801402266465964,3.111141351282633,1.8564,4.250535363514306
test_phase7_run_PRISM_lens_SF_epoch03_000158,12,5.030097097959146,1.9000729995543872,0.7735654138240611,1.1457448989406602,1.9820897493316396,0.3954420272414887,2.5105510130431434,0.521377944223391,-0.8562812970027646,0.7956848620505459,0.26631313548870766,2.987779256890184,0.02430765685997455,2.3430960178375244,681.229997467366,0.021720586749827436,2.154191017150879,750.8357325349352,0.016447024835806984,4.120272636413574,1428.1315064886585,0.014222018989423015,2.6655807495117188,1126.979430584237,0.5465555647609069,0.8036860920576003,0.4409276419756359,-0.25713052729669345,2.1469058338410982,0.3409,5.216804065289079
test_phase7_run_PRISM_lens_SF_epoch03_000161,0,,,,,,,,,,,,,0.030843987028806377,0.1383242905139923,,0.026079836640210227,0.14449289441108704,,0.013382559764220738,0.07951077818870544,,0.012728373170847187,0.073216512799263,,,,,,0.41014892681032267,0.41,1.6091463479830983
test_phase7_run_PRISM_lens_SF_epoch03_000196,11,4.2534216313266535,1.2624277335709575,0.8244751790533975,3.9651396716977274,0.1022479919676268,0.3601533778768546,1.8986630167106062,0.6925227940564452,-2.4575318765977276,0.334987069661429,0.29460169368609596,1.1370846700506905,0.028053277645905178,17.728227615356445,3077.1555461762473,0.024573377531555626,16.95635414123535,3234.0903653374407,0.025361668143480218,35.70973205566406,6316.78080901131,0.018649502830369383,20.74842643737793,4318.733134105598,0.3680172971452703,0.7808658935209298,0.3140105452435017,-0.41284859637565946,0.41438989589870084,0.34,4.914517604556521
test_phase7_run_PRISM_lens_SF_epoch03_000198,7,4.039927911748918,2.2866125928101204,0.47844584607383667,2.8218278195837114,1.4971025130352658,0.3656939267310947,2.50168933354683,0.43104499537990343,-0.856106094701624,0.16677087277556063,0.07012898674528531,2.378059066806244,0.025265359404459432,1.2792541980743408,512.6194391563677,0.026885608722511656,1.385780692100525,657.071952293405,0.014482805104564095,3.044590950012207,1414.1970343878493,0.019358723588553027,2.0398595333099365,1195.9156840536743,0.9197637260480819,1.101787127605415,0.6502190805546069,-0.18202340155733304,1.492447342000585,3.1384,3.6384
test_phase7_run_PRISM_lens_SF_epoch03_000200,0,,,,,,,,,,,,,0.025458992149314106,0.14014901220798492,,0.020100286364873675,0.09873901307582855,,0.010388425825988338,0.06403759866952896,,0.011120359673755085,0.06437951326370239,,,,,,0.49783697211033934,1.1701,3.3607121211594295
test_phase7_run_PRISM_lens_SF_epoch03_000202,2,0.18190898496129634,0.5850461040803816,0.8305072134612996,3.1495171732632037,0.12242158206254058,0.181137262517749,1.1214228288266141,0.5063876884186068,-2.039818578443262,6.5955896932971,4.907278316600121,1.3440423118016018,0.029647042655290213,2.3575451374053955,1560.4538191789761,0.034270078431372385,2.4040515422821045,1773.0505299121141,0.034495964606963914,5.503459453582764,3784.5675148982555,0.02756969499285101,3.0531163215637207,2609.619956418872,0.5583158609902827,0.9619133419481001,0.4196403804863483,-0.403597480957817,3.595704898515124,0.9322,1.4322
test_phase7_run_PRISM_lens_SF_epoch03_000211,0,,,,,,,,,,,,,0.02597642809853404,0.12806770205497742,,0.023074887285771842,0.11898341774940491,,0.012930967137619128,0.07367159426212311,,0.010897368257468159,0.07278823852539062,,,,,,0.7394240350659964,0.3,1.899036259633229
test_phase7_run_PRISM_lens_SF_epoch03_000227,8,5.027955707362841,1.2953484016169936,0.5944721207271613,3.8633989249031004,0.1765164674264044,0.30965500023630393,1.7180242644997383,0.6145162938715156,-2.3701640151885606,0.18368507612842463,0.05520929963759981,3.3270676739997533,0.03328482710656976,6.541186332702637,1296.9475479976973,0.02350059758447136,6.331495761871338,1368.7969706274453,0.01776181200826022,12.083978652954102,2624.352419498842,0.014860268654548345,8.295354843139648,1941.0680475458503,0.4377958704822962,0.765249357040596,0.37925431310289826,-0.32745348655829976,1.1577018110540065,1.6519,2.9714484796584686
test_phase7_run_PRISM_lens_SF_epoch03_000240,3,3.654982428435096,0.9490137128072574,0.8157148360964894,3.1382669494302884,0.5584618140031222,0.24167215743186654,1.4678211689770424,0.4898156513970408,-2.005144603054757,0.2993022140436407,0.25576095656488784,1.1702420027808516,0.03741692607702532,1.3076722621917725,253.50643163191853,0.021375489695388068,1.4185144901275635,281.13434156231233,0.011555235766773225,3.1149678230285645,630.5628237575293,0.01166350294093877,2.0062921047210693,416.09359934402164,0.5380051326281933,0.9893484505143256,0.42569283935399316,-0.45134331788613236,0.5474012958784668,1.6154,2.510510212408747
test_phase7_run_PRISM_lens_SF_epoch03_000288,10,5.7750521529224175,1.2900978530493443,0.6077198598372855,3.6124630394584045,0.3746093604037032,0.2878670213893014,1.6275301381310867,0.5809141193950271,-2.273138156788843,0.17554566910102812,0.12179545490159702,1.4413154353161852,0.02660020299134334,5.577508926391602,1294.5774012865731,0.11033678429691963,5.538632392883301,1379.7748730224557,0.016822935657997494,10.201146125793457,2500.5097918938845,0.01818662632501078,7.1327714920043945,1885.0469065960497,0.4079853498448744,0.714751345135324,0.3387848241803433,-0.30676599529044957,0.7236775486902621,1.1876,3.7342346634842
test_phase7_run_PRISM_lens_SF_epoch03_000292,3,1.9900774793508413,0.8598847600367299,0.829214872669171,3.93586285872076,0.17797257485455822,0.3392233415712319,1.8528289692670519,0.65891014689201,-2.3792155126491537,0.21782320034105843,0.050243421379715984,4.335357632093839,0.024398004979781156,7.079565048217773,763.8273731293157,0.02667365102204764,7.066084861755371,864.0773299915018,0.03370803827122202,16.597774505615234,1792.9047518605366,0.012665458795582254,10.320683479309082,1352.300541954115,0.6201950101081256,0.9264050005541127,0.48630152746884636,-0.30620999044598707,1.0938412023152428,1.4079,2.4727277904409144
test_phase7_run_PRISM_lens_SF_epoch03_000324,8,3.0591157094792543,1.196903135955001,0.7303105888052278,3.4871476712804386,1.1876112992237096,0.3277348647985039,1.99553590300406,0.5603087487598504,-1.8159636263390073,0.9948188460675467,0.23467446569250944,4.239143969634274,0.03037963094434345,2.54079008102417,441.0337336686207,0.024372611077557865,2.577944278717041,514.290456596922,0.012998328419012975,5.9557952880859375,1099.2378192868564,0.015484895014285818,3.8136417865753174,786.4155783773167,0.6279507476538893,0.9915496323528507,0.4611091064116079,-0.36359888469896157,1.8875316320912292,0.6557,1.8140465285067595
test_phase7_run_PRISM_lens_SF_epoch03_000334,3,1.7273218158480719,0.8480211882231362,0.6891186062170094,3.4198004930739594,0.289722556316595,0.2707377136490043,1.500903118990746,0.634960030247401,-2.2334318492363283,0.1756143433216369,0.08028375185595435,2.1874207328616797,0.025469722227655523,4.561151027679443,620.5404909162899,0.029977699373208978,4.499831676483154,682.8746807613643,0.013943427322111943,9.883533477783203,1401.2712939940393,0.015213473581891254,6.815037727355957,1038.7546698367223,0.5593571607171257,0.8843802508720504,0.4554299468053777,-0.3250230901549246,0.4011498817552335,0.7876,5.787681791859472
test_phase7_run_PRISM_lens_SF_epoch03_000338,4,2.9184179926724036,0.8669727477424263,0.5206573804210468,3.3333390752716263,0.28133282722664404,0.23239641461804608,1.488477588746799,0.4954214202878183,-2.1506727521628344,0.1184048418353238,0.10097593656159522,1.1726045419058528,0.03235750384642509,1.6098442077636719,267.11224201577716,0.027645029279011683,1.4983665943145752,282.43468657135963,0.021440879590226492,3.037003755569458,522.378517717123,0.012730338688885894,1.9068853855133057,382.0889174011536,0.3886766210392605,0.7282287902455244,0.3281160212352308,-0.33955216920626397,2.349993272708655,1.3015,3.424130179539019
test_phase7_run_PRISM_lens_SF_epoch03_000391,3,2.2335825920845913,0.8850493925913533,0.8656911747141337,3.522999866150699,0.5348512249791485,0.2784585321618051,1.8499283312490244,0.46499284311564065,-2.1816406811677997,0.1505338779534934,0.10037031695670956,1.4997848220248198,0.031003523057648984,1.3918414115905762,197.21933348837774,0.02884934122356574,1.3230420351028442,211.42731553122576,0.016970692512992363,2.5025744438171387,384.476666001603,0.013721964365850091,1.7578296661376953,291.5896163005382,0.42455641914256637,0.7248012518285489,0.3490273969177098,-0.3002448326859825,0.8396980006675504,0.5215,3.8601541183240284
test_phase7_run_PRISM_lens_SF_epoch03_000405,7,3.754295046799738,1.0784421293855952,0.8241749827241877,3.5062771016360443,0.5572822341232123,0.262516098892665,1.5989784960752869,0.5106863897326493,-2.0655786033996573,0.24045754959520765,0.09293906154378467,2.587260357496996,0.036421140254434735,2.0254411697387695,394.6283002505079,0.03514459228995741,2.1040539741516113,426.06237631320255,0.013881135307286506,4.606126308441162,883.2260800367221,0.014547092679780355,3.0549769401550293,670.4785797721706,0.5754917020529846,0.8747091439941661,0.49227930611718707,-0.2992174419411816,0.914249614206658,0.9101,2.9785399400369674
test_phase7_run_PRISM_nonlens_000000,3,3.064048984207408,2.0134146952219623,0.2385331917253335,1.2097445404516416,1.6966512527445774,0.5038056764869484,2.6654968784826782,0.686928399400826,-0.8662976847414036,0.10793930859677948,0.09593613893175311,1.1251162471064753,0.032864786561083,16.133197784423828,2256.087848451294,0.02305964567634308,16.298038482666016,2560.9603741294886,0.0154094851694323,34.75837326049805,5431.280276054516,0.0166472907879635,22.496749877929688,4012.633947129827,0.6251838415431321,0.9538655208796608,0.4875667108258897,-0.3286816793365287,0.0,0.0,0.0
test_phase7_run_PRISM_nonlens_000001,3,2.0191173479185767,1.7876326978431905,0.29824116246398064,1.222773236127476,1.9969965746479785,0.23570168045435838,1.7128835951298538,0.39873908726145707,-0.7638973814238492,0.12038400348931375,0.04317284408204085,2.7884195736687962,0.040533461045672854,2.0411250591278076,517.7594881434925,0.026904980085499793,2.057954788208008,562.724117658101,0.027370441254603868,3.3145411014556885,922.7478385129943,0.016975498152160862,1.1680854558944702,477.82318033935735,-0.08715212917433822,0.6273874257605466,-0.1775707857311169,-0.7145395549348849,0.0,0.0,0.0
test_phase7_run_PRISM_nonlens_000002,9,5.484813634656297,1.6090572394147356,0.9004363227989147,3.5259835214678055,0.34593403730089944,0.2612863308237771,1.4434687539580464,0.5910637619491708,-2.0840224695825476,0.22495241543371836,0.18946625783647703,1.1872953949819838,0.034080822299393916,43.27852249145508,4231.0072272508405,0.03786965334848733,35.260955810546875,4401.789559056982,0.03374573752556861,83.03630065917969,7229.6773514822125,0.0319449338040938,44.49911880493164,6220.426108527929,0.41844092089027396,0.5816878717657419,0.3754771489734501,-0.16324695087546798,0.0,0.0,0.0
test_phase7_run_PRISM_nonlens_000003,5,3.9041147444543753,2.060384026055468,0.2140719866763781,1.305607399356663,1.6329285730058298,0.5260203714911605,2.7711854640924867,0.6914103305418136,-0.8057137401189112,0.29083184166453124,0.14673122410747821,1.9820719375414035,0.03438625719699068,20.367645263671875,3733.9596038694144,0.02489980745784732,19.770263671875,3696.593042564171,0.020680174595681035,42.76824188232422,5962.386836390942,0.029454714930170246,29.634389877319336,5062.515751959756,0.330491930842694,0.5081263355216635,0.341411864360312,-0.17763440467896957,0.0,0.0,0.0
test_phase7_run_PRISM_nonlens_000004,5,4.459045542604208,0.8572508359998046,0.5535803928083127,3.623910652554711,1.41567545666571,0.7853988952043279,3.9605298655308623,0.8622971097088986,-1.8923180421619983,0.3373080885276341,0.18095087142956018,1.8640865659436188,0.03122297870734682,82.58745574951172,6200.613242078871,0.02446690532560534,82.57184600830078,6660.186177644199,0.01388775994765168,82.60291290283203,10212.982341329815,0.014347230296082784,82.59003448486328,9344.911922389641,0.44535142244386294,0.5417948438711238,0.3677221072365129,-0.09644342142726092,0.0,0.0,0.0
test_phase7_run_PRISM_nonlens_000005,4,3.22323678557604,2.1625460495904334,0.5307782129857747,1.402007430897828,1.9986613479463813,0.3778133678393313,2.200350743361101,0.5179637546801115,-0.7032899010528672,0.12698338211194207,0.06231342116180542,2.037817531831741,0.0629423407581042,4.67024040222168,1219.467848888482,0.030007126194660054,4.564229488372803,1254.5505515830591,0.01930495462852562,9.304594993591309,2261.9488749783486,0.018988911578544217,6.442898273468018,1783.5327259926125,0.4127768198046369,0.6707810750160546,0.381982292223784,-0.25800425521141784,0.0,0.0,0.0
test_phase7_run_PRISM_nonlens_000006,8,4.407739981298661,1.339458576490689,0.8993803933425332,3.2589310883231826,0.2196094396399468,0.20539958598782676,1.3006894780326084,0.49561726370866704,-2.137717772826819,0.14588454097422476,0.10907047438031964,1.337525501773629,0.041640191526600194,2.189145803451538,761.1818230443168,0.029561746727296025,2.0770022869110107,807.8917549345642,0.017478260476504272,4.056201457977295,1547.9284188821912,0.01594421169584688,2.6994385719299316,1129.4171379157342,0.42841491166203366,0.7706561620826382,0.36375299398885846,-0.3422412504206046,0.0,0.0,0.0
test_phase7_run_PRISM_nonlens_000007,8,4.409509200528025,0.688043020241347,0.6257007714791704,2.9368487640853527,0.282484533090542,0.27838761130510364,1.420412693557343,0.7697969760455828,-1.9944841366523884,0.7082751248495807,0.6318179812079168,1.1210113449058419,0.025192093869869397,16.850221633911133,3694.000694092305,0.029246344357935494,17.583959579467773,3947.0554456174723,0.01329100174135632,36.604637145996094,7161.921020696871,0.013341995283267013,23.68535614013672,6183.518731242977,0.5593467699831468,0.7188313868475759,0.4874061339523633,-0.15948461686442905,0.0,0.0,0.0
test_phase7_run_PRISM_nonlens_000008,5,3.646579693041123,0.928828153922522,0.9130146512858145,4.179030228045267,0.21077743611663502,0.5638300710102621,2.8648775952136942,0.8081718662230856,-2.577524783038631,0.16178864818992833,0.06923861715434064,2.33668225680018,0.034179830336527856,60.02835464477539,5048.132759818254,0.026998618906097824,57.17228317260742,5312.336046398472,0.01594477014065552,82.26319885253906,9620.505592702888,0.015154663527922996,72.0271224975586,7216.156840009382,0.3879379900705764,0.7001678214749665,0.33255106029601433,-0.31222983140439003,0.0,0.0,0.0
test_phase7_run_PRISM_nonlens_000009,6,4.612638101205141,0.9776617611587131,0.5262094450270502,2.350179685800769,1.0922948915303021,0.2894415772346947,1.4983803272949816,0.7029122101939659,-1.4736531034961748,0.958693436778727,0.3633312201431714,2.6386211358356486,0.033391797334076254,13.099319458007812,3355.0478782780992,0.025542629120909283,13.070600509643555,3882.9465947330827,0.012087171566350407,27.537988662719727,7559.057888676412,0.013051692722636473,17.202640533447266,5642.203002764494,0.5643749639344863,0.8819223727626602,0.4057182258575703,-0.3175474088281738,0.0,0.0,0.0
test_phase7_run_PRISM_nonlens_000010,3,4.114481313462519,1.8666813108255789,0.6540861745615508,2.8400678566700903,1.9969875710087264,0.8778418050452345,4.537556934657383,0.7983347022031906,-1.3944785581700292,0.3559260899194935,0.2679502771547968,1.3283288739196655,0.042488286013549544,46.8558464050293,3061.2438087930204,0.023636636566243065,46.614540100097656,3388.2399004088393,0.020060959912593566,80.37572479248047,6254.437049938366,0.017777904693917698,63.19965362548828,4555.955098896287,0.43170378863492226,0.7757257649180418,0.3215132069588494,-0.34402197628311953,0.0,0.0,0.0
test_phase7_run_PRISM_nonlens_000011,2,3.3099636218719053,0.8320568529262562,0.5189865897812638,2.976062117828337,0.5477244687987203,0.4117613868266279,2.0937576456549105,0.8146510227787194,-2.038618457071211,0.2893666145506449,0.2043951458457334,1.4157215591071004,0.03358988289169028,36.15399932861328,8535.350817456725,0.024648527685336413,40.45988464355469,9836.42876356146,0.014348806982875089,45.94282531738281,11502.398335746024,0.014415313607726257,40.54414749145508,11059.98901221482,0.2813332986227971,0.32391756842480296,0.12729311103770163,-0.04258426980200577,0.0,0.0,0.0
test_phase7_run_PRISM_nonlens_000012,6,6.093220856277256,0.5240075984886543,0.8785698600564289,3.6228085353097965,0.06563402775708649,0.367400890085377,1.9262559199239493,0.7230127688229412,-2.3096435239352644,0.8824835779026372,0.8079928140426667,1.0921923593444693,0.03412955005744085,20.4617919921875,2541.8835132527165,0.030345856711484744,16.584312438964844,2415.068421028118,0.022313331726897926,23.68770980834961,3818.311896396801,0.017158160329511868,14.570775985717773,1662.1403157750028,-0.46121990175435285,0.4417893907276027,-0.40565438906217266,-0.9030092924819555,0.0,0.0,0.0
test_phase7_run_PRISM_nonlens_000013,2,2.842671093366598,2.562413014527816,0.4102645960088648,2.5002748274514226,1.711159128681783,0.39663792507917245,2.158232610096481,0.606837627064021,-0.7481741209757341,0.13510708379324016,0.05424022313255581,2.4909020647473485,0.04853793741033356,16.05177879333496,7629.407947783358,0.04510421181799271,14.401176452636719,7979.7944091670215,0.061136974280620274,23.644502639770508,10355.78586607799,0.039833375209764835,14.505800247192383,7832.522780904546,0.028527073173541015,0.3317305605215562,-0.020225089155513673,-0.30320348734801517,0.0,0.0,0.0
test_phase7_run_PRISM_nonlens_000014,3,5.131015686391519,0.5369464560912467,0.6000479027946204,3.8837209547484948,1.6922513511363413,0.56579832339088,2.9084032593129097,0.8059859418504322,-2.467736805307545,0.1951593307157461,0.13264550781281273,1.4712848850573357,0.03754653534160349,27.229944229125977,1334.959778536715,0.02893699696956826,24.733613967895508,1430.8251714431972,0.013081067595518211,51.119232177734375,2705.104805542156,0.011862925071446175,28.255069732666016,2046.7595617142506,0.4639966176054891,0.7667897875441533,0.38870064041945934,-0.30279316993866406,0.0,0.0,0.0
test_phase7_run_PRISM_nonlens_000015,4,4.622515716382483,2.006951414679545,0.4728314342863806,2.4854343891567447,1.7534300773748732,0.35537072828282207,2.01663112920224,0.5904082003461695,-1.268152210346072,0.15834002954417895,0.10528647232981057,1.503897186793169,0.03350966219333037,72.99825286865234,4479.346809491166,0.03473078005450147,61.84326934814453,4708.122136252699,0.035972761553424666,80.84384155273438,7986.21527563408,0.026875060530290776,35.72201919555664,5573.3222269658,0.23724866079657972,0.6278158105008598,0.1831660807989891,-0.39056714970428036,0.0,0.0,0.0
test_phase7_run_PRISM_nonlens_000016,2,2.357967200845269,1.0608105771496248,0.7049297245036227,4.2477072571757315,0.19790816993183064,0.5256227463941395,2.69624503620079,0.7817083693035546,-2.574066787831984,0.1782634828204708,0.14869099369249603,1.1988855437279065,0.0666977938137809,52.96468734741211,5128.548668532167,0.05681267626794075,51.662384033203125,5546.2496658720775,0.020064677629688613,80.83214569091797,9754.41879607737,0.017501316207763132,70.25877380371094,8100.580025742762,0.49630408891670247,0.6980172911014025,0.41129175303509463,-0.2017132021847,0.0,0.0,0.0
test_phase7_run_PRISM_nonlens_000017,3,5.948346232815096,0.5555125048577596,0.7216259909641775,2.7241549571740538,0.39564263455608595,0.2574589881452396,1.3222414671644165,0.7356108109707036,-1.9123847326470136,0.2668948648834864,0.25137819067111455,1.0617264137789613,0.027711818850393387,7.939135551452637,1209.9335706563725,0.017703616309998286,8.317936897277832,1415.3107318262337,0.009922845902138237,17.99059295654297,2829.5892247883603,0.013669025443571337,11.618366241455078,2187.4077859243844,0.6429205671260686,0.922404665560148,0.47269488457669157,-0.2794840984340794,0.0,0.0,0.0
test_phase7_run_PRISM_nonlens_000018,4,6.151610984109507,2.0581935558429443,0.5663303667269824,1.74704374256937,1.7027914735976468,0.3105021033561722,1.7089443805175544,0.5974721027636785,-1.063776802580711,0.12976779040177325,0.09432443268310334,1.375760094288052,0.0796476125633506,14.971687316894531,8109.46973445639,0.04638322964678441,15.005560874938965,9351.280020203441,0.04661121223659778,17.824865341186523,11616.665608167648,0.0422709480596693,19.97565460205078,12270.56708025001,0.44968044166465465,0.39022257709827013,0.29498393002251927,0.05945786456638441,0.0,0.0,0.0
test_phase7_run_PRISM_nonlens_000019,5,4.819271893040243,1.2059658059618898,0.662881970589019,4.060714721656986,0.9064248541488166,0.527693120237693,2.7626854917665145,0.7380551521062693,-2.294589867388027,0.22553324981645764,0.20703602927220252,1.0893430028062203,0.03062574470475975,43.76118087768555,3239.6640440058254,0.029419322403604294,41.73270034790039,3487.1760140646948,0.020350306326655136,83.0002670288086,6556.551684584469,0.018370996017195402,55.04929733276367,4917.789806882851,0.4531749665757614,0.7654387830773473,0.3732402341343976,-0.31226381650158586,0.0,0.0,0.0
test_phase7_run_PRISM_nonlens_000020,7,4.215507248751717,0.6934420540729422,0.7394332545796836,3.996062654640871,0.3455983334903602,0.7207211875793597,3.641885818396871,0.8560820066781741,-2.438122015629923,0.400247337983632,0.304684332950951,1.3136459433510321,0.023985542973254798,76.45417022705078,4018.834256614078,0.025447026853689,71.59953308105469,4027.5345270810903,0.01373595966463294,83.22074890136719,7838.072193394415,0.012549848795213734,81.32962036132812,6160.913349820534,0.46386251290891845,0.7252729093468857,0.4615145712292707,-0.26141039643796726,0.0,0.0,0.0
test_phase7_run_PRISM_nonlens_000021,3,5.380321665707702,1.3751613803824232,0.8082160418070441,4.087944242028549,0.5995645412903315,0.4589574666503666,2.397662071084417,0.7365536204131191,-2.4190333253983938,0.12724082468809572,0.11639575057680189,1.0931741413028466,0.042318259565086135,58.286529541015625,8814.073735224083,0.041159199967870264,56.1529541015625,9217.64017262496,0.034224406288113185,61.37154769897461,9426.797835623845,0.026881784206197648,53.46428680419922,9489.876528194174,0.08020970642496324,0.07296878523577499,0.03160202815026676,0.007240921189188208,0.0,0.0,0.0
test_phase7_run_PRISM_nonlens_000022,2,3.7118673037384324,1.6789382583998265,0.32825345669013034,2.9435219935356978,1.9987578061177922,0.6410406130243922,3.269317865280512,0.7360154986835962,-0.812998495542525,0.2909227716927838,0.24667155931862977,1.1793932486436103,0.03734428132638745,30.33219337463379,6199.874315299821,0.030962343351984136,30.471839904785156,6873.304831119967,0.01855369795816069,58.51651382446289,10122.252570583485,0.019909280245334587,41.57120895385742,10065.582539891824,0.5261400724724555,0.5322357102985604,0.414183272999175,-0.0060956378261048435,0.0,0.0,0.0
test_phase7_run_PRISM_nonlens_000023,4,5.859456845317383,1.732830057341464,0.8012898874583902,2.140534006777201,1.7277294377534693,0.5601654279153377,2.909997565978759,0.6855822832480227,-1.0344295300636404,0.13879142619725449,0.10235438106656841,1.3559891110766273,0.03309916254565489,31.256498336791992,4527.606717231683,0.027716242926390307,28.61968421936035,4919.86590602342,0.03256211665188614,60.280303955078125,10301.00882908795,0.02684365436805487,37.77263259887695,7830.362992059439,0.5947829988351504,0.892527659584146,0.5045715728615104,-0.29774466074899575,0.0,0.0,0.0
test_phase7_run_PRISM_nonlens_000024,4,4.600742499030996,0.7673479306120414,0.5325100122550519,3.9705440283463633,1.364164684455044,0.8231491438643829,4.1572478055127595,0.8715665473253406,-2.512567011456121,0.47570843026311327,0.336235857095126,1.414805768703391,0.026725536968394623,83.13528442382812,6613.678742330232,0.022940335650441828,83.14837646484375,7208.7474245070225,0.015158843909559891,83.13719177246094,11188.129635264515,0.015165424772268458,83.12896728515625,10047.558143076953,0.4540435817219723,0.5707859862120277,0.36050179695941353,-0.11674240449005557,0.0,0.0,0.0
test_phase7_run_PRISM_nonlens_000025,3,3.111686169167229,0.6373578992870493,0.5287879746571067,3.0125787630595853,0.13241786199927147,0.39949238598556425,2.0170815764455887,0.8321988228298477,-1.9880999119401572,0.7510460279095338,0.626366967246779,1.1990511428321111,0.030078433199736226,40.39706039428711,7855.536577593826,0.027512448163169494,45.529266357421875,8641.210740018665,0.015489715638805813,63.65565490722656,12934.5017483728,0.013074832795876507,67.46281433105469,11130.2807817297,0.3783256629690324,0.5414346217524504,0.27482880900188256,-0.16310895878341794,0.0,0.0,0.0
test_phase7_run_PRISM_nonlens_000026,4,5.406379307731607,0.7161418724353543,0.5501682552723816,2.444646929274475,1.2458483935268636,0.3956198760850265,2.0070669746544545,0.7913950827524974,-1.2872859023800751,0.8611800977487615,0.4045201937882818,2.128892725191086,0.03263846651964812,31.68863868713379,3819.095797335787,0.029918272821068466,33.20155715942383,4387.474861042749,0.013392661180111443,70.0775375366211,8686.790315017104,0.013137905997692278,50.01609802246094,6948.897689951584,0.6498884131626537,0.8922469655570848,0.4992531910498221,-0.24235855239443121,0.0,0.0,0.0
test_phase7_run_PRISM_nonlens_000027,3,2.839753617414316,1.4975758093647273,0.4993781868796668,3.0329670334323815,0.5975329908866527,0.3325044944079407,1.731522981980789,0.693597619537268,-1.0463987202945595,0.16302902122038793,0.14626151405933732,1.1146405961191415,0.033024474554652385,28.510103225708008,5153.468902768043,0.025709462896176392,25.874238967895508,5846.654535454552,0.0170440270564932,51.870418548583984,12408.272766423877,0.015124094942694361,33.43927001953125,9145.99690566142,0.6228284758881221,0.9540291802198928,0.48580904229144434,-0.3312007043317706,0.0,0.0,0.0
test_phase7_run_PRISM_nonlens_000028,6,6.046505414506491,1.7152817597090242,0.3361587443920486,1.5101372565307871,1.9173354414421313,0.6028356204785037,3.097909197207744,0.7534544576315044,-0.8689113910658667,0.6079402354169251,0.2874488542873533,2.114950977710932,0.040776397278191955,32.837799072265625,4904.792230028547,0.030375417612479153,31.707836151123047,5134.811205351914,0.01832005644039682,61.27098846435547,10101.510834220797,0.020475882291431716,42.61026382446289,7800.156076162122,0.5037066940141027,0.7844142971051327,0.4539470311741588,-0.2807076030910299,0.0,0.0,0.0
test_phase7_run_PRISM_nonlens_000029,5,3.971648504306224,1.9516205221976204,0.5099321535125342,3.197977363667513,1.5767067371367016,0.7941007032844004,4.056998683313993,0.7992229993731967,-0.8422779714389609,0.19462951659511407,0.06469957959025696,3.008203729107741,0.027815519813088187,43.714454650878906,5191.626547356245,0.02125139056272164,40.48161315917969,5531.80673924397,0.017597935507656776,74.45088958740234,9465.429136631079,0.01576037481008197,49.09245681762695,7602.952482790686,0.4141970792421929,0.6520921598488716,0.3452881928940601,-0.23789508060667858,0.0,0.0,0.0
test_phase7_run_PRISM_nonlens_000030,4,5.75407981394259,2.1098061961591856,0.2843439954159388,1.0690711730266482,1.6428893037464958,0.40400230069999943,2.138945116887824,0.6565237196646183,-0.7574927241743139,0.3106097285188654,0.18147435185768537,1.7115902348693868,0.028742982720400833,14.62318229675293,3921.1530941270466,0.021909720030486954,13.950676918029785,4120.9906093834725,0.01779518305134117,29.984163284301758,6570.636086009443,0.017044780753769168,17.251943588256836,4430.990897081327,0.13271764744346332,0.5604840391275154,0.0787480823547349,-0.42776639168405206,0.0,0.0,0.0
test_phase7_run_PRISM_nonlens_000031,6,5.08129827625132,0.4088331119924318,0.6812827168640921,2.6340809428512895,0.733401570212931,0.6991080242392418,3.5139631161610754,0.9142514728388348,-1.8097408712005263,0.09699948481084927,0.05642116707336929,1.7192037996079115,0.05431521810884114,83.22054290771484,7244.630348945109,0.02050411843551224,83.2467269897461,8122.04654662923,0.014045595235662546,83.21569061279297,9205.945912799332,0.014244759521070287,83.21703338623047,9517.324305795133,0.2962465935370256,0.2601304702739861,0.17212348556141707,0.03611612326303957,0.0,0.0,0.0
test_phase7_run_PRISM_nonlens_000032,5,3.735372769468799,2.0299064543720577,0.7397891990813031,1.4162787287483283,1.965684029981778,0.3740849225617732,2.1159006224610124,0.5152156736674766,-0.8223850292513358,0.4193688490743093,0.38886507547238025,1.0784430783990413,0.03648785176247321,26.645614624023438,2507.05721172248,0.03103662849184791,23.017772674560547,2757.828763751313,0.030849314598946118,44.04853820800781,5442.7875667419285,0.02371751566121622,26.915632247924805,4178.6160177132115,0.5546705497651302,0.8416428481127637,0.45116291945279025,-0.28697229834763344,0.0,0.0,0.0
test_phase7_run_PRISM_nonlens_000033,5,5.978859074070838,1.3303634834242333,0.6162149078241228,2.960368684669122,1.499555383965377,0.43314329799161166,2.2725234817342495,0.679478463587683,-1.4949655664065413,0.9051351618373799,0.39785254883451315,2.2750518112524922,0.02363419095275177,11.807753562927246,3592.1457701316976,0.03400524971639793,11.954237937927246,3930.2402742506238,0.02039618949345862,26.045400619506836,7686.58300920669,0.01656294462608963,16.992591857910156,6369.7041802965105,0.6219132782898273,0.82594842366028,0.5242504044286245,-0.20403514537045267,0.0,0.0,0.0
test_phase7_run_PRISM_nonlens_000034,6,4.803082072326021,1.4129104358164797,0.41782079262696337,3.2218672405531645,0.3490496805972031,0.24346302153269997,1.8162707180141269,0.3600143791640542,-2.1569065629565234,0.32994740473717293,0.22907320498001232,1.4403579186224,0.032462889541167606,3.518660306930542,509.68236996929045,0.027352952697224958,3.6446011066436768,567.0166949703125,0.019325822655693926,5.289437294006348,1004.7726418692619,0.01591034301392437,4.324270725250244,790.9136039188597,0.477073585201745,0.7369204750084344,0.3613329983532022,-0.25984688980668946,0.0,0.0,0.0
test_phase7_run_PRISM_nonlens_000035,5,5.185341153892729,1.9915385800257717,0.6760824468971308,3.2501367007626802,0.6460989339274421,0.3449466108759488,2.0556501436888026,0.5773306670675838,-0.9229002865640817,0.12931923166051995,0.10426929794248009,1.2402426621483402,0.0438867163029389,11.497096061706543,2724.7066339412704,0.029488339224587223,11.204096794128418,3199.2061807271093,0.034996955234784716,25.690706253051758,5843.526252169162,0.03203410859313427,15.770960807800293,5062.5969717446715,0.6726340146952879,0.8283881258003789,0.49832781212887634,-0.15575411110509105,0.0,0.0,0.0
test_phase7_run_PRISM_nonlens_000036,5,4.941301034555325,1.2485562948434592,0.45437253945825135,3.1050228169138094,0.1583917267553785,0.2931254551936255,1.5159789705233067,0.7355610511289858,-2.0599936482712042,0.23381124114953064,0.2013345673877804,1.1613069935437292,0.044822622994884265,20.439966201782227,8506.279010504251,0.023735004056678412,20.820615768432617,9300.168055985589,0.017091746705539777,24.243820190429688,10572.831809963565,0.015088132518245088,21.09157371520996,10563.674068330787,0.23518842328429074,0.23612924976941926,0.1383104914991576,-0.0009408264851285697,0.0,0.0,0.0
test_phase7_run_PRISM_nonlens_000037,10,6.196285713483909,1.081527151939252,0.5057822442330174,3.130852737367926,1.4852699459906997,0.21244435944727844,1.4004914056245825,0.44907405060765004,-2.061264582278956,0.9084713995738057,0.5555891267008132,1.6351497103056536,0.03890096821333613,4.448526859283447,859.2794755760115,0.026454352895675933,4.470081806182861,937.6895292690024,0.024404421086361313,8.981192588806152,1828.07390239276,0.018645879235724933,5.962022304534912,1425.6983182420954,0.5497329969638616,0.8196482754484833,0.4549214270808948,-0.2699152784846215,0.0,0.0,0.0
test_phase7_run_PRISM_nonlens_000038,3,4.708350853346529,1.846018722532453,0.6381652715461535,3.9264701993104723,1.4015880814265955,0.6008771216884986,3.165962695646135,0.7457586050817042,-2.087470641937717,0.09632135908564878,0.07642145292754893,1.2603968571098207,0.03223964595796356,39.537506103515625,4206.359328030841,0.03334253641285258,38.65524673461914,4514.598636543378,0.023630449693469946,74.8804931640625,8379.86909029074,0.024632969420245888,50.75653076171875,6515.129203185439,0.4750416580486466,0.7483271616182784,0.3982597166411488,-0.2732855035696318,0.0,0.0,0.0
test_phase7_run_PRISM_nonlens_000039,2,2.192296072164465,0.8540186613733125,0.5067350707551648,2.560457111300436,1.0889516044128529,0.4263831809764544,2.187936575644061,0.8159352122194476,-1.7905033142444555,0.18967858893615555,0.15047834622263773,1.2605042100577033,0.03654088504306752,16.88089370727539,1964.951160449094,0.021077409179428932,17.50911521911621,2290.4474745884654,0.01101897516586657,36.03046417236328,4553.110739034135,0.013636604779559379,23.050779342651367,3475.682416541502,0.6192208162621796,0.9123911321967151,0.4527993749709705,-0.29317031593453574,0.0,0.0,0.0
test_phase7_run_PRISM_nonlens_000040,5,3.0177226294294126,1.6292303835323816,0.36829675422294444,2.6003197306590526,1.674829848365803,0.5061637741289898,2.666685746488256,0.6884044300348715,-0.9764395430761413,0.09642209755907256,0.07844986863241657,1.2290918932046448,0.030322447409642635,82.05970764160156,5823.8108451359,0.030677091582400718,82.03384399414062,6243.437369709987,0.027746390712944588,83.01525115966797,9655.86179621704,0.024471857950048432,81.95850372314453,7721.348527310416,0.30621473826344253,0.5489594506643575,0.23067349159864037,-0.24274471240091483,0.0,0.0,0.0
test_phase7_run_PRISM_nonlens_000041,4,4.137137673497352,1.2744173610012455,0.5202566377457436,3.540415459931067,1.2300840376969129,0.6192073116546158,3.1732935758161265,0.7776742670266511,-1.9671939542334729,0.17443382658629014,0.11630568959073834,1.4997875615552059,0.04705750338403053,61.466102600097656,5467.011077309959,0.028600639950157793,58.30411911010742,5734.9066110424465,0.023510882805912122,82.25308227539062,10594.250049289782,0.021218738484741446,71.91081237792969,8097.313770934008,0.42647753662678783,0.7183006630765532,0.37453654600723996,-0.29182312644976516,0.0,0.0,0.0
test_phase7_run_PRISM_nonlens_000042,7,5.235063256527506,2.05345718057803,0.3559072464902561,2.310433741634339,1.83847341313778,0.5498229732829941,2.891278891406687,0.7130972721359579,-1.3694719986566157,0.19536674326334103,0.1542990311279759,1.2661566429493876,0.035222398706884456,38.07977294921875,3651.3910150248557,0.03181640342203319,35.426822662353516,3887.807350497227,0.02845627142794384,70.60819244384766,7864.688404054381,0.023860210966805132,41.53441619873047,5490.85808771383,0.44295469218287675,0.8330579454057601,0.37483870725014773,-0.39010325322288325,0.0,0.0,0.0
test_phase7_run_PRISM_nonlens_000043,4,4.491085211977782,0.6645525790101177,0.9736416298797472,3.8988007671158087,0.3735026995668807,0.7057190945371544,3.5647698954598144,0.8588722707611205,-2.4895436718090975,0.36988602494737594,0.24865048173838084,1.48757413362486,0.03080875155560718,81.3592758178711,4368.695080467267,0.03536230686473503,81.3453598022461,4812.396300366498,0.013553787069360999,83.22586059570312,8958.450889146887,0.015048890346567851,83.20844268798828,7226.29264961998,0.5464095301434286,0.7797029591454756,0.4413854033761748,-0.23329342900204697,0.0,0.0,0.0
test_phase7_run_PRISM_nonlens_000044,4,2.85587630121666,0.7797567100751375,0.9033461028725465,4.131945061175136,0.12903935517659867,0.5764609023546496,2.937468020755237,0.8121980495225863,-2.544522791143872,0.17237176045163208,0.04911619297906718,3.5094690772368122,0.02596605098456028,41.28587341308594,2825.7287021933007,0.019671607985045792,39.611785888671875,3023.1764041204005,0.012709091132221228,76.0904541015625,5483.341972072609,0.0167988684119368,51.45493698120117,4218.982425282302,0.43519313328123865,0.7197871720337868,0.36186056755056534,-0.28459403875254813,0.0,0.0,0.0
test_phase7_run_PRISM_nonlens_000045,12,3.762078158356318,2.0269236237903874,0.44822854383379246,0.7136980873249807,1.582935754234969,0.5391709977462587,2.912959466992907,0.6818285072006691,-0.7087030519285201,0.1336542353165903,0.07279943594158432,1.8359240506181538,0.033104078443793546,13.949894905090332,1935.8111761151667,0.029655052176740422,13.75588607788086,2109.431290298293,0.019850561172314964,27.121984481811523,4119.865068589337,0.023013552633316378,17.795270919799805,3077.878457113635,0.5034711825973099,0.8200499991091114,0.41021520515731075,-0.31657881651180153,0.0,0.0,0.0
test_phase7_run_PRISM_nonlens_000046,5,5.428183134143752,1.0675283112180536,0.77629267772906,4.166887742351703,0.16394510540970836,0.4861696147093701,2.51136344077076,0.76302716041559,-2.5710213690645567,0.2649614197245459,0.2407494714857025,1.1005690608142469,0.0578727859606488,34.47147750854492,3765.7903629925568,0.02125944104973244,33.27190017700195,4016.0582298892914,0.02011907946062351,62.366268157958984,7426.743422809988,0.016753604767224598,44.532203674316406,5643.13258121768,0.4391602852832776,0.7373557014474481,0.36930063170960364,-0.2981954161641708,0.0,0.0,0.0
test_phase7_run_PRISM_nonlens_000047,9,5.042168089957504,1.7980773484843473,0.6101073720074162,2.583757246636163,1.3548682317148575,0.5056886275546894,2.7234257890557574,0.6205695899019225,-0.6123510421404509,0.3043650095704515,0.2898558526931922,1.050056456485,0.0418505195993207,20.69242286682129,2569.8636122236494,0.03237254532177972,20.45176124572754,2712.4243191104615,0.026026476196343826,46.13371658325195,5399.091612430289,0.03449860988093193,27.858474731445312,3894.653109253384,0.45139676680233654,0.8060265540597343,0.3927778806560508,-0.35462978725739785,0.0,0.0,0.0
test_phase7_run_PRISM_nonlens_000048,5,3.946102130285347,2.417312679749726,0.3126960315456775,3.3670919069435303,1.3394179199005496,0.40540516741814264,2.29671566691644,0.5904516259478714,-0.6423268426547193,0.42455535662708094,0.3863775610981517,1.0988095566948075,0.03299358623465062,12.051937103271484,2999.0474681695923,0.03580395992228683,11.458704948425293,3194.040720080957,0.03515300900168257,21.664262771606445,5853.271477043629,0.030050906007179714,14.490758895874023,4546.370902432129,0.4517038094179762,0.7260383190328107,0.38331103732026883,-0.27433450961483463,0.0,0.0,0.0
test_phase7_run_PRISM_nonlens_000049,4,5.5458132970987375,0.4795831137058689,0.4603739539611578,2.6294613793009165,0.6307597656829236,0.4869408592438379,2.445361397255021,0.8467174569170475,-1.7013697738104392,0.34927596592286503,0.2953657523014408,1.1825201913267358,0.032614481893457475,49.87976837158203,7180.599125512075,0.029176531346368606,52.119895935058594,7859.183028402491,0.011927019674344482,69.91144561767578,10969.710420231102,0.011112844383908842,66.91934967041016,11072.256809775718,0.4701886709908959,0.46008620328299915,0.3721468682543313,0.010102467707896877,0.0,0.0,0.0
tng_mode_test10_PRISM_lens_BR_000002,4,2.319722608559089,1.9967176376158107,0.30959201083784754,2.399067007141789,1.836198070972189,0.5139431076470126,2.7192001579487797,0.707456240364376,-0.8585122127888318,0.24720974533403514,0.07874204128102752,3.139488655770968,0.028424333230653045,4.878825664520264,749.822915966944,0.020623405141034,10.21455192565918,1789.8467990327044,0.018706468583981433,39.08364486694336,5872.176471810788,0.016161014175201906,19.657228469848633,3948.4116072794423,1.8036592770545687,2.234600973704315,0.8590164014457026,-0.43094169664974635,1.1202423799232653,1.3866954901650315,2.6912503241598693
tng_mode_test10_PRISM_lens_BR_000005,5,4.179405231205937,1.4234557515175879,0.6812976462873563,2.3930387281368075,1.627018094304474,0.2945730408152959,1.5775226919172074,0.6239086055524671,-1.3537183261898391,0.16083051100602558,0.07259709347878011,2.21538498718321,0.025913810202814552,3.6585357189178467,1387.353987033497,0.026630677031811982,10.041441917419434,3922.3559405347332,0.017464700939766698,11.15404224395752,4248.272410728969,0.014926966411983541,7.772721290588379,3672.5385003993288,1.0569476768450208,1.215062676269439,-0.07145161135203272,-0.15811499942441828,0.7136860072613499,1.3503997185064727,2.8044926728480055
tng_mode_test10_PRISM_lens_BR_000006,1,0.0,1.4223328192939049,0.5642541149975849,1.9390259447743938,1.698194162183568,0.34980047969711053,1.8853364111106763,0.6112468062952833,-1.0344685945123107,,,,0.025809637140719207,8.914420127868652,2043.0751867990475,0.03375431377630112,5.55201530456543,1329.1712917196855,0.020918305193556558,15.799062728881836,4193.617714255117,0.015266625291103269,7.042285919189453,1832.0266482912702,-0.11838140693107992,0.7807612219968345,0.348377084990733,-0.8991426289279145,0.7513074743172073,1.3822015477012286,2.760060887848169
tng_mode_test10_PRISM_lens_BR_000008,7,3.358485826900381,1.323723263327094,0.8699719215424069,3.4709551488166577,0.3114359771409177,0.23524260374102,1.3658637569507721,0.544451933455364,-2.203241397226216,0.18879840579126478,0.11039193641208833,1.7102554038592863,0.02739828696698977,4.286233901977539,1128.5001013720175,0.022048018053304225,3.3890719413757324,978.1058723585738,0.0168400888015742,7.075325965881348,2206.2462401222438,0.019210005341009573,4.548564910888672,1478.100745656062,0.29300608414182966,0.7278809504581316,0.44829542437143144,-0.434874866316302,0.7355175257653196,1.3607918862577495,2.8028274099470925
tng_mode_test10_PRISM_lens_BR_000009,5,4.906103929373664,1.0814069673352353,0.688968147914944,2.604083999024967,1.3359584760857877,0.36984615647667013,1.9594351701534503,0.6709951346198337,-1.3611094439800338,0.5311699900000756,0.3688269610013884,1.4401604171178692,0.023889735852089346,9.720179557800293,2407.508332547266,0.026744038484019714,9.93586540222168,1962.20440156122,0.014608144795819287,12.881708145141602,2613.103392831981,0.01526270282427263,15.415059089660645,3524.2622806658037,0.41375105710269927,0.08897198725977586,0.635809940468166,0.32477906984292343,0.7308412922456445,1.3749640205884939,2.8484261736552168
tng_mode_test10_PRISM_lens_SF_000000,6,3.0022748177444094,1.2588953920938861,0.8862961262115218,3.194008692799917,0.2717816994848003,0.21547437390748445,1.3050847396068805,0.4781022434938418,-2.1129576493190823,0.15214375151924173,0.07586283911990159,2.0055109100092836,0.03875291851073882,3.028144359588623,1050.765568901319,0.02973236028501941,2.07858943939209,844.192785780062,0.015644861116233633,4.46702241897583,1724.701493859291,0.016270564022304767,2.22469425201416,975.0100884144194,-0.08124181046406745,0.5380202649662629,0.15641868219269472,-0.6192620754303303,1.0893953812214971,1.332396757297169,2.8731330680166813
tng_mode_test10_PRISM_lens_SF_000001,6,3.6236186852543866,1.1875534679904471,0.8257643778292675,3.6274825719926214,0.17072641125099233,0.3141980451456307,1.7144116457262664,0.6088742185931758,-2.3196460824399874,0.1397029608160328,0.06950850061274927,2.0098687151137953,0.033763717477300274,6.898491859436035,1373.9004314937774,0.029242808612704386,4.271812915802002,963.8293830304174,0.01291046927118041,10.448877334594727,2000.7745700050145,0.015491145992863572,10.279745101928711,2315.1046366989613,0.5665384121196674,0.40810724728265324,0.9514261570772802,0.1584311648370142,1.1335021399290062,1.335231915344726,2.853683844408612
tng_mode_test10_PRISM_lens_SF_000003,2,2.1985674979436105,1.5678173753215228,0.514583630676777,1.9668446839303129,1.731872136053231,0.5557421091704418,2.871692229821606,0.6969385111828367,-0.7899404551315061,0.1108387904081173,0.047645895617477875,2.3263030103994615,0.028155231722862654,7.8436174392700195,1853.8802552785946,0.02344481909182872,11.641590118408203,2971.7449602843844,0.015038064393132891,16.564302444458008,4910.512948306277,0.01885350505382419,16.79026222229004,3765.964914975688,0.7694864765925424,1.0576129538140357,0.25716183698557266,-0.2881264772214932,0.9135125759916101,1.3691310784184625,2.756904922154711
tng_mode_test10_PRISM_lens_SF_000004,7,2.828269471641201,2.658755678447467,0.3940131007067377,2.063741921700945,1.7800399915986886,0.26292692843246795,1.6436074677673755,0.5187119519318614,-1.1828401151260919,0.23955613429941877,0.0767836506552632,3.1198846662677946,0.0323172689794326,3.960434675216675,1414.5640470003127,0.028772516624835633,7.429727554321289,2433.973396689631,0.02248089869283168,8.54742431640625,2988.7911940179765,0.023280344479655067,5.832824230194092,2780.2480275994167,0.7336523139882402,0.8121823981286782,0.14441928558433198,-0.07853008414043802,0.7278229813061167,1.3855947108904103,2.7219231395962242
tng_mode_test10_PRISM_lens_SF_000007,5,3.206665440040896,1.1923833758660964,0.9316778828403354,3.3590599564232875,0.682244861717439,0.28457995254274093,1.590414492872646,0.5842576411380697,-2.1036549080443026,0.201452863334916,0.0670621378754712,3.003973176473991,0.024885498222125865,3.96834659576416,926.7292386270892,0.040746444094645916,5.179867267608643,1217.2527557711583,0.014862094384827154,10.880451202392578,2380.664301114157,0.014836535561896881,4.474474906921387,1095.8992149492842,0.18204437611392651,1.0243632355541457,-0.11402537651611003,-0.8423188594402191,0.8504746713611939,1.3808004516263732,2.594367815837013
tng_mode_test10_particle_date_20260614_154007_PRISM_lens_BR_000000,5,3.720765293581884,0.7848991589994685,0.7467950915268899,2.662099190873532,1.3784534915695803,0.21622499336307188,1.3628969143764975,0.4824101117235285,-1.5329831255710191,0.9359616352564553,0.7362394881787477,1.271273342824581,0.03734296549922376,4.213165283203125,1672.2244104123092,0.028812224760033315,3.7378787994384766,1483.207998824655,0.015266827635718037,5.417954921722412,2534.6743426728062,0.015387093749206741,2.577298641204834,1621.7142090490088,-0.03330059220735628,0.451569024764231,0.09693065745334829,-0.4848696169715874,1.4929552686987486,1.3642072043587516,4.094557791322696
tng_mode_test10_particle_date_20260614_154007_PRISM_lens_BR_000003,4,3.3865229808599184,0.6448953217144329,0.775461441276147,3.383640369812903,0.18984859601948384,0.23775831974892592,1.4519114830326507,0.5415433845701401,-2.1354234954632187,1.291252795302143,0.48760228570647496,2.6481680524349445,0.04749882428741041,1.829582929611206,355.5727113750763,0.03021138448297039,1.9416171312332153,340.2724465468855,0.015482389163208233,2.670780658721924,620.5252952605952,0.015220841644964903,3.419053554534912,639.0676563079469,0.6365460368249549,0.6045776662170927,0.6843001361854434,0.031968370607862284,1.5011206728445696,1.3872066955316784,4.435433704406987
tng_mode_test10_particle_date_20260614_154007_PRISM_lens_GR_000002,4,2.842339886292658,0.5315108919735039,0.8960685645536013,3.2500779210619175,0.3715508022707693,0.20028813471052148,1.2838270497109872,0.5211940970036106,-2.0871898669879734,1.1476218351215015,0.36860857899136185,3.113388837182749,0.040466763998179424,1.4610342979431152,301.68848744779825,0.02717121094029451,1.8856018781661987,377.8355673458427,0.09161760350048245,3.0142738819122314,622.0760174095631,0.015282066534291198,3.378783941268921,487.07782288827,0.5200990463591872,0.7857118022058751,0.27573879650038297,-0.26561275584668803,1.2585616038751524,1.3728472420300761,4.176775762371161
tng_mode_test10_particle_date_20260614_154007_PRISM_lens_GR_000004,9,5.762665562627707,0.6622401111480709,0.850315751808551,2.8295739600516727,0.6539416351102071,0.19855770416200622,1.4336130844819777,0.40100872425842365,-1.8560178351313248,0.9388681525439345,0.43760269624105397,2.1454807308288566,0.031190801388760576,0.8780881762504578,212.93739458778873,0.021097961394715873,0.49825090169906616,166.47932462993776,0.015430755335175904,1.0567229986190796,277.7948969670106,0.018360300809789218,0.8872092366218567,322.9270471865311,0.45213121383988486,0.28868081914596383,0.7193602902141644,0.16345039469392109,1.2337524551972974,1.3529116390355462,4.3125056212107
tng_mode_test10_particle_date_20260614_154007_PRISM_lens_SF_000001,2,2.0709258975343343,1.9913423981859864,0.9236118309683696,1.6650517147373423,0.9469059749114387,0.42811697761541045,2.4077756065472844,0.42869499991111093,-0.8652117460207744,0.09803134945521406,0.07550700118768754,1.2983080762476293,0.02557320319597935,2.7134807109832764,1415.6333587883855,0.02274805307624838,1.9134207963943481,835.7276265450055,0.015251637579247274,4.093044757843018,2262.0131344525144,0.01370350177319535,1.6001226902008057,1293.5976981740678,-0.09787888482955157,0.5088608357346757,0.47433618823120866,-0.6067397205642273,1.5336637805607194,1.3921466560212823,4.439074146447785
tng_mode_test10_particle_date_20260614_154007_PRISM_lens_SF_000005,7,5.254076241256908,1.8919070860765475,0.6558004278192995,1.9673332924250881,1.566502553003809,0.5020674722097976,3.527843001498976,0.5109533295883176,-0.8495363680299837,1.0297879479612477,0.33754147693114983,3.05084861666141,0.023406329321612223,1.9236958026885986,1122.894108707158,0.02196970345664736,1.793328881263733,1166.7260106164322,0.015550568135361216,3.799515724182129,1346.2898149648972,0.015380740676373102,1.3959966897964478,746.9068728684215,-0.44268086891498903,0.19699939237578096,-0.4842560606510071,-0.6396802612907702,1.5743132117765415,1.3612778518003952,4.625700001839475
tng_mode_test10_particle_date_20260614_154007_PRISM_lens_SF_000006,2,1.6789876203852818,1.5887742412155184,0.9719362386082483,1.3951441681043486,0.2195067053096874,0.36274229767892147,2.047085002198342,0.3982990232875665,-0.821745460361072,0.08594857514905119,0.06423481098396383,1.3380373326000474,0.03036287047779854,1.2024956941604614,887.2962423629651,0.022353135267133933,1.0179443359375,524.8055170858643,0.01351198342303314,1.8047657012939453,1381.7690831543878,0.015609185914756683,1.3720539808273315,1081.2759457766078,0.2146697485067875,0.48091707218979085,0.7848453743763288,-0.26624732368300336,0.997654758170214,1.3358411262427048,4.548952936235
tng_mode_test10_particle_date_20260614_154007_PRISM_lens_SF_000007,3,1.9456625144506337,1.7758357882705984,0.8715992371024567,1.0217416252281775,0.16598201552812983,0.41629492672933616,2.3112977734103146,0.43022681594907813,-0.7571704498929244,0.20970693850598862,0.06744513414762789,3.1092967810986885,0.03317869494919529,0.9549746513366699,687.5167314248101,0.022377938424195876,0.6587480902671814,561.2076780682546,0.012236625501298823,2.3250014781951904,1960.988058846444,0.01286227133937469,0.868600070476532,982.0013004069915,0.387071978164003,1.137979193674393,0.6074711469360932,-0.75090721551039,1.231178398610669,1.385200450201286,4.296081330026099
tng_mode_test10_particle_date_20260614_154007_PRISM_lens_SF_000009,1,0.0,1.7916977479342875,0.885572334318998,1.9510856718715264,0.6733006812546893,0.36837240432275037,2.100568771093275,0.41366752753702785,-0.9245883322209061,,,,0.02559169219309985,1.4062893390655518,978.3869060333236,0.04098396261946229,3.40838623046875,1073.1594374764245,0.014288010645681878,4.210465908050537,1795.7821165528148,0.013807398104196606,2.2269630432128906,1310.9412477586302,0.31768149153018177,0.6593575261962432,0.2172974481681481,-0.3416760346660614,1.4474647102568117,1.396525657508363,4.456612378352732
tng_mode_test10_particle_date_20260614_154007_PRISM_lens_SF_epoch00_000008,1,0.0,1.8789408263796639,0.8654133925114564,1.3610221828676319,0.702752559622534,0.3559011026765773,2.002604160662948,0.4083144276135895,-0.8340476053508802,,,,0.02363951528718252,2.4334633350372314,1015.8479996074602,0.022063160760212683,2.709528684616089,1218.5717312492197,0.01156055416095008,3.5079808235168457,1539.0575372488238,0.015202437918666484,3.280276298522949,1767.3617296186276,0.6012417920861345,0.45106531596815214,0.40368586884278773,0.1501764761179823,1.2188157711983296,1.3561564605679277,4.426571192267827
tng_mode_test10_particle_date_20260614_154007_PRISM_lens_SF_epoch01_000008,3,2.5001736106353976,1.903107600034223,0.862303990909668,1.25255917766693,0.7092534408748281,0.35658217571392103,1.9911519332126795,0.4176820513611064,-0.8220745993868361,0.12627823135096483,0.05567586316097574,2.2680965176212236,0.023563214460766067,3.5885517597198486,1323.6129833068699,0.022078364741426323,3.2313308715820312,1468.2046404692665,0.011588957839723787,3.5736095905303955,1546.6639531814726,0.015137582323880256,3.6331946849823,1906.2539620276075,0.39604935211550185,0.16908736351387937,0.283485417395672,0.22696198860162264,1.2188157711983296,1.3561564605679277,4.426571192267827
tng_mode_test10_particle_date_20260614_154007_PRISM_lens_SF_epoch02_000008,2,2.2518647574162776,1.902640793545108,0.8635304908204675,1.2519323389476864,0.7017313870339679,0.3573852073824423,1.9949081645977653,0.4178276944182529,-0.8211770911753196,0.14253898123270703,0.04180686967866599,3.4094631415430885,0.023602858136571057,3.4386332035064697,1321.599403653061,0.022115735028225773,3.2684483528137207,1469.9792633033358,0.011636216085944694,4.155560493469238,1550.6221710573882,0.015190866370720818,3.3963003158569336,1905.2627978404053,0.3971376337469221,0.17351538821133913,0.28160919804969975,0.22362224553558308,1.2188157711983296,1.3561564605679277,4.426571192267827
tng_mode_test10_particle_date_20260614_154007_PRISM_lens_SF_epoch03_000008,1,0.0,1.903678466618987,0.8633107800779503,1.2548483318375245,0.691448730904088,0.35802417590686103,1.9978023114610386,0.41888536553980377,-0.8242582914394807,,,,0.023713910162327212,3.643397092819214,1318.6478837645845,0.02206426767549218,3.2112040519714355,1462.529098899071,0.011584196540427203,4.161566257476807,1555.9423653624253,0.015293910086935704,3.401899814605713,1905.8210460664704,0.39988319109907333,0.1796616596127782,0.28744400720934377,0.2202215314862952,1.2188157711983296,1.3561564605679277,4.426571192267827
